Alert_ID,Inference_Row_ID,Air_temperature_K,Process_temperature_K,Rotational_speed_rpm,Torque_Nm,Air_temperature_K_rolling_mean,Air_temperature_K_rolling_std,Air_temperature_K_rolling_min,Air_temperature_K_rolling_max,Air_temperature_K_change,Process_temperature_K_rolling_mean,Process_temperature_K_rolling_std,Process_temperature_K_rolling_min,Process_temperature_K_rolling_max,Process_temperature_K_change,Rotational_speed_rpm_rolling_mean,Rotational_speed_rpm_rolling_std,Rotational_speed_rpm_rolling_min,Rotational_speed_rpm_rolling_max,Rotational_speed_rpm_change,Torque_Nm_rolling_mean,Torque_Nm_rolling_std,Torque_Nm_rolling_min,Torque_Nm_rolling_max,Torque_Nm_change,temperature_difference,power_consumption,load_signal,ambient_temperature,load_density,humidity,maintenance_due,shift_Morning,shift_Night,ambient_difference,load_stress,load_density_interaction,temperature_humidity_interaction,torque_speed_ratio,maintenance_load_interaction,rpm_std_10,torque_std_10,load_density_mean_10,Type_L,Type_M,Machine_Status_Code,Predicted_Status_Code,Critical_Class_Probability,Critical_Alert,Prediction_Status,Probability_Class_0,Probability_Class_1,Probability_Class_2,Alert_Level,Recommended_Action
1,1915,298.0,308.7,1268.0,69.4,298.08,0.1135292424393007,297.9,298.2,0.1000000000000227,308.85,0.2013840995647232,308.5,309.1,0.1999999999999886,1441.7,131.40019448657966,1268.0,1723.0,-115.0,46.73,11.496284423915188,26.6,69.4,24.800000000000004,10.699999999999989,9215.254674725966,87999.20000000001,298.0,0.6940000000000001,37.66700815025918,0.0,0.0,0.0,0.0,87999.20000000001,48.16360000000001,11627.805415985007,0.054731861198695,0.0,131.40019448657966,11.496284423915188,0.4673,1.0,0.0,2,2,0.9976277935420703,True,CRITICAL,0.0018951001180184275,0.00047710633991129636,0.9976277935420703,CRITICAL,Schedule immediate inspection and preventive maintenance
2,1379,302.6,311.0,1284.0,68.0,302.58000000000004,0.0421637021419331,302.5,302.6,0.0,310.99,0.0567646212772419,310.9,311.1,0.0,1432.9,119.68426054507653,1284.0,1660.0,-45.0,49.37,10.893122192976165,35.5,68.0,19.4,8.399999999999977,9143.291259007734,87312.0,302.6,0.68,75.85636410850725,0.0,1.0,0.0,0.0,87312.0,46.24,23591.329237745755,0.0529595015575911,0.0,119.68426054507653,10.893122192976165,0.4937,1.0,0.0,2,2,0.9967750936835028,True,CRITICAL,0.0026310270481889344,0.000593879268308265,0.9967750936835028,CRITICAL,Schedule immediate inspection and preventive maintenance
3,66,298.8,310.1,1243.0,74.5,298.95,0.0707106781125382,298.8,299.0,-0.0999999999999659,310.23,0.0948683298332963,310.1,310.3,0.0,1492.4,183.82914773113544,1243.0,1929.0,-118.0,45.29,13.669711043032326,24.4,74.5,22.8,11.300000000000011,9697.415843223414,92603.5,298.8,0.745,82.25942898797723,0.0,0.0,1.0,0.0,92603.5,55.5025,25508.64892917174,0.059935639581609,0.0,183.82914773113544,13.669711043032326,0.4528999999999999,0.0,1.0,2,2,0.9966015663619048,True,CRITICAL,0.0008168046186575602,0.002581629019437726,0.9966015663619048,CRITICAL,Schedule immediate inspection and preventive maintenance
4,1581,298.7,310.1,1402.0,69.7,298.72,0.0421637022400484,298.7,298.8,0.0,310.1,0.047140452206749,310.0,310.2,0.0,1525.6,98.25047356402176,1380.0,1644.0,-147.0,42.81,11.349248629069765,31.1,69.7,27.200000000000003,11.400000000000034,10233.151638440082,97719.4,298.7,0.6970000000000001,71.36767585379798,0.0,1.0,0.0,0.0,97719.4,48.58090000000001,22131.11628226276,0.0497146932952569,0.0,98.25047356402176,11.349248629069765,0.4281,0.0,1.0,2,2,0.9841023593690058,True,CRITICAL,0.014827969698623194,0.0010696709323709563,0.9841023593690058,CRITICAL,Schedule immediate inspection and preventive maintenance
5,1979,302.8,310.9,1312.0,52.2,302.77,0.0674948557783889,302.7,302.9,0.0,310.8,0.0666666667123845,310.7,310.9,0.0,1513.2,202.2214407799281,1275.0,1977.0,-324.0,42.290000000000006,11.871202316717728,20.0,57.7,17.200000000000003,8.099999999999966,7171.879037027067,68486.40000000001,302.8,0.522,44.19228634446489,0.0,0.0,0.0,0.0,68486.40000000001,27.248400000000004,13739.381824494134,0.0397865853658233,0.0,202.2214407799281,11.871202316717728,0.4229,1.0,0.0,2,2,0.9836916249437186,True,CRITICAL,0.013693586088485086,0.002614788967796186,0.9836916249437186,CRITICAL,Schedule immediate inspection and preventive maintenance
6,65,302.6,310.9,1331.0,52.0,302.63,0.0483045891599373,302.6,302.7,0.0,311.01,0.0567646212778062,310.9,311.1,-0.1000000000000227,1591.2,190.0185955812369,1331.0,2001.0,-279.0,36.6,8.652552609875743,20.7,52.0,12.799999999999995,8.299999999999955,7247.863691341891,69212.0,302.6,0.52,60.00740415821997,0.0,0.0,0.0,0.0,69212.0,27.04,18656.30195279059,0.0390683696468526,0.0,190.0185955812369,8.652552609875743,0.366,1.0,0.0,2,2,0.9832774567571712,True,CRITICAL,0.0050628040972030205,0.011659739145625792,0.9832774567571712,CRITICAL,Schedule immediate inspection and preventive maintenance
7,965,302.4,310.2,1351.0,45.1,302.43999999999994,0.0516397779550384,302.4,302.5,0.0,310.36,0.1264911064246621,310.2,310.5,0.0,1475.6,94.31177609986068,1351.0,1633.0,-152.0,40.64,6.756757933933846,28.0,52.5,8.899999999999999,7.800000000000011,6380.585151416381,60930.1,302.4,0.451,65.5765797307387,0.0,0.0,0.0,0.0,60930.1,20.3401,20341.855032475145,0.0333826794966444,0.0,94.31177609986068,6.756757933933846,0.4064,1.0,0.0,2,2,0.9822867893738951,True,CRITICAL,0.005346252437339767,0.012366958188765051,0.9822867893738951,CRITICAL,Schedule immediate inspection and preventive maintenance
8,1173,300.7,310.9,1356.0,65.3,300.73,0.0483045892009015,300.7,300.8,0.0,310.84000000000003,0.0699205899490559,310.7,310.9,0.0,1509.8,137.50700992231816,1356.0,1814.0,-13.0,40.92,11.787450954298832,21.4,65.3,14.099999999999994,10.199999999999989,9272.599212629488,88546.8,300.7,0.653,75.45092711333487,0.0,1.0,0.0,0.0,88546.8,42.6409,23457.69323953581,0.0481563421828553,0.0,137.50700992231816,11.787450954298832,0.4091999999999999,1.0,0.0,2,2,0.9822077547720792,True,CRITICAL,0.015263562181927717,0.002528683045993106,0.9822077547720792,CRITICAL,Schedule immediate inspection and preventive maintenance
9,627,302.7,310.6,1349.0,51.2,302.61,0.0737864787425557,302.5,302.7,0.0,310.52000000000004,0.0632455532437286,310.4,310.6,0.0,1567.0,158.80945955591875,1349.0,1880.0,-341.0,37.64,10.2907941600464,22.7,53.6,24.500000000000004,7.900000000000034,7232.867822408758,69068.8,302.7,0.512,59.92846084817776,0.0,0.0,0.0,0.0,69068.8,26.2144,18613.77993944401,0.0379540400296234,0.0,158.80945955591875,10.2907941600464,0.3763999999999999,0.0,1.0,2,2,0.9804238511635076,True,CRITICAL,0.0120748891834786,0.007501259653013871,0.9804238511635076,CRITICAL,Schedule immediate inspection and preventive maintenance
10,578,302.0,310.4,1357.0,58.0,301.98,0.0632455532058656,301.9,302.1,0.0,310.58,0.091893658375941,310.4,310.7,-0.1000000000000227,1519.2,201.3652292615457,1294.0,1978.0,-621.0,44.97,14.227598376238864,22.0,68.6,36.0,8.399999999999977,8242.073046447942,78706.0,302.0,0.58,44.35893044942451,0.0,0.0,0.0,0.0,78706.0,33.64,13769.012011501369,0.0427413411937783,0.0,201.3652292615457,14.227598376238864,0.4497,1.0,0.0,2,2,0.980329217129817,True,CRITICAL,0.014197903460118481,0.005472879410064515,0.980329217129817,CRITICAL,Schedule immediate inspection and preventive maintenance
11,1694,302.7,310.7,1369.0,47.5,302.64,0.0699205898838673,302.5,302.7,0.0,310.56000000000006,0.0699205899155009,310.5,310.7,0.0999999999999659,1576.3,170.91001531019717,1349.0,1880.0,-317.0,35.94,9.9727629070384,22.7,51.2,21.2,8.0,6809.663876043676,65027.5,302.7,0.475,67.9745085543826,0.0,0.0,1.0,0.0,65027.5,22.5625,21119.67980784667,0.034696859021158,0.0,170.91001531019717,9.9727629070384,0.3594,1.0,0.0,2,2,0.9800196349775897,True,CRITICAL,0.013402930341303762,0.006577434681106534,0.9800196349775897,CRITICAL,Schedule immediate inspection and preventive maintenance
12,1429,302.6,311.0,1369.0,60.0,302.43999999999994,0.1173787790794807,302.3,302.6,0.0,311.0,0.0666666667158668,310.9,311.1,0.0,1513.9,145.92041209736882,1369.0,1905.0,-168.0,41.010000000000005,10.310560928808243,20.9,60.0,24.5,8.399999999999977,8601.680685528854,82140.0,302.6,0.6,72.66182071543804,0.0,1.0,0.0,0.0,82140.0,36.0,22597.82624250123,0.0438276113951469,0.0,145.92041209736882,10.310560928808243,0.4101,1.0,0.0,2,2,0.9792797431915092,True,CRITICAL,0.01768160914096388,0.0030386476675269038,0.9792797431915092,CRITICAL,Schedule immediate inspection and preventive maintenance
13,5,301.1,310.4,1312.0,73.6,301.1,0.0471404521223474,301.0,301.2,0.0,310.15,0.1433720878151102,310.0,310.4,0.0,1549.6,216.20062699055603,1212.0,1874.0,-562.0,42.55,16.691132043360252,24.8,73.6,48.8,9.299999999999956,10112.074657570727,96563.2,301.1,0.736,66.59664814257222,0.0,0.0,1.0,0.0,96563.2,54.1696,20671.599583454416,0.0560975609755669,0.0,216.20062699055603,16.691132043360252,0.4254999999999999,1.0,0.0,2,2,0.9787628598069145,True,CRITICAL,0.01985897470002189,0.0013781654930635626,0.9787628598069145,CRITICAL,Schedule immediate inspection and preventive maintenance
14,1481,302.1,310.1,1379.0,48.2,302.02,0.0632455532058785,301.9,302.1,0.0,309.88,0.1475729574838482,309.7,310.1,0.0,1466.1,114.09201939175432,1280.0,1649.0,-164.0,46.12,11.251943042080391,31.0,62.7,12.400000000000006,8.0,6960.491739342522,66467.8,302.1,0.482,74.50547561335472,0.0,0.0,0.0,0.0,66467.8,23.2324,23104.1479877013,0.0349528643944634,0.0,114.09201939175432,11.251943042080391,0.4612,0.0,1.0,2,2,0.9703616816772167,True,CRITICAL,0.0033768976795865717,0.026261420643196608,0.9703616816772167,CRITICAL,Schedule immediate inspection and preventive maintenance
15,879,302.4,310.3,1375.0,52.5,302.45,0.0527046276750713,302.4,302.5,-0.1000000000000227,310.43,0.0674948558064136,310.3,310.5,-0.0999999999999659,1478.0,69.76627647604865,1372.0,1586.0,-47.0,41.66,4.847725698143873,34.3,52.5,10.6,7.900000000000034,7559.457322700439,72187.5,302.4,0.525,59.39788198953744,0.0,1.0,0.0,0.0,72187.5,27.5625,18431.16278135347,0.0381818181817904,0.0,69.76627647604865,4.847725698143873,0.4165999999999999,0.0,1.0,2,2,0.9678876504116816,True,CRITICAL,0.005243663860345556,0.026868685727972855,0.9678876504116816,CRITICAL,Schedule immediate inspection and preventive maintenance
16,71,301.9,310.4,1373.0,48.0,301.83,0.082327260237067,301.7,301.9,0.0,310.27000000000004,0.1251665557212636,310.1,310.4,0.0,1556.5,183.8092308164433,1373.0,1972.0,-237.0,39.14,9.11350646019416,21.3,50.2,13.200000000000005,8.5,6901.450741406056,65904.0,301.9,0.48,78.64366428835629,0.0,1.0,0.0,0.0,65904.0,23.04,24410.99339510579,0.0349599417334049,0.0,183.8092308164433,9.11350646019416,0.3913999999999999,0.0,1.0,2,2,0.9673538323709023,True,CRITICAL,0.014185045742412422,0.018461121886685205,0.9673538323709023,CRITICAL,Schedule immediate inspection and preventive maintenance
17,891,303.2,311.5,1336.0,58.2,303.28000000000003,0.0788810637867966,303.2,303.4,0.0,311.61,0.1100504935033789,311.5,311.8,0.0,1444.4,97.7811615576059,1301.0,1544.0,-177.0,44.96,8.54793022380915,35.5,61.0,20.300000000000004,8.300000000000011,8142.505503280171,77755.2,303.2,0.5820000000000001,79.40401911294026,0.0,1.0,0.0,0.0,77755.2,33.872400000000006,24734.351953680893,0.0435628742514644,0.0,97.7811615576059,8.54793022380915,0.4496,0.0,1.0,2,2,0.9673425233609214,True,CRITICAL,0.015458245372112123,0.01719923126696644,0.9673425233609214,CRITICAL,Schedule immediate inspection and preventive maintenance
18,1336,303.4,311.4,1307.0,54.0,303.22,0.1135292424471391,303.1,303.4,0.0999999999999659,311.25,0.07071067817364,311.2,311.4,0.0999999999999659,1508.0,131.39338728498123,1307.0,1679.0,-259.0,42.45,8.470373204423868,31.7,54.0,7.899999999999999,8.0,7390.910876835347,70578.0,303.4,0.54,61.923798833135294,0.0,0.0,0.0,0.0,70578.0,29.160000000000004,19283.07095663833,0.0413159908186371,0.0,131.39338728498123,8.470373204423868,0.4245,0.0,1.0,2,2,0.9644131479136927,True,CRITICAL,0.026785204719600223,0.00880164736670716,0.9644131479136927,CRITICAL,Schedule immediate inspection and preventive maintenance
19,1559,295.8,306.3,1235.0,76.2,295.78,0.0918936583504246,295.6,295.9,0.0,306.33000000000004,0.0674948557691968,306.2,306.4,0.0,1534.1,239.0357713816069,1235.0,1915.0,-102.0,42.23,17.188888529770846,21.7,76.2,21.6,10.5,9854.861995045823,94107.0,295.8,0.762,53.72680762255206,0.0,1.0,0.0,0.0,94107.0,58.064400000000006,16456.521174787697,0.0617004048582496,0.0,239.0357713816069,17.188888529770846,0.4223,0.0,1.0,2,2,0.9643161276756592,True,CRITICAL,0.03470093714534808,0.0009829351789926778,0.9643161276756592,CRITICAL,Schedule immediate inspection and preventive maintenance
20,1864,303.5,312.0,1366.0,54.5,303.44,0.0699205898944909,303.3,303.5,0.0,311.88,0.0788810638412226,311.8,312.0,0.0,1608.3,258.48191426093666,1366.0,2268.0,-390.0,38.95,12.330202305270156,15.8,58.9,24.8,8.5,7796.071609393311,74447.0,303.5,0.545,60.95458651698641,0.0,0.0,0.0,0.0,74447.0,29.7025,19017.83099329976,0.0398975109809371,0.0,258.48191426093666,12.330202305270156,0.3894999999999999,1.0,0.0,2,2,0.9639979917668696,True,CRITICAL,0.027616353258674307,0.008385654974455998,0.9639979917668696,CRITICAL,Schedule immediate inspection and preventive maintenance
21,290,300.7,310.2,1364.0,65.3,300.83000000000004,0.0948683298280191,300.7,301.0,-0.1000000000000227,310.47,0.1702938636855689,310.2,310.7,-0.1000000000000227,1519.5,158.1154641393392,1330.0,1894.0,-162.0,41.78,12.935893217452495,21.9,65.3,29.0,9.5,9327.304812704,89069.2,300.7,0.653,47.31328619903928,0.0,1.0,0.0,0.0,89069.2,42.6409,14676.581378941984,0.04787390029322,0.0,158.1154641393392,12.935893217452495,0.4178,0.0,0.0,2,2,0.9606793943206923,True,CRITICAL,0.0312025446025779,0.008118061076729828,0.9606793943206923,CRITICAL,Schedule immediate inspection and preventive maintenance
22,1940,302.2,310.1,1368.0,51.6,301.95,0.1779513042012264,301.7,302.2,0.0,309.78000000000003,0.2250925735538436,309.5,310.1,0.0,1480.4,140.74263351553566,1298.0,1719.0,-53.0,43.37,10.497412379566038,27.2,65.5,6.200000000000003,7.900000000000034,7392.04185019064,70588.8,302.2,0.516,76.68037793441201,0.0,0.0,0.0,0.0,70588.8,26.6256,23778.585197461165,0.0377192982455864,0.0,140.74263351553566,10.497412379566038,0.4337,0.0,1.0,2,2,0.9592144466164978,True,CRITICAL,0.02689314445071633,0.013892408932785894,0.9592144466164978,CRITICAL,Schedule immediate inspection and preventive maintenance
23,1466,302.3,310.9,1366.0,48.4,302.31000000000006,0.0567646212221405,302.2,302.4,0.0,310.86,0.0843274043075586,310.7,311.0,0.0999999999999659,1513.0,122.4735799173706,1366.0,1762.0,-396.0,39.6,7.342115952957074,27.8,48.9,20.6,8.599999999999966,6923.483777883233,66114.4,302.3,0.484,58.43667634107301,1.0,1.0,0.0,0.0,66114.4,23.4256,18167.9626744396,0.0354319180087588,0.484,122.4735799173706,7.342115952957074,0.396,0.0,0.0,2,2,0.9571751603329253,True,CRITICAL,0.02177876310496336,0.021046076562111486,0.9571751603329253,CRITICAL,Schedule immediate inspection and preventive maintenance
24,1922,301.9,309.9,1374.0,48.5,302.18,0.2250925735491276,301.9,302.6,-0.1000000000000227,310.29,0.2923088169191286,309.9,310.8,-0.1000000000000227,1535.9,172.893319709002,1361.0,1832.0,-458.0,38.510000000000005,9.573046653089223,22.9,50.4,25.6,8.0,6978.419761419008,66639.0,301.9,0.485,69.46700578163022,0.0,1.0,0.0,0.0,66639.0,23.5225,21527.825091727205,0.035298398835491,0.0,172.893319709002,9.573046653089223,0.3850999999999999,1.0,0.0,2,2,0.9559748897897655,True,CRITICAL,0.016520725480127375,0.027504384730107183,0.9559748897897655,CRITICAL,Schedule immediate inspection and preventive maintenance
25,329,301.6,310.6,1222.0,70.0,301.52,0.0421637021752329,301.5,301.6,0.1000000000000227,310.51,0.0875595036334288,310.4,310.6,0.1000000000000227,1518.0,128.48951535263092,1222.0,1691.0,-365.0,41.28,11.28979873848753,30.1,70.0,36.2,9.0,8957.727852935697,85540.0,301.6,0.7,46.6064301051553,0.0,1.0,0.0,0.0,85540.0,49.0,14475.957190661236,0.0572831423894784,0.0,128.48951535263092,11.28979873848753,0.4127999999999999,1.0,0.0,0,2,0.9554539913130908,True,CRITICAL,0.041404317042330926,0.0031416916445783025,0.9554539913130908,CRITICAL,Schedule immediate inspection and preventive maintenance
26,929,299.2,308.6,1267.0,68.2,299.08000000000004,0.0788810637747362,298.9,299.2,0.0999999999999659,308.39,0.1286683937705022,308.2,308.6,0.1000000000000227,1514.5,173.50520325210744,1267.0,1693.0,-380.0,41.99,12.913339356391663,30.4,68.2,33.2,9.400000000000034,9048.77120803673,86409.40000000001,299.2,0.682,41.05692869244508,1.0,0.0,0.0,0.0,86409.40000000001,46.51240000000001,12670.168194488551,0.0538279400157428,0.682,173.50520325210744,12.913339356391663,0.4199,1.0,0.0,2,2,0.9515312796161026,True,CRITICAL,0.0462329685003718,0.002235751883525606,0.9515312796161026,CRITICAL,Schedule immediate inspection and preventive maintenance
27,1836,300.3,311.2,1381.0,65.2,300.33000000000004,0.048304589202723,300.3,300.4,-0.0999999999999659,311.29,0.1370320319794958,311.1,311.5,0.0,1462.1,177.9877960860096,1332.0,1831.0,-450.0,47.96,14.236354090067127,23.4,65.2,41.8,10.899999999999975,9429.09241468031,90041.2,300.3,0.652,71.47519132146918,0.0,0.0,0.0,0.0,90041.2,42.5104,22243.079539241207,0.047212165097721,0.0,177.9877960860096,14.236354090067127,0.4795999999999999,0.0,1.0,2,2,0.9433226245234634,True,CRITICAL,0.0406760307596176,0.01600134471691891,0.9433226245234634,CRITICAL,Schedule immediate inspection and preventive maintenance
28,1209,297.4,308.7,2874.0,4.2,297.37,0.0483045891545673,297.3,297.4,0.0,308.66,0.0516397779537306,308.6,308.7,0.0,1575.3,460.3773934984695,1276.0,2874.0,1441.0,41.99,14.370993161380484,4.2,57.4,-39.2,11.300000000000011,1264.0512200983892,12070.8,297.4,0.042,80.57270017274197,0.0,0.0,0.0,0.0,12070.8,0.1764,24872.79254332545,0.0014613778705631,0.0,460.3773934984695,14.370993161380484,0.4199,1.0,0.0,2,2,0.9414788173456139,True,CRITICAL,0.0001395255273019878,0.05838165712708414,0.9414788173456139,CRITICAL,Schedule immediate inspection and preventive maintenance
29,95,301.5,310.9,2760.0,8.0,301.45,0.0527046276746891,301.4,301.5,0.0,310.66,0.1173787791018885,310.5,310.9,0.0999999999999659,1676.8,404.2438208144501,1350.0,2760.0,1410.0,36.92,13.680058479407178,8.0,58.5,-50.5,9.399999999999975,2312.212193042088,22080.0,301.5,0.08,58.82416039276352,0.0,0.0,0.0,0.0,22080.0,0.64,18288.43146611017,0.0028985507246366,0.0,404.2438208144501,13.680058479407178,0.3692,1.0,0.0,2,2,0.939879776742663,True,CRITICAL,0.00011314360619343156,0.06000707965114349,0.939879776742663,CRITICAL,Schedule immediate inspection and preventive maintenance
30,1607,302.7,310.4,1305.0,55.2,302.66,0.0843274042761716,302.5,302.8,0.0999999999999659,310.42,0.1475729574904949,310.2,310.6,0.1999999999999886,1540.3,178.8071897634708,1305.0,1923.0,-618.0,39.510000000000005,10.50422666252867,21.5,55.2,33.7,7.699999999999989,7543.592279799812,72036.0,302.7,0.552,39.02582792957559,1.0,1.0,0.0,0.0,72036.0,30.470400000000005,12113.616989340262,0.0422988505746802,0.552,178.8071897634708,10.50422666252867,0.3951,0.0,0.0,2,2,0.9374235855084478,True,CRITICAL,0.05529508348819096,0.007281331003361197,0.9374235855084478,CRITICAL,Schedule immediate inspection and preventive maintenance
31,718,303.6,312.2,1371.0,54.6,303.56000000000006,0.0516397779742102,303.5,303.6,0.1000000000000227,312.02000000000004,0.1135292424881794,311.9,312.2,0.0,1563.0,185.49513320958843,1344.0,1827.0,-447.0,37.42999999999999,11.209921201031454,23.3,54.6,31.0,8.599999999999966,7838.964821090324,74856.6,303.6,0.546,58.985008126677286,0.0,1.0,0.0,0.0,74856.6,29.8116,18415.119537148646,0.0398249452953757,0.0,185.49513320958843,11.209921201031454,0.3742999999999999,0.0,0.0,2,2,0.9347140185801349,True,CRITICAL,0.05158596939834014,0.013700012021524946,0.9347140185801349,CRITICAL,Schedule immediate inspection and preventive maintenance
32,1093,302.7,311.1,1297.0,60.7,302.58000000000004,0.063245553207601,302.5,302.7,0.0999999999999659,310.99,0.0567646212772419,310.9,311.1,0.1000000000000227,1426.1,137.65694073795513,1284.0,1660.0,-292.0,50.370000000000005,10.783531682874314,33.9,68.0,21.700000000000003,8.400000000000034,8244.366409085063,78727.90000000001,302.7,0.607,42.583348017881015,1.0,1.0,0.0,0.0,78727.90000000001,36.8449,13247.679568362784,0.0468003084039731,0.607,137.65694073795513,10.783531682874314,0.5037,0.0,1.0,2,2,0.9232368497612347,True,CRITICAL,0.06414858408292759,0.012614566155837857,0.9232368497612347,CRITICAL,Schedule immediate inspection and preventive maintenance
33,1730,302.6,310.2,1325.0,62.4,302.62,0.0421637021446183,302.6,302.7,0.0,310.36,0.1264911064245049,310.2,310.5,0.0,1629.5,399.7138559853349,1325.0,2676.0,-548.0,40.31,16.84613044918955,10.8,66.8,41.1,7.599999999999966,8658.22935329347,82680.0,302.6,0.624,61.91697451750081,0.0,0.0,1.0,0.0,82680.0,38.9376,19206.64549532875,0.0470943396226059,0.0,399.7138559853349,16.84613044918955,0.4030999999999999,1.0,0.0,2,2,0.879178699374937,True,CRITICAL,0.11446870483190029,0.00635259579316271,0.879178699374937,CRITICAL,Schedule immediate inspection and preventive maintenance
34,17,299.5,310.8,1873.0,22.3,299.65,0.0849836585982364,299.5,299.8,-0.1000000000000227,310.95,0.0971825316393234,310.8,311.1,-0.0999999999999659,1683.8,272.3395756118492,1229.0,2144.0,644.0,34.47,14.406715255201291,17.7,65.2,-42.900000000000006,11.300000000000011,4373.924259862438,41767.9,299.5,0.223,47.01613842459334,0.0,1.0,0.0,0.0,41767.9,4.9729,14612.615822363612,0.011906033101969,0.0,272.3395756118492,14.406715255201291,0.3446999999999999,1.0,0.0,2,2,0.8602011539468694,True,CRITICAL,6.489755637410687e-05,0.13973394849675658,0.8602011539468694,CRITICAL,Schedule immediate inspection and preventive maintenance
35,607,298.9,309.1,2861.0,4.6,298.81,0.0567646212203686,298.7,298.9,0.0,309.12,0.0632455532042776,309.0,309.2,-0.0999999999999659,1602.8,463.8631982240741,1368.0,2861.0,1449.0,41.97,15.18940054409287,4.6,53.9,-39.5,10.200000000000044,1378.1748092277942,13160.6,298.9,0.046,75.49565601530452,0.0,0.0,1.0,0.0,13160.6,0.2115999999999999,23335.707274330627,0.0016078294302685,0.0,463.8631982240741,15.18940054409287,0.4196999999999999,1.0,0.0,2,2,0.854655925597661,True,CRITICAL,0.00018284242826553397,0.1451612319740735,0.854655925597661,CRITICAL,Schedule immediate inspection and preventive maintenance
36,1124,299.7,311.0,1983.0,21.0,299.7,0.0666666667147107,299.6,299.8,0.0999999999999659,311.06,0.1074967700299526,310.9,311.2,0.1000000000000227,1703.8,234.83223325977903,1448.0,2144.0,453.0,33.620000000000005,10.975204376735636,17.7,47.3,-17.799999999999997,11.300000000000011,4360.844762447992,41643.0,299.7,0.21,80.6961099533152,0.0,1.0,0.0,0.0,41643.0,4.41,25096.490195481027,0.0105900151285877,0.0,234.83223325977903,10.975204376735636,0.3361999999999999,1.0,0.0,2,2,0.8373267449642808,True,CRITICAL,3.296805893457272e-05,0.16264028697678456,0.8373267449642808,CRITICAL,Schedule immediate inspection and preventive maintenance
37,1009,300.5,311.2,1270.0,67.5,300.42999999999995,0.0483045891998615,300.4,300.5,0.0,311.11,0.0737864788094661,311.0,311.2,0.0,1522.8,230.7282191477886,1270.0,2013.0,-281.0,43.53,15.16245729132016,20.1,67.5,30.9,10.699999999999989,8977.101007632833,85725.0,300.5,0.675,42.94188476910078,0.0,0.0,1.0,0.0,85725.0,45.5625,13363.514540144162,0.0531496062991707,0.0,230.7282191477886,15.16245729132016,0.4352999999999999,1.0,0.0,2,2,0.8264057147068631,True,CRITICAL,0.15217319585254355,0.021421089440593375,0.8264057147068631,CRITICAL,Schedule immediate inspection and preventive maintenance
38,692,298.3,308.0,2886.0,3.8,298.48,0.1135292424391343,298.3,298.6,0.0,308.1,0.0942809041633447,308.0,308.2,0.0,1660.3,441.4949477501291,1325.0,2886.0,1333.0,35.71,13.705104482961422,3.8,54.0,-37.2,9.699999999999989,1148.4406104462846,10966.8,298.3,0.038,68.32692276488444,0.0,0.0,0.0,0.0,10966.8,0.1444,21044.69221158441,0.0013167013167008,0.0,441.4949477501291,13.705104482961422,0.3571,1.0,0.0,2,2,0.8008821271787411,True,CRITICAL,0.0003119305149634773,0.19880594230629542,0.8008821271787411,CRITICAL,Schedule immediate inspection and preventive maintenance
39,1289,303.7,312.1,1363.0,51.8,303.42,0.131656117729482,303.3,303.7,0.1999999999999886,311.9,0.1154700538837769,311.8,312.1,0.1000000000000227,1488.8,147.84361106700663,1316.0,1842.0,-78.0,44.06,10.47316146686902,24.5,56.8,-5.0,8.400000000000034,7393.570758615387,70603.4,303.7,0.518,71.49370063213203,1.0,1.0,0.0,0.0,70603.4,26.8324,22313.18396728841,0.0380044020542641,0.518,147.84361106700663,10.47316146686902,0.4406,1.0,0.0,2,2,0.7999029491438246,True,CRITICAL,0.18767596035029208,0.012421090505883234,0.7999029491438246,CRITICAL,Schedule immediate inspection and preventive maintenance
40,1792,300.5,310.5,1409.0,60.9,300.48,0.1032795559221436,300.3,300.6,0.0,310.45,0.0707106781820725,310.3,310.5,0.1000000000000227,1492.8,115.12582488544548,1336.0,1702.0,-293.0,44.83,9.56870477709026,33.1,60.9,27.8,10.0,8985.803219283278,85808.09999999999,300.5,0.609,78.87991865807095,0.0,1.0,0.0,0.0,85808.09999999999,37.0881,24492.21474333103,0.0432221433640573,0.0,115.12582488544548,9.56870477709026,0.4483,1.0,0.0,0,2,0.7964849487332402,True,CRITICAL,0.13376087034832265,0.06975418091843719,0.7964849487332402,CRITICAL,Schedule immediate inspection and preventive maintenance
41,912,298.2,308.3,2216.0,16.8,298.3,0.1154700538377229,298.2,298.5,0.0,308.47,0.1766981104128746,308.3,308.8,-0.0999999999999659,1543.8,249.765578982462,1332.0,2216.0,828.0,40.63,12.095366422266371,16.8,59.1,-37.0,10.100000000000025,3898.59081939879,37228.8,298.2,0.168,78.4884284006963,0.0,0.0,1.0,0.0,37228.8,2.8224000000000005,24197.982475934667,0.0075812274368196,0.0,249.765578982462,12.095366422266371,0.4063,1.0,0.0,1,2,0.7689584006126764,True,CRITICAL,0.00011046032594288294,0.23093113906138063,0.7689584006126764,CRITICAL,Schedule immediate inspection and preventive maintenance
42,832,297.0,308.1,2540.0,13.3,296.93999999999994,0.0699205898780333,296.8,297.0,0.0,308.05,0.0527046276843397,308.0,308.1,0.0,1566.5,357.7743702391214,1318.0,2540.0,1051.0,43.07,13.020244920038072,13.3,55.9,-30.8,11.100000000000025,3537.642767452346,33782.0,297.0,0.133,54.18869651778119,0.0,0.0,1.0,0.0,33782.0,1.7689,16695.537397128384,0.0052362204724388,0.0,357.7743702391214,13.020244920038072,0.4307,0.0,0.0,1,2,0.767491856863896,True,CRITICAL,0.00018588069540820292,0.2323222624406957,0.767491856863896,CRITICAL,Schedule immediate inspection and preventive maintenance
43,660,303.8,312.5,2344.0,15.2,303.77,0.0483045891844075,303.7,303.8,0.0,312.63,0.0948683298771333,312.5,312.7,0.0,1642.1,300.51343101801604,1366.0,2344.0,978.0,35.49,13.240883656312402,15.2,53.9,-29.9,8.699999999999989,3731.0392112073337,35628.8,303.8,0.152,79.45210588450806,0.0,1.0,0.0,0.0,35628.8,2.3104,24828.783088908767,0.0064846416382224,0.0,300.51343101801604,13.240883656312402,0.3549,0.0,1.0,1,2,0.7574393688941827,True,CRITICAL,7.772878003192248e-05,0.24248290232578537,0.7574393688941827,CRITICAL,Schedule immediate inspection and preventive maintenance
44,1000,300.7,311.1,2377.0,14.3,300.72,0.0788810638050074,300.6,300.9,0.0999999999999659,311.03000000000003,0.0823272603019975,310.9,311.2,0.2000000000000454,1562.3,319.2386950926267,1318.0,2377.0,1033.0,39.79,12.077844730469645,14.3,51.6,-32.400000000000006,10.400000000000034,3559.539668247867,33991.1,300.7,0.143,80.17914926508209,1.0,0.0,1.0,0.0,33991.1,2.0449,24943.73333636704,0.0060159865376499,0.143,319.2386950926267,12.077844730469645,0.3979,1.0,0.0,1,2,0.7393665353365543,True,CRITICAL,0.00015049648254745386,0.2604829681808983,0.7393665353365543,CRITICAL,Schedule immediate inspection and preventive maintenance
45,587,300.9,310.0,2595.0,13.7,300.78,0.122927259449246,300.6,300.9,0.0,309.9,0.1054092553783456,309.7,310.0,0.0,1712.4,378.8181035214044,1312.0,2595.0,995.0,35.2,15.75464658089453,13.7,65.3,-22.3,9.100000000000025,3722.944374136584,35551.5,300.9,0.1369999999999999,65.60235398288778,0.0,0.0,0.0,0.0,35551.5,1.8768999999999985,20336.72973469521,0.0052793834296704,0.0,378.8181035214044,15.75464658089453,0.352,1.0,0.0,2,2,0.7374394208397017,True,CRITICAL,0.00012561991686238486,0.262434959243436,0.7374394208397017,CRITICAL,Schedule immediate inspection and preventive maintenance
46,1244,298.2,307.9,1313.0,67.3,298.35,0.1080123449735789,298.2,298.5,-0.1000000000000227,308.06,0.1074967699813639,307.9,308.2,-0.1000000000000227,1654.2,447.0316419325249,1313.0,2886.0,-129.0,37.48,16.088560463191786,3.8,67.3,20.0,9.699999999999989,9253.550689173224,88364.9,298.2,0.6729999999999999,67.078514778255,0.0,0.0,0.0,0.0,88364.9,45.2929,20653.47470022472,0.0512566641279122,0.0,447.0316419325249,16.088560463191786,0.3747999999999999,1.0,0.0,2,2,0.7321697044038414,True,CRITICAL,0.21738343737787935,0.050446858218279295,0.7321697044038414,CRITICAL,Schedule immediate inspection and preventive maintenance
47,1433,302.2,311.6,1872.0,20.4,302.3,0.0666666666853429,302.2,302.4,-0.1000000000000227,311.78000000000003,0.0918936584107284,311.6,311.9,-0.0999999999999659,1546.0,160.87192973846174,1398.0,1872.0,79.0,38.93,10.581330519152903,20.4,50.3,-4.900000000000002,9.400000000000034,3999.121784313663,38188.8,302.2,0.204,74.21473523943632,0.0,1.0,0.0,0.0,38188.8,4.161599999999999,23125.31150060836,0.01089743589743,0.0,160.87192973846174,10.581330519152903,0.3893,1.0,0.0,2,2,0.7176367698299357,True,CRITICAL,0.0001280175657270854,0.2822352126043371,0.7176367698299357,CRITICAL,Schedule immediate inspection and preventive maintenance
48,1484,299.8,309.4,2256.0,15.9,299.89,0.0737864787387665,299.8,300.0,-0.0999999999999659,309.39,0.0737864787576706,309.3,309.5,0.0,1541.0,271.1748103673663,1291.0,2256.0,769.0,39.52,11.323309292487506,15.9,56.4,-26.300000000000004,9.599999999999966,3756.3395040442433,35870.4,299.8,0.159,52.32889939378896,0.0,1.0,0.0,0.0,35870.4,2.5281,16190.561472438303,0.0070478723404224,0.0,271.1748103673663,11.323309292487506,0.3952,1.0,0.0,2,2,0.7068818411359945,True,CRITICAL,0.00013866486099910208,0.29297949400300644,0.7068818411359945,CRITICAL,Schedule immediate inspection and preventive maintenance
49,1081,301.8,310.2,2825.0,5.8,301.77,0.0483045891546632,301.7,301.8,0.0,310.05,0.0971825315984328,309.9,310.2,0.0,1809.3,474.6425672721158,1391.0,2825.0,1368.0,29.76,14.359294318779565,5.8,50.6,-34.6,8.399999999999977,1715.833187635625,16385.0,301.8,0.0579999999999999,75.68180119009153,0.0,1.0,0.0,0.0,16385.0,0.3363999999999994,23476.494729166392,0.002053097345132,0.0,474.6425672721158,14.359294318779565,0.2976,1.0,0.0,2,2,0.6848514735217319,True,CRITICAL,0.00019019518751301368,0.31495833129075507,0.6848514735217319,CRITICAL,Schedule immediate inspection and preventive maintenance
50,596,296.9,307.5,2721.0,9.3,296.91,0.0567646212204617,296.8,297.0,0.0,307.67,0.1418136492456226,307.5,307.9,0.0,1651.8,421.3018975614618,1354.0,2721.0,1367.0,35.89,12.998243471074549,9.3,49.0,-35.099999999999994,10.600000000000025,2649.9648192295267,25305.300000000003,296.9,0.093,50.72587861045526,0.0,1.0,0.0,0.0,25305.300000000003,0.8649000000000001,15598.207672714992,0.0034178610804838,0.0,421.3018975614618,12.998243471074549,0.3589,1.0,0.0,2,2,0.6769629276788157,True,CRITICAL,0.0004975306827690163,0.3225395416384153,0.6769629276788157,CRITICAL,Schedule immediate inspection and preventive maintenance
51,520,299.1,308.7,2008.0,20.3,299.18,0.0421637021355646,299.1,299.2,-0.0999999999999659,308.59,0.0875595035789666,308.5,308.7,0.0,1561.0,198.8869025350826,1325.0,2008.0,560.0,40.62,11.07618064938353,20.3,55.0,-31.1,9.599999999999966,4268.62854608962,40762.4,299.1,0.203,84.93492409206434,0.0,0.0,0.0,0.0,40762.4,4.120900000000001,26219.41106722026,0.010109561752983,0.0,198.8869025350826,11.07618064938353,0.4062,0.0,1.0,2,2,0.6739555331189254,True,CRITICAL,0.00012006615322369977,0.32592440072785084,0.6739555331189254,CRITICAL,Schedule immediate inspection and preventive maintenance
52,599,297.3,308.3,1459.0,59.6,297.13,0.0823272603275339,297.0,297.3,0.1000000000000227,308.21000000000004,0.073786478819859,308.1,308.3,0.1000000000000227,1490.6,107.97139538887885,1363.0,1693.0,54.0,42.84,8.830653681604957,28.0,59.6,17.1,11.0,9106.052914087184,86956.40000000001,297.3,0.596,71.97417928106638,0.0,0.0,0.0,0.0,86956.40000000001,35.5216,22189.639472352766,0.040849897189828,0.0,107.97139538887885,8.830653681604957,0.4284,0.0,1.0,2,2,0.6695273635026441,True,CRITICAL,0.21364621990215316,0.11682641659520282,0.6695273635026441,CRITICAL,Schedule immediate inspection and preventive maintenance
53,947,296.6,307.7,1386.0,62.3,296.5,0.0816496580953933,296.4,296.6,0.1000000000000227,307.49,0.1595131481898384,307.3,307.7,0.0999999999999659,1545.0,206.53221432879545,1340.0,2077.0,-155.0,40.760000000000005,12.44170406335078,19.1,62.3,23.8,11.099999999999966,9042.320471121357,86347.8,296.6,0.623,66.71139994068074,0.0,0.0,1.0,0.0,86347.8,38.8129,20527.09776174746,0.0449494949494625,0.0,206.53221432879545,12.44170406335078,0.4075999999999999,0.0,0.0,2,2,0.6680364178173591,True,CRITICAL,0.1623674143419128,0.16959616784072815,0.6680364178173591,CRITICAL,Schedule immediate inspection and preventive maintenance
54,344,299.5,308.8,1965.0,20.4,299.63,0.067494855774254,299.5,299.7,-0.1000000000000227,308.99,0.0875595035788864,308.8,309.1,-0.0999999999999659,1603.4,184.40667618668704,1372.0,1965.0,280.0,37.9,12.818996320565317,20.4,60.4,-7.400000000000002,9.300000000000011,4197.796103726681,40086.0,299.5,0.204,39.11764951683791,0.0,0.0,0.0,0.0,40086.0,4.161599999999999,12079.530170799546,0.0103816793893076,0.0,184.40667618668704,12.818996320565317,0.379,1.0,0.0,2,2,0.6619575395273498,True,CRITICAL,0.00010102400290930919,0.33794143646974095,0.6619575395273498,CRITICAL,Schedule immediate inspection and preventive maintenance
55,268,303.0,311.3,2194.0,16.5,302.97,0.0674948557804424,302.9,303.1,0.0,311.14,0.1173787791092636,311.0,311.3,0.0,1620.5,280.3554291728002,1365.0,2194.0,829.0,39.71,14.643197131167174,16.5,58.3,-39.7,8.300000000000011,3790.959855086803,36201.0,303.0,0.165,68.85950469883927,0.0,0.0,0.0,0.0,36201.0,2.7225,21435.963812748665,0.0075205104831323,0.0,280.3554291728002,14.643197131167174,0.3970999999999999,1.0,0.0,1,2,0.6120262109715803,True,CRITICAL,0.00018711519927875473,0.387786673829141,0.6120262109715803,CRITICAL,Schedule immediate inspection and preventive maintenance
56,1138,299.9,309.5,2008.0,20.4,299.84000000000003,0.0516397779513938,299.8,299.9,0.0,309.47,0.0674948557953955,309.4,309.6,-0.1000000000000227,1516.7,194.0910725521497,1280.0,2008.0,728.0,42.77,10.18452529848869,20.4,59.3,-38.9,9.600000000000025,4289.656272917648,40963.2,299.9,0.204,43.992222341777065,0.0,1.0,0.0,0.0,40963.2,4.161599999999999,13615.592814780002,0.0101593625497957,0.0,194.0910725521497,10.18452529848869,0.4277,1.0,0.0,2,2,0.6003257159769397,True,CRITICAL,0.00019374970880634888,0.399480534314254,0.6003257159769397,CRITICAL,Schedule immediate inspection and preventive maintenance
57,752,303.2,311.4,2102.0,19.0,303.26,0.0699205898913924,303.2,303.4,0.0,311.58,0.1229272594675557,311.4,311.8,-0.1000000000000227,1514.0,228.17439723937989,1301.0,2102.0,766.0,42.15,11.775610387576505,19.0,61.0,-39.2,8.199999999999989,4182.297579968972,39938.0,303.2,0.19,78.44353977696932,1.0,1.0,0.0,0.0,39938.0,3.61,24427.318286548245,0.0090390104662183,0.19,228.17439723937989,11.775610387576505,0.4215,0.0,1.0,1,2,0.5932352530794356,True,CRITICAL,0.00022834643715673273,0.40653640048340767,0.5932352530794356,CRITICAL,Schedule immediate inspection and preventive maintenance
58,1414,299.6,310.1,2057.0,20.4,299.52,0.0632455532632867,299.4,299.6,0.1000000000000227,310.05,0.084983658617142,309.9,310.2,0.2000000000000454,1554.3,202.11660550835813,1333.0,2057.0,655.0,39.86,9.807616088190503,20.4,51.7,-31.300000000000004,10.5,4394.334140135258,41962.8,299.6,0.204,83.33363333526465,0.0,1.0,0.0,0.0,41962.8,4.161599999999999,25841.75969726557,0.009917355371896,0.0,202.11660550835813,9.807616088190503,0.3985999999999999,1.0,0.0,1,2,0.5735180538531989,True,CRITICAL,0.0001452376365715963,0.4263367085102294,0.5735180538531989,CRITICAL,Schedule immediate inspection and preventive maintenance
59,193,300.9,310.5,2288.0,16.1,300.92,0.0632455532385672,300.8,301.0,-0.1000000000000227,310.47,0.0674948558447292,310.4,310.6,0.0,1575.7,260.94871782274066,1378.0,2288.0,910.0,38.62,10.201503157214992,16.1,53.6,-28.3,9.600000000000025,3857.540675391884,36836.8,300.9,0.161,46.0617673958951,0.0,0.0,1.0,0.0,36836.8,2.5921000000000003,14302.17877642543,0.0070367132867102,0.0,260.94871782274066,10.201503157214992,0.3862,1.0,0.0,1,2,0.5697592969552053,True,CRITICAL,0.0002529448380494141,0.4299877582067453,0.5697592969552053,CRITICAL,Schedule immediate inspection and preventive maintenance
60,611,300.5,309.4,1877.0,23.8,300.71,0.1100504934630362,300.5,300.8,-0.1000000000000227,309.59,0.1197218999888709,309.4,309.7,-0.1000000000000227,1596.2,198.242724400612,1390.0,1997.0,406.0,36.85,10.007469432601091,20.7,49.6,-25.8,8.899999999999977,4678.103732558514,44672.6,300.5,0.238,56.75059637187376,0.0,0.0,0.0,0.0,44672.6,5.6644,17558.63451745774,0.012679808204575,0.0,198.242724400612,10.007469432601091,0.3685,0.0,1.0,1,2,0.5563513819069978,True,CRITICAL,0.00024306565524322927,0.4434055524377589,0.5563513819069978,CRITICAL,Schedule immediate inspection and preventive maintenance
61,1780,297.6,309.5,1623.0,33.1,297.71000000000004,0.0994428926012583,297.6,297.8,0.0,309.65,0.1080123449743915,309.5,309.8,-0.1000000000000227,1600.7,204.533642981078,1341.0,2001.0,122.0,36.95,10.264204250154402,20.5,49.8,-16.699999999999996,11.899999999999975,5625.681380709779,53721.3,297.6,0.331,79.78256152009592,0.0,1.0,0.0,0.0,53721.3,10.9561,24692.702790469688,0.0203943314848919,0.0,204.533642981078,10.264204250154402,0.3695,0.0,0.0,2,2,0.5138993552753792,True,CRITICAL,0.0002805693408847223,0.4858200753837361,0.5138993552753792,CRITICAL,Schedule immediate inspection and preventive maintenance
62,955,298.0,308.7,1629.0,34.3,298.06,0.1074967699771161,297.9,298.2,0.0,308.81,0.1852925614674988,308.5,309.1,0.0,1461.7,143.88039013940207,1268.0,1723.0,361.0,45.31,12.11376168752802,26.6,69.4,-35.10000000000001,10.699999999999989,5851.184901384453,55874.7,298.0,0.3429999999999999,54.92998313592279,1.0,0.0,0.0,0.0,55874.7,11.764899999999995,16956.885794059366,0.0210558624923136,0.3429999999999999,143.88039013940207,12.11376168752802,0.4530999999999999,1.0,0.0,1,2,0.5110681769290382,True,CRITICAL,0.00033284708155439355,0.4885989759894075,0.5110681769290382,CRITICAL,Schedule immediate inspection and preventive maintenance
63,872,298.5,308.2,1301.0,66.3,298.58000000000004,0.063245553201066,298.5,298.7,-0.1000000000000227,308.35,0.0849836585607253,308.2,308.5,-0.1999999999999886,1485.8,185.31462735334912,1278.0,1811.0,-9.0,44.43,14.729339579371654,24.7,66.3,6.599999999999994,9.699999999999989,9032.738613527908,86256.3,298.5,0.6629999999999999,66.21452003916349,0.0,0.0,0.0,0.0,86256.3,43.95689999999999,20407.315076070183,0.0509607993850492,0.0,185.31462735334912,14.729339579371654,0.4443,1.0,0.0,2,2,0.5078092224567369,True,CRITICAL,0.4565637251668924,0.035627052376370615,0.5078092224567369,CRITICAL,Schedule immediate inspection and preventive maintenance
64,1646,300.7,311.7,2097.0,18.9,300.7,0.0471404521188986,300.6,300.8,0.0,311.72,0.0421637022629957,311.7,311.8,0.0,1520.3,217.2305738661601,1389.0,2097.0,593.0,40.620000000000005,9.402103783492004,18.9,52.1,-18.0,11.0,4150.389470584011,39633.3,300.7,0.1889999999999999,77.64535438627075,0.0,1.0,0.0,0.0,39633.3,3.5720999999999976,24202.0569622006,0.0090128755364763,0.0,217.2305738661601,9.402103783492004,0.4061999999999999,0.0,1.0,2,2,0.5065817188628865,True,CRITICAL,0.0002918308240924947,0.493126450313021,0.5065817188628865,CRITICAL,Schedule immediate inspection and preventive maintenance
65,1667,301.0,311.1,1236.0,64.4,301.08000000000004,0.0421637021837847,301.0,301.1,-0.1000000000000227,311.12,0.0421637022592908,311.1,311.2,0.0,1568.8,224.60078163512577,1236.0,2089.0,-356.0,38.88,11.656643313292816,19.8,64.4,28.700000000000003,10.100000000000025,8335.524955916726,79598.40000000001,301.0,0.644,49.87567525568889,0.0,1.0,0.0,0.0,79598.40000000001,41.473600000000005,15516.322572044815,0.052103559870508,0.0,224.60078163512577,11.656643313292816,0.3888,1.0,0.0,2,2,0.5042974432328196,True,CRITICAL,0.311328528661264,0.18437402810591644,0.5042974432328196,CRITICAL,Schedule immediate inspection and preventive maintenance
66,1974,303.0,312.3,1932.0,21.9,303.02,0.0421637021559738,303.0,303.1,0.0,312.31000000000006,0.0737864788269668,312.2,312.4,-0.0999999999999659,1539.2,187.30059025830627,1257.0,1932.0,287.0,40.64,15.347471742566878,21.9,71.3,-7.700000000000003,9.300000000000011,4430.7766149169,42310.8,303.0,0.2189999999999999,56.7645665747666,0.0,1.0,0.0,0.0,42310.8,4.796099999999997,17727.57414129961,0.0113354037267022,0.0,187.30059025830627,15.347471742566878,0.4063999999999999,1.0,0.0,1,2,0.47720508913849274,True,CRITICAL,0.0003277729581540821,0.5224671379033532,0.47720508913849274,CRITICAL,Schedule immediate inspection and preventive maintenance
67,249,297.9,309.0,2456.0,13.9,297.87,0.0823272603074542,297.8,298.0,-0.1000000000000227,308.85,0.0971825316507316,308.7,309.0,0.0,1589.9,317.0154044627241,1386.0,2456.0,1063.0,38.86,11.1937681074983,13.9,55.9,-42.0,11.100000000000025,3574.964888176993,34138.4,297.9,0.139,36.77094866404319,0.0,0.0,1.0,0.0,34138.4,1.9321,11362.223137189343,0.0056596091205188,0.0,317.0154044627241,11.1937681074983,0.3885999999999999,0.0,1.0,1,2,0.4714743155903183,True,CRITICAL,0.00023790648909241728,0.5282877779205893,0.4714743155903183,CRITICAL,Schedule immediate inspection and preventive maintenance
68,1102,298.1,308.0,2129.0,18.4,298.08,0.06324555320531,298.0,298.2,0.0,307.91,0.0875595035772881,307.8,308.0,0.1000000000000227,1648.6,248.89319440720425,1314.0,2129.0,752.0,35.85,12.16225947575349,18.4,55.1,-36.7,9.899999999999975,4102.249799155504,39173.6,298.1,0.184,74.61111736219644,0.0,1.0,0.0,0.0,39173.6,3.3856,22980.224147556502,0.008642555190226,0.0,248.89319440720425,12.16225947575349,0.3585,0.0,1.0,1,2,0.47063225510612094,True,CRITICAL,0.00033326926880698185,0.529034475625072,0.47063225510612094,CRITICAL,Schedule immediate inspection and preventive maintenance
69,709,301.3,310.9,2165.0,17.4,301.19,0.0737864787646328,301.1,301.3,0.1000000000000227,310.9,0.0816496581549876,310.8,311.0,0.0,1560.7,250.71898833377097,1341.0,2165.0,752.0,40.31,12.688967211278031,17.4,59.3,-32.7,9.599999999999966,3944.8978951127024,37671.0,301.3,0.174,76.13124638392802,0.0,1.0,0.0,0.0,37671.0,3.0276,23669.20450076322,0.008036951501151,0.0,250.71898833377097,12.688967211278031,0.4030999999999999,1.0,0.0,1,2,0.45979090872064377,True,CRITICAL,0.00020301240813565548,0.5400060788712207,0.45979090872064377,CRITICAL,Schedule immediate inspection and preventive maintenance
70,1242,297.8,309.3,2243.0,15.7,297.61,0.1370320319390061,297.5,297.8,0.0,309.02,0.1549193338588297,308.9,309.3,0.1000000000000227,1583.1,284.13160096452947,1280.0,2243.0,843.0,39.49,12.863250841922556,15.7,56.9,-41.2,11.5,3687.71664851433,35215.1,297.8,0.157,71.33674181766713,0.0,1.0,0.0,0.0,35215.1,2.4649,22064.454244204444,0.0069995541685211,0.0,284.13160096452947,12.863250841922556,0.3949,0.0,1.0,1,2,0.45525916617850176,True,CRITICAL,0.0003769935459447214,0.5443638402755534,0.45525916617850176,CRITICAL,Schedule immediate inspection and preventive maintenance
71,1040,300.6,309.6,1888.0,20.5,300.65,0.0527046276724165,300.6,300.7,-0.0999999999999659,309.5,0.1054092553546038,309.3,309.6,0.0,1531.1,175.02409357951993,1251.0,1888.0,347.0,38.3,10.208928554075746,20.5,59.9,-14.1,9.0,4053.073402151312,38704.0,300.6,0.205,77.47718797770611,0.0,1.0,0.0,0.0,38704.0,4.2025,23986.93739789781,0.0108580508474518,0.0,175.02409357951993,10.208928554075746,0.383,0.0,0.0,1,2,0.4467651566706215,True,CRITICAL,0.00036368384058010114,0.5528711594887983,0.4467651566706215,CRITICAL,Schedule immediate inspection and preventive maintenance
72,1318,302.7,311.7,1784.0,25.1,302.62,0.0632455532041699,302.5,302.7,0.0999999999999659,311.52000000000004,0.1032795559378936,311.4,311.7,0.0999999999999659,1668.2,169.94103552572085,1442.0,2041.0,-257.0,33.92,10.751309997701084,19.2,59.8,5.900000000000002,9.0,4689.183082650173,44778.4,302.7,0.251,79.71140213701234,0.0,1.0,0.0,0.0,44778.4,6.3001000000000005,24846.044046106745,0.0140695067264495,0.0,169.94103552572085,10.751309997701084,0.3391999999999999,0.0,1.0,1,2,0.4415763256486812,True,CRITICAL,0.00011428335812686241,0.558309390993192,0.4415763256486812,CRITICAL,Schedule immediate inspection and preventive maintenance
73,567,301.5,310.5,2289.0,16.4,301.42,0.0632455532077325,301.3,301.5,0.1000000000000227,310.46,0.0699205899157574,310.4,310.6,0.1000000000000227,1608.3,283.03711967003505,1217.0,2289.0,600.0,37.8,12.802864262864524,16.4,60.6,-14.200000000000005,9.0,3931.13771928998,37539.6,301.5,0.1639999999999999,69.07675001042354,0.0,0.0,0.0,0.0,37539.6,2.689599999999998,21448.33087823651,0.0071647007426792,0.0,283.03711967003505,12.802864262864524,0.378,1.0,0.0,1,2,0.43442132451048004,True,CRITICAL,0.0003717873246135445,0.5652068881649065,0.43442132451048004,CRITICAL,Schedule immediate inspection and preventive maintenance
74,1442,302.4,310.3,1900.0,24.4,302.42,0.0421637021421407,302.4,302.5,-0.1000000000000227,310.15,0.097182531600435,310.0,310.3,0.0,1526.6,172.4903862055279,1346.0,1900.0,489.0,41.64,10.905268859083163,24.4,62.4,-25.1,7.900000000000034,4854.807847347427,46360.0,302.4,0.244,46.55756837813385,0.0,0.0,0.0,0.0,46360.0,5.9536,14446.813467734935,0.0128421052631511,0.0,172.4903862055279,10.905268859083163,0.4164,1.0,0.0,1,2,0.433815442652523,True,CRITICAL,0.0004173600615107023,0.5657671972859663,0.433815442652523,CRITICAL,Schedule immediate inspection and preventive maintenance
75,49,303.5,311.8,1944.0,23.5,303.54,0.0843274042856963,303.4,303.7,0.0,311.73999999999995,0.0966091783587968,311.6,311.9,0.1000000000000227,1592.8,223.8699026964807,1222.0,1959.0,-15.0,37.34,12.938933495462493,22.3,66.8,1.1999999999999993,8.300000000000011,4784.017292886537,45684.0,303.5,0.235,58.58264006641943,0.0,1.0,0.0,0.0,45684.0,5.5225,18266.06717270958,0.0120884773662489,0.0,223.8699026964807,12.938933495462493,0.3733999999999999,1.0,0.0,2,2,0.430221068564792,True,CRITICAL,0.00012848116974203432,0.569650450265466,0.430221068564792,CRITICAL,Schedule immediate inspection and preventive maintenance
76,1753,303.5,312.9,1883.0,23.3,303.47,0.0483045891800911,303.4,303.5,0.1000000000000227,312.89,0.0875595036650326,312.8,313.0,0.0999999999999659,1558.1,180.1742674930725,1376.0,1883.0,507.0,39.65,10.588699427009722,22.3,53.4,-30.1,9.399999999999975,4594.464064144441,43873.9,303.5,0.233,49.89787144791795,0.0,0.0,0.0,0.0,43873.9,5.4289000000000005,15613.043976053525,0.0123738714816716,0.0,180.1742674930725,10.588699427009722,0.3964999999999999,0.0,1.0,1,2,0.42560493951754746,True,CRITICAL,0.00035434536781208493,0.5740407151146405,0.42560493951754746,CRITICAL,Schedule immediate inspection and preventive maintenance
77,744,299.6,310.9,1630.0,29.8,299.69,0.0737864787808202,299.6,299.8,-0.0999999999999659,311.0,0.094280904218413,310.9,311.1,0.0,1683.7,230.8973076210815,1448.0,2144.0,10.0,33.720000000000006,10.207056382719058,17.7,47.3,-7.400000000000002,11.299999999999956,5086.657385182353,48574.0,299.6,0.298,68.53029048606727,0.0,1.0,0.0,0.0,48574.0,8.8804,21306.06731211832,0.0182822085889458,0.0,230.8973076210815,10.207056382719058,0.3371999999999999,0.0,1.0,2,2,0.42243369040537954,True,CRITICAL,0.00020016020594805986,0.5773661493886723,0.42243369040537954,CRITICAL,Schedule immediate inspection and preventive maintenance
78,145,300.7,311.0,1969.0,20.7,300.68,0.0421637021932099,300.6,300.7,0.0,311.02,0.0421637022664252,311.0,311.1,0.0,1511.9,261.78763658099945,1263.0,1981.0,657.0,41.57,12.782022966303488,19.9,52.3,-31.4,10.300000000000011,4268.199195093629,40758.3,300.7,0.207,61.70011528737496,1.0,0.0,1.0,0.0,40758.3,4.2849,19188.73585437361,0.010512950736409,0.207,261.78763658099945,12.782022966303488,0.4156999999999999,1.0,0.0,1,2,0.41910695732035214,True,CRITICAL,0.00030264136773939664,0.5805904013119085,0.41910695732035214,CRITICAL,Schedule immediate inspection and preventive maintenance
79,453,296.9,307.7,2008.0,17.5,296.98,0.0632455532036651,296.9,297.1,0.0,307.8,0.0666666666776354,307.7,307.9,-0.1000000000000227,1568.5,198.84849062093,1385.0,2008.0,616.0,39.0,11.219229523951734,17.5,56.4,-26.4,10.800000000000011,3679.852194904845,35140.0,296.9,0.175,67.33363765799525,0.0,1.0,0.0,0.0,35140.0,3.0625,20718.56030736514,0.0087151394422267,0.0,198.84849062093,11.219229523951734,0.3899999999999999,0.0,1.0,1,2,0.416465154419885,True,CRITICAL,0.0001762964447339806,0.583358549135381,0.416465154419885,CRITICAL,Schedule immediate inspection and preventive maintenance
80,661,300.0,309.5,1869.0,22.7,299.99,0.0994428926024406,299.8,300.1,-0.1000000000000227,309.52,0.103279555915417,309.4,309.7,-0.1000000000000227,1586.0,170.52011937337582,1322.0,1869.0,244.0,36.52,11.33409801341856,22.7,53.9,-15.3,9.5,4442.871746633221,42426.3,300.0,0.2269999999999999,65.75366700092553,1.0,0.0,0.0,0.0,42426.3,5.152899999999997,20350.759936786453,0.0121455323702449,0.2269999999999999,170.52011937337582,11.33409801341856,0.3651999999999999,1.0,0.0,1,2,0.4082733717250307,True,CRITICAL,0.00025977240621507565,0.5914668558687542,0.4082733717250307,CRITICAL,Schedule immediate inspection and preventive maintenance
81,1805,303.4,311.8,2268.0,15.8,303.49,0.0994428926133283,303.3,303.6,0.0999999999999659,311.96,0.1505545305779106,311.8,312.2,0.0,1688.6,255.429572811498,1405.0,2268.0,576.0,32.95,9.594124359326646,15.8,45.6,-14.8,8.400000000000034,3752.569592859936,35834.4,303.4,0.158,60.38419123175422,0.0,0.0,0.0,0.0,35834.4,2.4964,18827.79082606097,0.0069664902998205,0.0,255.429572811498,9.594124359326646,0.3295,1.0,0.0,1,2,0.4051237936253785,True,CRITICAL,0.0004183966841808551,0.5944578096904408,0.4051237936253785,CRITICAL,Schedule immediate inspection and preventive maintenance
82,1756,302.6,310.2,2157.0,17.2,302.62,0.0421637021446183,302.6,302.7,0.0,310.33,0.1251665557209489,310.2,310.5,0.0,1700.2,426.0922696109613,1325.0,2676.0,832.0,37.71,18.294653135092062,10.8,66.8,-45.2,7.599999999999966,3885.1448028414247,37100.4,302.6,0.172,68.5978070247456,0.0,0.0,0.0,0.0,37100.4,2.9584,21279.039739076085,0.0079740380157589,0.0,426.0922696109613,18.294653135092062,0.3771,0.0,1.0,1,2,0.4006022422630193,True,CRITICAL,0.0005073981455454797,0.5988903595914352,0.4006022422630193,CRITICAL,Schedule immediate inspection and preventive maintenance
83,1097,299.2,309.1,1345.0,60.7,299.41,0.1100504934617109,299.2,299.5,-0.1000000000000227,309.22,0.1135292424498238,309.1,309.4,0.0,1515.5,215.67684159408373,1293.0,1972.0,52.0,42.34,12.387466784348366,19.3,60.7,7.0,9.900000000000034,8549.477887601703,81641.5,299.2,0.607,80.75383826394031,0.0,0.0,1.0,0.0,81641.5,36.8449,24961.01140738395,0.04513011152413,0.0,215.67684159408373,12.387466784348366,0.4234,1.0,0.0,2,2,0.39733101574677354,True,CRITICAL,0.5079242724978408,0.09474471175538568,0.39733101574677354,CRITICAL,Schedule immediate inspection and preventive maintenance
84,1614,297.9,308.5,2129.0,18.7,298.05,0.0707106781186732,297.9,298.1,-0.1000000000000227,308.46,0.0843274042733277,308.3,308.6,0.0,1539.9,246.46678838695087,1335.0,2129.0,416.0,39.190000000000005,10.632492129735564,18.7,51.1,-6.600000000000001,10.600000000000025,4169.13430675043,39812.3,297.9,0.187,37.27432707361373,1.0,0.0,0.0,0.0,39812.3,3.4969,11499.129902209836,0.0087834664161536,0.187,246.46678838695087,10.632492129735564,0.3918999999999999,0.0,0.0,1,2,0.393515494357654,True,CRITICAL,0.00015914905555038285,0.6063253565867956,0.393515494357654,CRITICAL,Schedule immediate inspection and preventive maintenance
85,50,297.5,308.3,2564.0,12.8,297.4,0.0666666666674126,297.3,297.5,0.1999999999999886,308.26000000000005,0.0699205898812459,308.2,308.4,0.1000000000000227,1628.2,356.8048953326357,1401.0,2564.0,810.0,38.7,12.929810516786388,12.8,53.9,-14.0,10.800000000000011,3436.8185872231384,32819.200000000004,297.5,0.128,74.42908825542355,0.0,1.0,0.0,0.0,32819.200000000004,1.6384,22946.487909147083,0.0049921996879855,0.0,356.8048953326357,12.929810516786388,0.387,1.0,0.0,2,2,0.3930058523892782,True,CRITICAL,0.00046060937143295455,0.6065335382392888,0.3930058523892782,CRITICAL,Schedule immediate inspection and preventive maintenance
86,608,299.0,310.2,1377.0,62.5,298.96,0.0516397780126059,298.9,299.0,0.0,310.14,0.0516397781002898,310.1,310.2,0.0,1501.5,88.39086177000169,1377.0,1637.0,-248.0,41.67,8.113644201111022,31.8,62.5,30.7,11.199999999999989,9012.44392498572,86062.5,299.0,0.625,53.54170422969948,0.0,1.0,0.0,0.0,86062.5,39.0625,16608.636652052777,0.0453885257806496,0.0,88.39086177000169,8.113644201111022,0.4166999999999999,1.0,0.0,2,2,0.3897347518330558,True,CRITICAL,0.5537204558476989,0.05654479231924536,0.3897347518330558,CRITICAL,Schedule immediate inspection and preventive maintenance
87,430,297.7,309.0,1874.0,24.4,297.8,0.0666666666670645,297.7,297.9,-0.1000000000000227,309.1,0.0942809041585369,309.0,309.2,0.0,1497.4,166.46734748225455,1295.0,1874.0,464.0,41.86,10.010017205002388,24.4,61.2,-24.4,11.300000000000011,4788.373634699515,45725.6,297.7,0.244,71.5822951959944,0.0,0.0,0.0,0.0,45725.6,5.9536,22118.92921556227,0.0130202774813164,0.0,166.46734748225455,10.010017205002388,0.4185999999999999,1.0,0.0,1,2,0.3795760532518069,True,CRITICAL,0.00035575875300552996,0.6200681879951876,0.3795760532518069,CRITICAL,Schedule immediate inspection and preventive maintenance
88,399,298.1,309.9,1629.0,32.5,297.93,0.0823272602350192,297.8,298.1,0.1000000000000227,309.82,0.0788810637763324,309.7,309.9,0.0,1637.0,267.46962444359906,1336.0,2194.0,226.0,37.53,15.762899479473909,16.8,71.6,-15.200000000000005,11.799999999999956,5544.125635422587,52942.5,298.1,0.325,78.43786152682935,0.0,0.0,0.0,0.0,52942.5,10.5625,24307.893287164414,0.0199508901166237,0.0,267.46962444359906,15.762899479473909,0.3753,1.0,0.0,1,2,0.37855253366575514,True,CRITICAL,0.0014503083523324375,0.6199971579819125,0.37855253366575514,CRITICAL,Schedule immediate inspection and preventive maintenance
89,552,299.1,310.1,1894.0,20.1,299.04,0.0699205899214201,298.9,299.1,0.0,310.1,0.0666666667846139,310.0,310.2,-0.0999999999999659,1564.7,168.7556089602757,1336.0,1894.0,398.0,38.61,11.639153271990692,20.1,61.3,-24.9,11.0,3986.618245552376,38069.4,299.1,0.201,55.08926225813795,1.0,0.0,0.0,0.0,38069.4,4.040100000000001,17083.18022624858,0.0106124604012615,0.201,168.7556089602757,11.639153271990692,0.3860999999999999,1.0,0.0,1,2,0.36452891686267785,True,CRITICAL,0.00042248702171780104,0.6350485961156044,0.36452891686267785,CRITICAL,Schedule immediate inspection and preventive maintenance
90,1895,302.9,311.2,2102.0,17.8,302.82000000000005,0.0632455532117292,302.7,302.9,0.0999999999999659,311.09000000000003,0.0994428926374984,310.9,311.2,0.0999999999999659,1595.9,200.52622438640068,1395.0,2102.0,646.0,34.32000000000001,7.711146333573171,17.8,48.3,-18.3,8.300000000000011,3918.152469655142,37415.6,302.9,0.178,84.73768440309857,0.0,1.0,0.0,0.0,37415.6,3.1684,26370.36738624428,0.0084681255946677,0.0,200.52622438640068,7.711146333573171,0.3431999999999999,0.0,0.0,1,2,0.35943149098865484,True,CRITICAL,0.00039956176968256453,0.6401689472416626,0.35943149098865484,CRITICAL,Schedule immediate inspection and preventive maintenance
91,778,297.7,308.2,2007.0,19.3,297.72,0.0421637022924883,297.7,297.8,0.0,308.2,0.0666666667651432,308.1,308.3,0.0999999999999659,1597.5,190.022367104502,1370.0,2007.0,310.0,37.41,10.776460973395402,19.3,53.4,-9.8,10.5,4056.330186535533,38735.1,297.7,0.193,73.8787513519525,0.0,1.0,0.0,0.0,38735.1,3.7249,22769.43116667176,0.0096163428001945,0.0,190.022367104502,10.776460973395402,0.3740999999999999,1.0,0.0,2,2,0.3549720228785412,True,CRITICAL,0.00017763525770043964,0.6448503418637583,0.3549720228785412,CRITICAL,Schedule immediate inspection and preventive maintenance
92,1127,297.9,307.6,1977.0,20.2,297.91,0.0567646212239347,297.8,298.0,0.0,307.59000000000003,0.0316227765959879,307.5,307.6,0.0,1621.5,209.1863868525974,1388.0,1977.0,473.0,34.529999999999994,10.052644759796628,20.2,52.4,-22.2,9.700000000000044,4182.025308605661,39935.4,297.9,0.2019999999999999,56.4941379062424,0.0,1.0,0.0,0.0,39935.4,4.080399999999998,17377.596819960163,0.010217501264537,0.0,209.1863868525974,10.052644759796628,0.3453,1.0,0.0,2,2,0.3229470597459657,True,CRITICAL,0.0005528898605864452,0.676500050393448,0.3229470597459657,CRITICAL,Schedule immediate inspection and preventive maintenance
93,1032,303.4,311.8,1693.0,28.3,303.45,0.0707106781347313,303.4,303.6,-0.1000000000000227,311.74,0.0699205899483077,311.6,311.8,0.0,1665.2,185.7619743411153,1446.0,1959.0,242.0,34.06,9.659790657957226,22.3,50.0,-16.900000000000002,8.400000000000034,5017.322435317627,47911.9,303.4,0.283,61.68012007627139,0.0,0.0,0.0,0.0,47911.9,8.008899999999999,19231.86143978142,0.0167158889545087,0.0,185.7619743411153,9.659790657957226,0.3406,0.0,0.0,1,2,0.3145630155688931,True,CRITICAL,0.00012295287536545063,0.6853140315557414,0.3145630155688931,CRITICAL,Schedule immediate inspection and preventive maintenance
94,1543,302.4,310.2,2224.0,16.0,302.43,0.0674948557754903,302.3,302.5,-0.1000000000000227,310.19,0.0737864787633207,310.1,310.3,-0.1000000000000227,1525.3,263.6007292183452,1321.0,2224.0,819.0,43.06,13.324263581901986,16.0,57.4,-41.4,7.800000000000011,3726.347766177973,35584.0,302.4,0.16,52.43489476808183,0.0,0.0,0.0,0.0,35584.0,2.56,16265.304357058983,0.0071942446043133,0.0,263.6007292183452,13.324263581901986,0.4306,1.0,0.0,2,2,0.31151563611404326,True,CRITICAL,0.00026013614056620397,0.6882242277453904,0.31151563611404326,CRITICAL,Schedule immediate inspection and preventive maintenance
95,1711,302.1,310.1,1844.0,24.6,302.05000000000007,0.052704627672758,302.0,302.1,0.0,309.96,0.1349897115533356,309.8,310.1,0.0,1514.2,159.51370543693568,1280.0,1844.0,397.0,42.690000000000005,11.543295312286975,24.6,58.1,-22.0,8.0,4750.339419640054,45362.4,302.1,0.246,77.82922221137288,0.0,0.0,0.0,0.0,45362.4,6.0516000000000005,24134.84180774673,0.0133405639913159,0.0,159.51370543693568,11.543295312286975,0.4268999999999999,0.0,0.0,1,2,0.31074788903177974,True,CRITICAL,0.00016303787467273912,0.6890890730935475,0.31074788903177974,CRITICAL,Schedule immediate inspection and preventive maintenance
96,895,302.3,311.4,1909.0,23.2,302.26,0.0516397779515006,302.2,302.3,0.0,311.37,0.0674948558273322,311.3,311.5,0.0,1588.1,151.23892062266944,1384.0,1909.0,425.0,35.41,7.2887203571302495,23.2,50.8,-16.3,9.099999999999966,4637.912290543588,44288.8,302.3,0.2319999999999999,83.16013204857083,0.0,1.0,0.0,0.0,44288.8,5.382399999999998,25896.065119924955,0.0121529596647395,0.0,151.23892062266944,7.2887203571302495,0.3540999999999999,0.0,1.0,1,2,0.30826420409100846,True,CRITICAL,0.0005645064110216597,0.6911712894979699,0.30826420409100846,CRITICAL,Schedule immediate inspection and preventive maintenance
97,362,298.4,310.1,1926.0,23.7,298.22,0.1398411797561415,298.0,298.4,0.0,310.02,0.103279555900474,309.9,310.2,-0.0999999999999659,1555.4,181.34264681964768,1389.0,1926.0,201.0,38.73,8.951480324504935,23.7,49.6,-8.3,11.700000000000044,4780.058886143013,45646.2,298.4,0.237,80.13880238822725,0.0,0.0,0.0,0.0,45646.2,5.616899999999999,24851.04262058928,0.0123052959501493,0.0,181.34264681964768,8.951480324504935,0.3873,1.0,0.0,1,2,0.29974058054877434,True,CRITICAL,0.00043879127939323116,0.6998206281718325,0.29974058054877434,CRITICAL,Schedule immediate inspection and preventive maintenance
98,1353,299.6,310.7,1922.0,23.3,299.71,0.0737864787519443,299.6,299.8,0.0,310.89,0.1370320319982168,310.7,311.1,-0.1000000000000227,1576.0,206.6483862882883,1384.0,1948.0,319.0,37.77,9.690436293354342,20.0,48.2,-12.099999999999998,11.099999999999966,4689.622905621675,44782.6,299.6,0.233,63.1168163695889,1.0,0.0,0.0,0.0,44782.6,5.4289000000000005,19610.39484603127,0.0121227887617002,0.233,206.6483862882883,9.690436293354342,0.3777,1.0,0.0,2,2,0.296021767260077,True,CRITICAL,0.00018446571408571125,0.7037937670258373,0.296021767260077,CRITICAL,Schedule immediate inspection and preventive maintenance
99,1373,298.1,308.9,2136.0,15.9,298.07000000000005,0.0483045892714382,298.0,298.1,0.1000000000000227,308.76,0.0843274043514841,308.6,308.9,0.0999999999999659,1495.0,232.3703939833971,1315.0,2136.0,725.0,45.43,11.46899685625933,15.9,56.8,-37.9,10.799999999999956,3556.534211275933,33962.4,298.1,0.159,46.75851195623059,0.0,0.0,0.0,0.0,33962.4,2.5281,14443.704343279627,0.0074438202247156,0.0,232.3703939833971,11.46899685625933,0.4542999999999999,1.0,0.0,1,2,0.2915616980082522,True,CRITICAL,0.00032946596485795886,0.7081088360268898,0.2915616980082522,CRITICAL,Schedule immediate inspection and preventive maintenance
100,1550,299.8,311.1,1300.0,64.2,299.86,0.0699205899203611,299.8,300.0,-0.0999999999999659,311.24,0.0699205899538696,311.1,311.3,-0.0999999999999659,1611.5,252.79734966964784,1300.0,2142.0,-279.0,37.46,14.459230039436246,16.6,64.2,28.700000000000003,11.300000000000011,8739.910762286805,83460.0,299.8,0.642,45.88813092745089,0.0,0.0,1.0,0.0,83460.0,41.2164,14275.797531529972,0.0493846153845774,0.0,252.79734966964784,14.459230039436246,0.3745999999999999,1.0,0.0,1,2,0.2868800232921497,True,CRITICAL,0.390988151056087,0.3221318256517634,0.2868800232921497,CRITICAL,Schedule immediate inspection and preventive maintenance
101,908,300.0,309.3,1887.0,22.6,299.95,0.0849836585609735,299.8,300.1,0.0,309.29,0.1100504934737618,309.1,309.5,0.0,1562.8,181.15358738435577,1364.0,1887.0,474.0,35.68,8.197126867926913,22.6,43.5,-18.1,9.300000000000011,4465.899620784035,42646.2,300.0,0.226,37.77453605355304,0.0,1.0,0.0,0.0,42646.2,5.107600000000001,11683.664001363955,0.0119766825649115,0.0,181.15358738435577,8.197126867926913,0.3568,1.0,0.0,1,2,0.28320001925145816,True,CRITICAL,0.00043967318761613467,0.7163603075609258,0.28320001925145816,CRITICAL,Schedule immediate inspection and preventive maintenance
102,1928,300.4,309.4,1875.0,23.9,300.3,0.0666666666686241,300.2,300.4,0.0,309.48,0.0788810637958118,309.4,309.6,0.0,1494.1,162.14222152172218,1320.0,1875.0,463.0,42.72,11.149270030913351,23.9,62.2,-27.700000000000003,9.0,4692.754026299753,44812.5,300.4,0.239,53.77486206608105,0.0,0.0,0.0,0.0,44812.5,5.7121,16637.942323245476,0.0127466666666598,0.0,162.14222152172218,11.149270030913351,0.4272,0.0,1.0,2,2,0.2792328112199335,True,CRITICAL,0.0002882162471437676,0.7204789725329228,0.2792328112199335,CRITICAL,Schedule immediate inspection and preventive maintenance
103,538,303.5,312.8,1877.0,22.3,303.48,0.0421637021656465,303.4,303.5,0.1000000000000227,312.93,0.1059349906203107,312.8,313.1,0.0,1562.2,180.1806500894733,1393.0,1897.0,428.0,39.53,10.329144312198505,22.3,51.9,-21.6,9.300000000000011,4383.265262019111,41857.1,303.5,0.223,58.300175717650646,0.0,1.0,0.0,0.0,41857.1,4.9729,18236.294964481123,0.0118806606286564,0.0,180.1806500894733,10.329144312198505,0.3953,1.0,0.0,1,2,0.27917049424432466,True,CRITICAL,0.0003416803567484092,0.7204878253989269,0.27917049424432466,CRITICAL,Schedule immediate inspection and preventive maintenance
104,1229,301.3,310.0,2068.0,17.8,301.13,0.0948683298076592,301.0,301.3,0.1000000000000227,309.79,0.1523883926880597,309.6,310.0,0.0,1628.9,235.8005041932197,1288.0,2068.0,443.0,35.870000000000005,12.389605858675807,17.8,58.4,-13.8,8.699999999999989,3854.776073856725,36810.4,301.3,0.178,72.33852223097145,1.0,1.0,0.0,0.0,36810.4,3.1684,22424.94189160115,0.0086073500967076,0.178,235.8005041932197,12.389605858675807,0.3586999999999999,0.0,1.0,2,2,0.2675941340976702,True,CRITICAL,0.00025910962456587866,0.7321467562777639,0.2675941340976702,CRITICAL,Schedule immediate inspection and preventive maintenance
105,338,297.1,307.9,1980.0,20.3,297.18,0.0632455533221736,297.1,297.3,-0.0999999999999659,307.89,0.0567646213257739,307.8,308.0,0.0,1605.4,173.90176026199472,1443.0,1980.0,348.0,35.760000000000005,8.691400603150694,20.3,48.2,-17.2,10.799999999999956,4209.105837279605,40194.0,297.1,0.203,77.49011304011768,0.0,1.0,0.0,0.0,40194.0,4.120900000000001,23859.205805052232,0.01025252525252,0.0,173.90176026199472,8.691400603150694,0.3576,0.0,1.0,2,2,0.26593711641243073,True,CRITICAL,0.00014813497090873545,0.7339147486166605,0.26593711641243073,CRITICAL,Schedule immediate inspection and preventive maintenance
106,451,301.8,310.7,2092.0,18.6,301.66,0.1173787790798119,301.5,301.8,0.0,310.54,0.1429840706159462,310.3,310.7,0.0,1529.6,271.790850962032,1270.0,2092.0,631.0,42.3,14.142135623730956,18.6,59.7,-25.6,8.899999999999977,4074.7713354121056,38911.2,301.8,0.186,46.74742814166964,1.0,0.0,1.0,0.0,38911.2,3.4596000000000005,14524.425923616756,0.0088910133843169,0.186,271.790850962032,14.142135623730956,0.4229999999999999,1.0,0.0,1,2,0.26111292999251934,True,CRITICAL,0.0004004993037769698,0.7384865707037037,0.26111292999251934,CRITICAL,Schedule immediate inspection and preventive maintenance
107,758,297.7,309.7,1616.0,31.1,297.58000000000004,0.078881063774627,297.5,297.7,0.0,309.55,0.1178511301986946,309.3,309.7,0.0999999999999659,1468.4,130.22220326128067,1278.0,1668.0,136.0,42.34,8.769669954514288,27.9,53.1,-16.799999999999997,12.0,5262.963564901814,50257.600000000006,297.7,0.311,58.6959880455596,1.0,1.0,0.0,0.0,50257.600000000006,9.6721,18178.147497709808,0.0192450495049385,0.311,130.22220326128067,8.769669954514288,0.4234,0.0,0.0,1,2,0.26105099487634664,True,CRITICAL,0.001192194153653109,0.7377568109700002,0.26105099487634664,CRITICAL,Schedule immediate inspection and preventive maintenance
108,799,301.8,310.9,1899.0,24.7,301.94,0.0843274042741157,301.8,302.0,0.0,310.98,0.0918936583830482,310.8,311.1,0.0999999999999659,1695.6,145.58632414405204,1546.0,1980.0,353.0,31.58,6.422495188355081,21.5,43.4,-18.7,9.099999999999966,4911.911529814178,46905.3,301.8,0.247,37.63366659148485,0.0,1.0,0.0,0.0,46905.3,6.100899999999999,11700.30694329264,0.0130068457082606,0.0,145.58632414405204,6.422495188355081,0.3157999999999999,1.0,0.0,1,2,0.2549789739546276,True,CRITICAL,0.0008088129252161807,0.7442122131201562,0.2549789739546276,CRITICAL,Schedule immediate inspection and preventive maintenance
109,1392,300.0,309.5,1879.0,22.4,299.98999999999995,0.0737864787770729,299.9,300.1,-0.1000000000000227,309.56000000000006,0.0516397780244697,309.5,309.6,-0.1000000000000227,1610.5,232.53207664033133,1321.0,2065.0,333.0,36.66,12.584664388762206,18.1,57.9,-14.300000000000004,9.5,4407.612605084431,42089.6,300.0,0.2239999999999999,55.66562807005552,0.0,0.0,1.0,0.0,42089.6,5.017599999999997,17228.511887682183,0.0119212346993017,0.0,232.53207664033133,12.584664388762206,0.3665999999999999,0.0,1.0,1,2,0.2519600006818732,True,CRITICAL,0.0003717635440248731,0.747668235774102,0.2519600006818732,CRITICAL,Schedule immediate inspection and preventive maintenance
110,1737,298.2,308.7,1991.0,20.5,298.23999999999995,0.0516397780493967,298.2,298.3,0.0,308.89,0.1370320319904386,308.7,309.1,-0.1000000000000227,1532.5,217.1657073399097,1302.0,1991.0,689.0,42.98,14.448821559021471,20.5,60.9,-39.9,10.5,4274.189165086474,40815.5,298.2,0.205,84.56896092241479,0.0,0.0,0.0,0.0,40815.5,4.2025,26106.438236749444,0.0102963335007482,0.0,217.1657073399097,14.448821559021471,0.4298,1.0,0.0,1,2,0.25053268170548304,True,CRITICAL,0.0002963179053917405,0.7491710003891253,0.25053268170548304,CRITICAL,Schedule immediate inspection and preventive maintenance
111,1467,301.9,310.4,1889.0,21.5,301.96,0.0516397779522979,301.9,302.0,-0.1000000000000227,310.43999999999994,0.0516397779968787,310.4,310.5,-0.1000000000000227,1539.6,246.7631342896335,1212.0,1889.0,626.0,39.86,13.156004121481756,21.5,60.6,-39.1,8.5,4253.035774552302,40613.5,301.9,0.215,78.03642796940423,1.0,0.0,1.0,0.0,40613.5,4.6225,24222.50724170307,0.0113816834303804,0.215,246.7631342896335,13.156004121481756,0.3986,1.0,0.0,1,2,0.25041331389667704,True,CRITICAL,0.0003689908366098892,0.749217695266713,0.25041331389667704,CRITICAL,Schedule immediate inspection and preventive maintenance
112,426,301.1,310.4,1874.0,24.8,301.09000000000003,0.0567646212558195,301.0,301.2,0.0,310.11,0.1197219000105907,310.0,310.4,0.1999999999999886,1566.4,201.7293015679911,1212.0,1874.0,24.0,39.540000000000006,12.708457376443816,24.8,67.9,-2.8999999999999986,9.299999999999956,4866.871563137212,46475.2,301.1,0.248,62.722761393331965,0.0,1.0,0.0,0.0,46475.2,6.1504,19469.14513649024,0.0132337246531412,0.0,201.7293015679911,12.708457376443816,0.3954,1.0,0.0,1,2,0.24955556760515354,True,CRITICAL,0.0007779171721245619,0.749666515222722,0.24955556760515354,CRITICAL,Schedule immediate inspection and preventive maintenance
113,406,301.2,309.9,1984.0,19.7,301.09,0.0737864787405508,301.0,301.2,0.0999999999999659,309.73,0.0948683298245852,309.6,309.9,0.0999999999999659,1566.6,184.80211638999447,1288.0,1984.0,465.0,38.16,10.929694516418229,19.7,58.4,-19.9,8.699999999999989,4092.9506849008776,39084.8,301.2,0.1969999999999999,52.34285054644448,0.0,1.0,0.0,0.0,39084.8,3.880899999999998,16221.049384343143,0.0099294354838659,0.0,184.80211638999447,10.929694516418229,0.3816,1.0,0.0,2,2,0.24947574556644223,True,CRITICAL,0.00022307092036955703,0.7503011835131881,0.24947574556644223,CRITICAL,Schedule immediate inspection and preventive maintenance
114,1941,301.0,310.9,1910.0,21.9,301.02,0.0421637021845449,301.0,301.1,0.0,310.92,0.0788810638390654,310.8,311.0,0.0,1611.8,226.32758951965164,1413.0,1975.0,460.0,36.48,12.262118722127816,19.7,56.0,-24.0,9.899999999999975,4380.322636900249,41829.0,301.0,0.2189999999999999,67.28426625871204,0.0,1.0,0.0,0.0,41829.0,4.796099999999997,20918.67837983357,0.0114659685863814,0.0,226.32758951965164,12.262118722127816,0.3647999999999999,0.0,1.0,1,2,0.2466963361889725,True,CRITICAL,0.00027152198529599447,0.7530321418257315,0.2466963361889725,CRITICAL,Schedule immediate inspection and preventive maintenance
115,618,297.9,309.8,2000.0,21.3,297.69,0.1370320319406583,297.5,297.9,0.0,309.65,0.0707106781203152,309.6,309.8,0.1000000000000227,1571.5,301.14420687327413,1278.0,2194.0,-194.0,39.25,12.807658299279778,16.8,53.1,4.5,11.900000000000034,4461.061568097506,42600.0,297.9,0.213,68.06519811434333,1.0,1.0,0.0,0.0,42600.0,4.5369,21086.598375823563,0.0106499999999946,0.213,301.14420687327413,12.807658299279778,0.3924999999999999,1.0,0.0,1,2,0.24445047317548443,True,CRITICAL,0.0006740374810895294,0.754875489343426,0.24445047317548443,CRITICAL,Schedule immediate inspection and preventive maintenance
116,1800,302.3,310.8,1721.0,28.4,302.38,0.0788810637760863,302.3,302.5,0.0,310.97,0.1159501809005107,310.8,311.1,0.0,1650.5,215.6500508797608,1432.0,2211.0,-2.0,33.300000000000004,8.723276652471677,15.4,44.5,2.099999999999998,8.5,5118.324639130539,48876.4,302.3,0.284,57.90073121579729,0.0,0.0,0.0,0.0,48876.4,8.065599999999998,17995.5472618698,0.0165020337013268,0.0,215.6500508797608,8.723276652471677,0.333,0.0,1.0,2,2,0.2430807359569206,True,CRITICAL,0.0002407212658612433,0.756678542777218,0.2430807359569206,CRITICAL,Schedule immediate inspection and preventive maintenance
117,112,301.3,310.1,1355.0,53.6,301.25,0.0707106781224465,301.1,301.3,0.0,310.0,0.1054092553592244,309.8,310.1,0.0,1602.0,245.1725016300858,1344.0,2068.0,-100.0,37.010000000000005,12.34345980671548,17.8,54.8,9.5,8.800000000000011,7605.58637483065,72628.0,301.3,0.536,82.93488706826992,0.0,1.0,0.0,0.0,72628.0,28.7296,25718.1084798705,0.0395571955719265,0.0,245.1725016300858,12.34345980671548,0.3701,1.0,0.0,1,2,0.23809371584060188,True,CRITICAL,0.2434457359608949,0.5184605481985033,0.23809371584060188,CRITICAL,Schedule immediate inspection and preventive maintenance
118,1444,302.5,311.5,1802.0,26.4,302.6,0.06666666666748,302.5,302.7,0.0,311.58000000000004,0.0632455532685224,311.5,311.7,0.0,1682.9,269.65922939888173,1227.0,2041.0,-183.0,35.239999999999995,16.96415829526084,18.8,68.2,7.599999999999998,9.0,4981.811966356549,47572.8,302.5,0.264,73.16906298917813,0.0,1.0,0.0,0.0,47572.8,6.9696,22792.163121128982,0.0146503884572615,0.0,269.65922939888173,16.96415829526084,0.3524,1.0,0.0,1,2,0.23793104279795943,True,CRITICAL,6.258181965098919e-05,0.7620063753823896,0.23793104279795943,CRITICAL,Schedule immediate inspection and preventive maintenance
119,207,301.0,311.6,1352.0,63.5,300.97,0.067494855803355,300.9,301.1,0.0,311.54,0.1074967700340225,311.4,311.7,0.0,1433.9,59.5491393724458,1352.0,1532.0,-102.0,45.28,6.723722513938295,40.0,63.5,23.5,10.600000000000025,8990.40041653303,85852.0,301.0,0.635,53.102792508624574,0.0,1.0,0.0,0.0,85852.0,40.3225,16546.830145687418,0.046967455621267,0.0,59.5491393724458,6.723722513938295,0.4528,1.0,0.0,0,2,0.23641601339923246,True,CRITICAL,0.7179156628537632,0.045668323747004295,0.23641601339923246,CRITICAL,Schedule immediate inspection and preventive maintenance
120,1062,298.7,309.7,1881.0,21.7,298.81,0.0994428926439294,298.6,298.9,-0.1000000000000227,309.75,0.0707106782046981,309.6,309.8,-0.1000000000000227,1611.0,214.22158828859205,1353.0,1953.0,247.0,38.38,13.936506815634388,20.6,62.5,-11.900000000000002,11.0,4274.419548547737,40817.7,298.7,0.217,70.50858037015007,0.0,0.0,0.0,0.0,40817.7,4.7089,21836.507340635475,0.0115364167995685,0.0,214.22158828859205,13.936506815634388,0.3838,1.0,0.0,1,2,0.23103603850391735,True,CRITICAL,0.00031485265071514866,0.7686491088453674,0.23103603850391735,CRITICAL,Schedule immediate inspection and preventive maintenance
121,122,303.7,312.4,1702.0,31.2,303.68,0.0632455532255349,303.6,303.8,-0.1000000000000227,312.42,0.0421637022885886,312.4,312.5,-0.1000000000000227,1551.7,162.389141673118,1316.0,1781.0,83.0,38.41,11.47900982953962,26.5,59.3,0.3000000000000007,8.699999999999989,5560.87032426622,53102.4,303.7,0.312,65.35143271922733,0.0,0.0,0.0,0.0,53102.4,9.7344,20415.787581486617,0.0183313748531032,0.0,162.389141673118,11.47900982953962,0.3841,1.0,0.0,1,2,0.23099343915429815,True,CRITICAL,0.0003179247605916769,0.7686886360851101,0.23099343915429815,CRITICAL,Schedule immediate inspection and preventive maintenance
122,39,300.4,309.5,1888.0,21.9,300.47,0.0483045891564096,300.4,300.5,-0.1000000000000227,309.66,0.1264911064217535,309.5,309.8,-0.1000000000000227,1540.4,191.66997098600703,1305.0,1888.0,522.0,40.3,11.002121007636084,21.9,54.2,-28.300000000000004,9.100000000000025,4329.868658883596,41347.2,300.4,0.2189999999999999,37.0009820369503,0.0,0.0,1.0,0.0,41347.2,4.796099999999997,11451.803940436115,0.0115995762711802,0.0,191.66997098600703,11.002121007636084,0.403,0.0,1.0,2,2,0.22399426174569445,True,CRITICAL,0.0002127945717378889,0.7757929436825677,0.22399426174569445,CRITICAL,Schedule immediate inspection and preventive maintenance
123,92,298.8,308.6,1872.0,22.5,298.82000000000005,0.0421637021364582,298.8,298.9,-0.0999999999999659,308.74,0.0699205898797314,308.6,308.8,-0.0999999999999659,1603.5,186.33556945587296,1441.0,1991.0,300.0,36.09,9.56747383354434,20.7,48.5,-11.6,9.800000000000011,4410.79608564007,42120.0,298.8,0.225,48.1440350994663,1.0,1.0,0.0,0.0,42120.0,5.0625,14857.2492316953,0.0120192307692243,0.225,186.33556945587296,9.56747383354434,0.3609,1.0,0.0,1,2,0.21829102104182002,True,CRITICAL,0.00036685309683208217,0.7813421258613479,0.21829102104182002,CRITICAL,Schedule immediate inspection and preventive maintenance
124,209,299.8,309.3,1663.0,35.2,299.85,0.0849836585611294,299.7,300.0,0.1000000000000227,309.34000000000003,0.0699205898983862,309.2,309.4,0.1000000000000227,1599.0,261.4587284193547,1291.0,2256.0,-28.0,36.6,10.988175462741792,15.9,56.4,7.5000000000000036,9.5,6130.043137292597,58537.600000000006,299.8,0.352,72.92229784999321,1.0,0.0,0.0,0.0,58537.600000000006,12.3904,22554.866725002903,0.0211665664461688,0.352,261.4587284193547,10.988175462741792,0.366,0.0,1.0,2,2,0.21811915768418708,True,CRITICAL,0.0004335743825576125,0.7814472679332553,0.21811915768418708,CRITICAL,Schedule immediate inspection and preventive maintenance
125,1860,298.6,309.4,2312.0,15.5,298.37,0.1059349906000631,298.3,298.6,0.1000000000000227,309.18,0.1135292425096421,309.0,309.4,0.1999999999999886,1510.9,290.4083140836156,1339.0,2312.0,744.0,43.89,11.75485242593685,15.5,58.8,-25.1,10.799999999999956,3752.737144468128,35836.0,298.6,0.155,50.29982043786183,0.0,0.0,0.0,0.0,35836.0,2.4025,15562.76444347445,0.006704152249132,0.0,290.4083140836156,11.75485242593685,0.4388999999999999,1.0,0.0,1,2,0.21792688993539852,True,CRITICAL,0.00025744419392926426,0.7818156658706722,0.21792688993539852,CRITICAL,Schedule immediate inspection and preventive maintenance
126,1045,300.9,310.0,1671.0,26.8,300.74,0.0966091783320378,300.6,300.9,0.0999999999999659,309.88,0.0918936583922111,309.7,310.0,0.1000000000000227,1580.8,230.7349609881878,1312.0,2041.0,-370.0,39.89,14.645625057788878,19.2,65.3,7.600000000000001,9.100000000000025,4689.6438495727,44782.8,300.9,0.268,79.32180276776953,1.0,0.0,1.0,0.0,44782.8,7.1824,24589.75885800856,0.0160383004189012,0.268,230.7349609881878,14.645625057788878,0.3989,1.0,0.0,1,2,0.21425849731562174,True,CRITICAL,0.000155137077420089,0.7855863656069582,0.21425849731562174,CRITICAL,Schedule immediate inspection and preventive maintenance
127,182,301.5,310.7,1942.0,20.5,301.5,0.0471404521150407,301.4,301.6,0.0,310.68,0.0632455532841053,310.6,310.8,0.0,1668.6,199.3412484493145,1394.0,1961.0,71.0,31.62,9.102234157978572,20.5,46.7,-0.8000000000000007,9.199999999999989,4168.998171068775,39811.0,301.5,0.205,60.486135278324056,1.0,0.0,0.0,0.0,39811.0,4.2025,18793.042230975283,0.0105561277033931,0.205,199.3412484493145,9.102234157978572,0.3162,1.0,0.0,2,2,0.2132378741872471,True,CRITICAL,0.0003889664965070385,0.786373159316246,0.2132378741872471,CRITICAL,Schedule immediate inspection and preventive maintenance
128,116,299.7,311.2,1835.0,23.7,299.8,0.0942809041909905,299.7,299.9,0.0,311.26,0.0966091783659112,311.1,311.4,0.0,1527.5,141.55112935692583,1352.0,1835.0,219.0,39.78,9.110531146852978,23.7,52.3,-18.6,11.5,4554.209790276443,43489.5,299.7,0.237,40.37893513569313,1.0,1.0,0.0,0.0,43489.5,5.616899999999999,12565.924614227702,0.0129155313351428,0.237,141.55112935692583,9.110531146852978,0.3978,1.0,0.0,1,2,0.20995157527531763,True,CRITICAL,0.00011234144608321626,0.7899360832785991,0.20995157527531763,CRITICAL,Schedule immediate inspection and preventive maintenance
129,1886,300.8,309.7,1997.0,20.7,300.61,0.1100504934628837,300.4,300.8,0.1000000000000227,309.45,0.1581138830184343,309.2,309.7,0.0,1577.4,201.1203067265386,1380.0,1997.0,374.0,39.3,10.71706842170732,20.7,51.5,-12.000000000000004,8.899999999999977,4328.894765160983,41337.9,300.8,0.207,52.00544682514344,0.0,0.0,0.0,0.0,41337.9,4.2849,16106.086881746922,0.0103655483224785,0.0,201.1203067265386,10.71706842170732,0.393,1.0,0.0,1,2,0.20884659671828099,True,CRITICAL,0.0003094296016893873,0.7908439736800296,0.20884659671828099,CRITICAL,Schedule immediate inspection and preventive maintenance
130,950,299.0,310.1,1362.0,59.5,299.05,0.0707106781612898,298.9,299.1,-0.1000000000000227,310.05,0.0707106782300174,309.9,310.1,0.0,1463.8,176.84318225792853,1338.0,1894.0,-5.0,44.81,10.64283274738854,24.2,59.5,13.9,11.100000000000025,8486.384235142108,81039.0,299.0,0.595,54.03230733487287,0.0,0.0,1.0,0.0,81039.0,35.4025,16755.41850454408,0.0436857562407902,0.0,176.84318225792853,10.64283274738854,0.4480999999999999,1.0,0.0,0,2,0.20718514749434583,True,CRITICAL,0.7024885442352397,0.09032630827041455,0.20718514749434583,CRITICAL,Schedule immediate inspection and preventive maintenance
131,536,299.5,309.3,1972.0,19.3,299.47,0.0948683298053947,299.3,299.6,0.0,309.16,0.0843274042839416,309.0,309.3,0.1000000000000227,1584.5,229.76328398302888,1304.0,1972.0,473.0,35.529999999999994,11.047478344752664,19.3,50.5,-22.2,9.800000000000011,3985.591991952203,38059.6,299.5,0.193,64.72369274563096,0.0,1.0,0.0,0.0,38059.6,3.7249,20019.03816622365,0.0097870182555731,0.0,229.76328398302888,11.047478344752664,0.3553,1.0,0.0,2,2,0.20618193296800327,True,CRITICAL,0.0002644934429489609,0.7935535735890478,0.20618193296800327,CRITICAL,Schedule immediate inspection and preventive maintenance
132,1489,298.0,307.5,1644.0,32.8,298.06,0.107496769977973,297.9,298.2,0.1000000000000227,307.73,0.1494434118102983,307.5,307.9,0.0,1515.8,100.3425244959595,1384.0,1647.0,-3.0,38.010000000000005,6.720358786718346,30.8,49.8,1.9999999999999964,9.5,5646.824299268437,53923.2,298.0,0.3279999999999999,61.70508450429328,0.0,1.0,0.0,0.0,53923.2,10.758399999999996,18974.313485070183,0.0199513381995012,0.0,100.3425244959595,6.720358786718346,0.3801,1.0,0.0,2,2,0.20387484719635343,True,CRITICAL,0.0006008968583629218,0.7955242559452836,0.20387484719635343,CRITICAL,Schedule immediate inspection and preventive maintenance
133,1734,299.2,309.0,1881.0,23.9,299.32,0.0632455532037317,299.2,299.4,-0.1999999999999886,309.14,0.0843274042835811,309.0,309.3,-0.1000000000000227,1523.3,137.52013993916793,1366.0,1881.0,441.0,40.58,7.5628918631257775,23.9,50.0,-26.1,9.800000000000011,4707.770839183912,44955.9,299.2,0.239,79.0662444732476,0.0,1.0,0.0,0.0,44955.9,5.7121,24431.469542233503,0.0127060074428427,0.0,137.52013993916793,7.5628918631257775,0.4058,0.0,1.0,1,2,0.20335857250006859,True,CRITICAL,0.0003394045125969291,0.7963020229873344,0.20335857250006859,CRITICAL,Schedule immediate inspection and preventive maintenance
134,1234,302.9,312.4,2030.0,19.1,302.93,0.082327260248989,302.8,303.1,0.0999999999999659,312.36,0.0843274043517258,312.3,312.5,0.0999999999999659,1596.5,199.90344891693903,1336.0,2030.0,694.0,37.68,11.349184992764936,19.1,57.5,-38.4,9.5,4060.299065254569,38773.0,302.9,0.191,71.01621386632007,1.0,1.0,0.0,0.0,38773.0,3.6481,22185.46521183839,0.0094088669950692,0.191,199.90344891693903,11.349184992764936,0.3767999999999999,1.0,0.0,2,2,0.20275604841330996,True,CRITICAL,0.00018458877043907372,0.7970593628162509,0.20275604841330996,CRITICAL,Schedule immediate inspection and preventive maintenance
135,396,302.5,311.4,1629.0,31.7,302.49,0.073786478738159,302.4,302.6,0.0,311.37,0.1494434118351345,311.1,311.5,0.0,1527.9,101.72998028549746,1330.0,1674.0,-45.0,38.88,8.58199665967465,27.0,58.6,4.699999999999999,8.899999999999977,5407.654850550647,51639.3,302.5,0.317,71.18976150873928,0.0,1.0,0.0,0.0,51639.3,10.0489,22168.49173382141,0.0194597912829837,0.0,101.72998028549746,8.58199665967465,0.3887999999999999,0.0,1.0,2,2,0.1976232861581851,True,CRITICAL,0.0005603319940759023,0.801816381847739,0.1976232861581851,CRITICAL,Schedule immediate inspection and preventive maintenance
136,1086,298.9,309.3,1665.0,32.5,299.03000000000003,0.0674948557721482,298.9,299.1,-0.1000000000000227,309.42,0.063245553204866,309.3,309.5,-0.0999999999999659,1609.8,182.52171864678968,1339.0,1861.0,246.0,35.3,9.555219632338256,23.3,48.3,-15.799999999999995,10.400000000000034,5666.647748912589,54112.5,298.9,0.325,79.7553112865046,0.0,0.0,1.0,0.0,54112.5,10.5625,24668.31778091588,0.0195195195195077,0.0,182.52171864678968,9.555219632338256,0.353,1.0,0.0,1,2,0.19543818025134466,True,CRITICAL,0.0006428293521344347,0.8039189903965209,0.19543818025134466,CRITICAL,Schedule immediate inspection and preventive maintenance
137,531,302.3,311.2,1297.0,62.5,302.18,0.0632455532065284,302.1,302.3,0.1000000000000227,311.11,0.0567646212799747,311.0,311.2,0.0,1516.7,124.92313192074512,1297.0,1711.0,-264.0,40.620000000000005,10.693902727982708,28.7,62.5,27.6,8.899999999999977,8488.84514938742,81062.5,302.3,0.625,81.09227497738925,0.0,0.0,0.0,0.0,81062.5,39.0625,25235.915972963536,0.0481881264456066,0.0,124.92313192074512,10.693902727982708,0.4062,1.0,0.0,0,2,0.19417376863149954,True,CRITICAL,0.7027041267291413,0.10312210463935928,0.19417376863149954,CRITICAL,Schedule immediate inspection and preventive maintenance
138,16,303.9,313.2,1680.0,29.1,303.81,0.0875595035937871,303.7,303.9,0.0,313.14,0.051639778104134,313.1,313.2,0.0999999999999659,1536.6,246.5437531600041,1309.0,2130.0,255.0,40.8,12.453736610172696,18.1,55.8,-20.2,9.300000000000011,5119.539388289927,48888.0,303.9,0.291,38.804468567478814,0.0,0.0,0.0,0.0,48888.0,8.4681,12153.559555334365,0.0173214285714182,0.0,246.5437531600041,12.453736610172696,0.408,0.0,0.0,2,2,0.18829343056921358,True,CRITICAL,0.00021865674452601047,0.8114879126862604,0.18829343056921358,CRITICAL,Schedule immediate inspection and preventive maintenance
139,905,303.6,312.9,1873.0,23.5,303.87,0.1337493509962094,303.6,304.0,-0.0999999999999659,313.12,0.1398411798129584,312.9,313.3,0.0,1539.1,144.93097974169518,1422.0,1873.0,413.0,39.59,9.215982494196366,23.5,49.8,-26.3,9.299999999999956,4609.292381469385,44015.5,303.6,0.235,43.11404121570119,0.0,0.0,1.0,0.0,44015.5,5.5225,13490.383496392902,0.0125467164975907,0.0,144.93097974169518,9.215982494196366,0.3959,1.0,0.0,1,2,0.18386824318367578,True,CRITICAL,0.0002905854821888417,0.8158411713341354,0.18386824318367578,CRITICAL,Schedule immediate inspection and preventive maintenance
140,1266,301.2,310.7,1747.0,27.3,301.3,0.0942809041781077,301.2,301.5,-0.1000000000000227,310.81,0.0994428926542676,310.7,311.0,-0.1000000000000227,1547.7,181.0672373579576,1381.0,1962.0,366.0,38.64,9.088356409286725,22.5,52.6,-20.6,9.5,4994.409752897444,47693.1,301.2,0.273,62.46100499434319,0.0,0.0,0.0,0.0,47693.1,7.4529,19406.634251742427,0.015626788780758,0.0,181.0672373579576,9.088356409286725,0.3863999999999999,0.0,0.0,1,2,0.183172891497263,True,CRITICAL,0.0001688768815088688,0.8166582316212281,0.183172891497263,CRITICAL,Schedule immediate inspection and preventive maintenance
141,1050,299.0,309.9,1373.0,55.7,299.17,0.1494434118272509,299.0,299.4,0.0,310.15,0.2121320343928519,309.9,310.5,-0.1000000000000227,1536.9,121.0421873195856,1373.0,1749.0,-115.0,39.28,8.57331778121982,28.1,55.7,9.400000000000006,10.899999999999975,8008.558464506613,76476.1,299.0,0.557,47.13035084767261,0.0,1.0,0.0,0.0,76476.1,31.02490000000001,14605.69572769374,0.0405680990531387,0.0,121.0421873195856,8.57331778121982,0.3928,1.0,0.0,2,2,0.18301805665654758,True,CRITICAL,0.5428476014612296,0.2741343418822228,0.18301805665654758,CRITICAL,Schedule immediate inspection and preventive maintenance
142,991,300.6,309.4,1367.0,63.2,300.61,0.1197218999750132,300.5,300.8,0.1000000000000227,309.47,0.1251665557163549,309.3,309.7,0.0,1574.0,138.68189018998072,1367.0,1877.0,-135.0,37.7,11.377951387564396,23.8,63.2,28.90000000000001,8.799999999999955,9047.200411709931,86394.40000000001,300.6,0.632,45.262876486813504,1.0,1.0,0.0,0.0,86394.40000000001,39.9424,14004.333985020095,0.0462326261887006,0.632,138.68189018998072,11.377951387564396,0.377,0.0,1.0,2,2,0.18197661488294797,True,CRITICAL,0.7577037599884872,0.060319625128564786,0.18197661488294797,CRITICAL,Schedule immediate inspection and preventive maintenance
143,100,302.7,312.0,1944.0,21.4,302.53000000000003,0.0823272602488678,302.4,302.7,0.0999999999999659,311.9,0.0666666667570244,311.8,312.0,0.1000000000000227,1514.9,185.48761563930503,1298.0,1944.0,346.0,41.42999999999999,11.84211411305711,21.4,59.4,-14.1,9.300000000000011,4356.509364586038,41601.6,302.7,0.214,49.55394406878232,0.0,0.0,0.0,0.0,41601.6,4.579599999999999,15460.830549460085,0.0110082304526692,0.0,185.48761563930503,11.84211411305711,0.4143,0.0,1.0,1,2,0.17504625917236669,True,CRITICAL,0.0007317248496332049,0.824222015978,0.17504625917236669,CRITICAL,Schedule immediate inspection and preventive maintenance
144,1201,300.5,311.4,2072.0,18.8,300.5,0.0471404521238571,300.4,300.6,0.0,311.45,0.0707106781937511,311.4,311.6,-0.1000000000000227,1575.7,233.6255551090217,1309.0,2072.0,573.0,37.78,11.75838235283906,18.8,55.5,-18.8,10.899999999999975,4079.2114530291774,38953.6,300.5,0.188,61.81748139497781,0.0,0.0,0.0,0.0,38953.6,3.5344,19249.963706396087,0.0090733590733546,0.0,233.6255551090217,11.75838235283906,0.3778,0.0,1.0,1,2,0.17378732404598082,True,CRITICAL,0.0006105155287095193,0.8256021604253097,0.17378732404598082,CRITICAL,Schedule immediate inspection and preventive maintenance
145,1327,302.2,310.8,1827.0,23.8,302.38,0.091893658348529,302.2,302.5,-0.1000000000000227,311.03000000000003,0.1251665557296492,310.8,311.1,0.0,1623.7,189.6230471224397,1366.0,1887.0,362.0,35.43,11.017163377607174,22.4,54.4,-20.0,8.600000000000023,4553.487223966118,43482.6,302.2,0.238,52.75666076578953,0.0,1.0,0.0,0.0,43482.6,5.6644,16396.770166007387,0.0130268199233645,0.0,189.6230471224397,11.017163377607174,0.3542999999999999,1.0,0.0,1,2,0.1724440438485724,True,CRITICAL,0.0001569285213780078,0.8273990276300496,0.1724440438485724,CRITICAL,Schedule immediate inspection and preventive maintenance
146,579,298.8,308.8,1991.0,20.7,298.92,0.1032795558993116,298.8,299.1,0.0,308.9,0.0816496580938039,308.8,309.0,-0.0999999999999659,1637.0,193.7650352589156,1351.0,1991.0,139.0,34.22,9.718344623557156,20.7,52.2,-4.300000000000001,10.0,4315.888571575122,41213.7,298.8,0.207,65.87786566048092,0.0,0.0,0.0,0.0,41213.7,4.2849,20343.084915956508,0.0103967855349018,0.0,193.7650352589156,9.718344623557156,0.3421999999999999,1.0,0.0,1,2,0.17228079676617178,True,CRITICAL,0.00026438317998818254,0.82745482005384,0.17228079676617178,CRITICAL,Schedule immediate inspection and preventive maintenance
147,1567,300.7,309.5,1685.0,31.1,300.7,5.839649174910956e-07,300.7,300.7,0.0,309.52,0.0421637021750853,309.5,309.6,0.0,1656.2,205.2731513536674,1445.0,2007.0,240.0,33.52,11.27344963472439,19.7,49.9,-15.299999999999995,8.800000000000011,5487.681687413091,52403.5,300.7,0.311,77.47111347274449,0.0,0.0,0.0,0.0,52403.5,9.6721,23977.30961981442,0.0184569732937575,0.0,205.2731513536674,11.27344963472439,0.3352,1.0,0.0,1,2,0.17073645739608034,True,CRITICAL,0.0012207056831625403,0.8280428369207571,0.17073645739608034,CRITICAL,Schedule immediate inspection and preventive maintenance
148,833,300.4,311.3,2026.0,20.3,300.44,0.0516397779920871,300.4,300.5,0.0,311.14,0.1173787791231237,311.0,311.3,0.0,1659.3,241.1007396642831,1351.0,2074.0,387.0,35.160000000000004,12.585282409756903,18.9,62.0,-14.3,10.900000000000034,4306.893144610343,41127.8,300.4,0.203,54.580094046077775,0.0,0.0,0.0,0.0,41127.8,4.120900000000001,16990.78327654401,0.0100197433366189,0.0,241.1007396642831,12.585282409756903,0.3515999999999999,0.0,0.0,1,2,0.16966321149290628,True,CRITICAL,0.00036375538734926833,0.8299730331197445,0.16966321149290628,CRITICAL,Schedule immediate inspection and preventive maintenance
149,672,297.4,309.3,1759.0,24.8,297.52000000000004,0.0788810637746694,297.4,297.6,0.0,309.42,0.1135292424407859,309.3,309.6,0.0,1583.7,118.49430366055591,1365.0,1759.0,394.0,36.73,8.023029353056065,24.8,52.4,-27.6,11.900000000000034,4568.210821535942,43623.2,297.4,0.248,51.5316477429771,0.0,0.0,1.0,0.0,43623.2,6.1504,15938.738646902815,0.0140989198408106,0.0,118.49430366055591,8.023029353056065,0.3673,1.0,0.0,1,2,0.16959882905804252,True,CRITICAL,0.00022341372519225295,0.8301777572167651,0.16959882905804252,CRITICAL,Schedule immediate inspection and preventive maintenance
150,933,299.7,311.1,1618.0,30.3,299.58000000000004,0.0632455532568471,299.5,299.7,0.0999999999999659,310.81,0.119721900021378,310.7,311.1,0.2000000000000454,1493.2,124.4800742644704,1283.0,1679.0,-61.0,41.36,8.322152499337012,30.3,52.4,-0.8999999999999986,11.400000000000034,5133.927882643368,49025.4,299.7,0.303,68.54288516653477,0.0,0.0,1.0,0.0,49025.4,9.1809,21323.69157530897,0.0187268232385545,0.0,124.4800742644704,8.322152499337012,0.4136,0.0,1.0,1,2,0.1694765890991105,True,CRITICAL,0.0008532382635086013,0.8296701726373809,0.1694765890991105,CRITICAL,Schedule immediate inspection and preventive maintenance
151,102,302.3,310.8,1723.0,26.3,302.4,0.0816496580941856,302.3,302.5,0.0,310.99,0.0994428926337399,310.8,311.1,-0.0999999999999659,1634.7,215.69888991626755,1432.0,2211.0,200.0,34.02,8.569688183099624,15.4,44.5,-16.900000000000002,8.5,4745.365231271871,45314.9,302.3,0.263,67.1358577372779,0.0,0.0,0.0,0.0,45314.9,6.9169,20865.824584745973,0.0152640742890219,0.0,215.69888991626755,8.569688183099624,0.3402,1.0,0.0,2,2,0.16741176147068765,True,CRITICAL,0.0002518704486647718,0.8323363680806476,0.16741176147068765,CRITICAL,Schedule immediate inspection and preventive maintenance
152,706,301.8,311.1,1647.0,31.6,301.71,0.0567646212238463,301.6,301.8,0.0,310.86,0.1264911064314035,310.7,311.1,0.1000000000000227,1598.5,166.94526714531654,1318.0,1954.0,41.0,36.38,9.107847654022809,21.6,55.0,-1.6999999999999955,9.300000000000011,5450.160599153717,52045.2,301.8,0.316,72.3360800842031,1.0,1.0,0.0,0.0,52045.2,9.9856,22503.75451419559,0.0191863995142567,0.316,166.94526714531654,9.107847654022809,0.3637999999999999,0.0,1.0,1,2,0.167122154652047,True,CRITICAL,0.0005804840884939064,0.8322973612594591,0.167122154652047,CRITICAL,Schedule immediate inspection and preventive maintenance
153,498,300.3,311.6,1709.0,29.5,300.3,0.0666666667020395,300.2,300.4,0.0,311.52,0.1032795559505161,311.4,311.7,0.1000000000000227,1498.8,219.72548529674023,1200.0,1960.0,161.0,44.41,16.10800008277447,20.9,76.6,-2.700000000000003,11.300000000000011,5279.498814235207,50415.5,300.3,0.295,76.43721328642386,0.0,0.0,0.0,0.0,50415.5,8.702499999999999,23817.83566004968,0.0172615564657593,0.0,219.72548529674023,16.10800008277447,0.4441,1.0,0.0,1,2,0.16509420664886404,True,CRITICAL,0.000738790437516862,0.8341670029136192,0.16509420664886404,CRITICAL,Schedule immediate inspection and preventive maintenance
154,1431,300.2,309.7,1678.0,30.5,300.2,0.0816496581261421,300.1,300.3,0.0999999999999659,309.75,0.0971825316219867,309.6,309.9,0.0,1542.3,116.2583808209522,1410.0,1680.0,-2.0,40.59,8.358688094830821,30.1,55.0,-3.299999999999997,9.5,5359.452347269067,51179.0,300.2,0.305,43.62928970246361,0.0,0.0,0.0,0.0,51179.0,9.3025,13511.99102085298,0.0181764004767472,0.0,116.2583808209522,8.358688094830821,0.4059,1.0,0.0,1,2,0.1620453440181992,True,CRITICAL,0.00036506617750217197,0.8375895898042985,0.1620453440181992,CRITICAL,Schedule immediate inspection and preventive maintenance
155,1061,302.0,310.7,2157.0,17.8,302.13,0.1418136492417056,301.9,302.3,0.1000000000000227,310.75,0.1080123450000549,310.6,310.9,0.0999999999999659,1594.6,239.060754714034,1314.0,2157.0,584.0,38.18,12.529768996717856,17.8,60.5,-18.8,8.699999999999989,4020.673109917289,38394.6,302.0,0.178,40.95500288046778,0.0,0.0,1.0,0.0,38394.6,3.1684,12724.71939496134,0.0082522021325877,0.0,239.060754714034,12.529768996717856,0.3818,0.0,1.0,1,2,0.16147649616177245,True,CRITICAL,0.00048709498000277585,0.8380364088582248,0.16147649616177245,CRITICAL,Schedule immediate inspection and preventive maintenance
156,1243,301.2,310.9,1798.0,22.3,301.36,0.0966091783273234,301.2,301.5,0.0,311.16,0.1349897115803123,310.9,311.3,-0.1000000000000227,1664.8,267.0176024160174,1397.0,2323.0,225.0,32.19,9.322070585444193,15.9,47.6,-10.499999999999996,9.699999999999989,4198.780469424807,40095.4,301.2,0.223,42.8973186210884,0.0,0.0,1.0,0.0,40095.4,4.9729,13336.776359296384,0.0124026696329185,0.0,267.0176024160174,9.322070585444193,0.3218999999999999,0.0,0.0,1,2,0.15842995922814615,True,CRITICAL,0.0003181255614630109,0.8412519152103908,0.15842995922814615,CRITICAL,Schedule immediate inspection and preventive maintenance
157,401,302.7,310.7,1977.0,20.0,302.71,0.0737864787434293,302.6,302.9,0.0,310.66,0.0843274043043162,310.5,310.8,0.0,1585.7,200.7342355786172,1349.0,1977.0,579.0,37.540000000000006,12.545136286403793,20.0,57.7,-37.7,8.0,4140.619117431347,39540.0,302.7,0.2,76.3835567784597,0.0,1.0,0.0,0.0,39540.0,4.0,23732.37109106743,0.0101163378856802,0.0,200.7342355786172,12.545136286403793,0.3754,1.0,0.0,1,2,0.15744228793974335,True,CRITICAL,0.00033087285414965076,0.842226839206107,0.15744228793974335,CRITICAL,Schedule immediate inspection and preventive maintenance
158,932,298.8,309.6,1890.0,24.0,298.71000000000004,0.0875595036211016,298.6,298.8,0.0,309.51,0.0994428926721256,309.4,309.6,0.0,1598.5,172.6546006080032,1375.0,1890.0,197.0,37.4,8.631595706730469,24.0,48.3,-9.299999999999995,10.800000000000011,4750.088092227767,45360.0,298.8,0.24,49.62022467802567,0.0,1.0,0.0,0.0,45360.0,5.76,15362.421560316749,0.0126984126984059,0.0,172.6546006080032,8.631595706730469,0.3739999999999999,1.0,0.0,2,2,0.15667325916488514,True,CRITICAL,0.0002459923250153963,0.8430807485100994,0.15667325916488514,CRITICAL,Schedule immediate inspection and preventive maintenance
159,1749,298.0,308.4,1911.0,22.0,298.06000000000006,0.0699205899595471,298.0,298.2,0.0,308.51,0.099442892668429,308.4,308.7,0.0,1524.7,179.80609926621565,1354.0,1911.0,479.0,40.52,10.24855545376469,22.0,53.9,-24.200000000000003,10.399999999999975,4402.627944740737,42042.0,298.0,0.22,69.06827877902799,0.0,0.0,0.0,0.0,42042.0,4.84,21300.65717545223,0.0115122972265769,0.0,179.80609926621565,10.24855545376469,0.4051999999999999,1.0,0.0,1,2,0.1561058176951699,True,CRITICAL,0.0003143212082833194,0.8435798610965468,0.1561058176951699,CRITICAL,Schedule immediate inspection and preventive maintenance
160,294,300.7,311.0,1981.0,19.9,300.7,0.0666666667028569,300.6,300.8,0.0,311.08000000000004,0.0918936584079557,311.0,311.2,-0.1000000000000227,1483.7,189.6423827453457,1324.0,1981.0,608.0,42.99,10.27396385692158,19.9,52.3,-30.0,10.300000000000011,4128.251714351715,39421.9,300.7,0.1989999999999999,68.09107989945535,0.0,0.0,0.0,0.0,39421.9,3.9600999999999975,21176.325848730616,0.0100454316001968,0.0,189.6423827453457,10.27396385692158,0.4298999999999999,0.0,0.0,1,2,0.1554769542073589,True,CRITICAL,0.000295226808304815,0.8442278189843363,0.1554769542073589,CRITICAL,Schedule immediate inspection and preventive maintenance
161,1946,301.8,310.0,1642.0,32.6,301.79,0.0994428926015715,301.7,302.0,0.0,309.95,0.0527046276988081,309.9,310.0,0.0,1505.5,183.8182979647727,1317.0,1832.0,-139.0,41.59,12.251299250827786,22.9,61.0,8.700000000000003,8.199999999999989,5605.564715751291,53529.2,301.8,0.326,73.40162271270412,0.0,0.0,0.0,0.0,53529.2,10.6276,22754.50304093828,0.0198538367843971,0.0,183.8182979647727,12.251299250827786,0.4159,1.0,0.0,2,2,0.155335503568136,True,CRITICAL,0.00038965185751047775,0.8442748445743536,0.155335503568136,CRITICAL,Schedule immediate inspection and preventive maintenance
162,1966,302.7,310.5,1725.0,29.0,302.73,0.0823272602405648,302.6,302.8,-0.1000000000000227,310.54,0.0699205899148295,310.4,310.6,-0.1000000000000227,1614.7,206.28031090403405,1263.0,2016.0,108.0,35.93,13.176076806090691,19.9,67.8,-8.899999999999999,7.800000000000011,5238.605749860979,50025.0,302.7,0.29,64.2549949272493,0.0,0.0,1.0,0.0,50025.0,8.41,19951.17592491091,0.0168115942028888,0.0,206.28031090403405,13.176076806090691,0.3593,1.0,0.0,2,2,0.15338069018870207,True,CRITICAL,0.00022669960960991,0.8463926102016881,0.15338069018870207,CRITICAL,Schedule immediate inspection and preventive maintenance
163,1283,298.4,309.0,2304.0,15.1,298.24,0.2011080417199085,298.0,298.5,0.0,308.98,0.1398411797638963,308.8,309.2,-0.1000000000000227,1596.3,294.8623219214164,1326.0,2304.0,779.0,38.02,11.559296403039994,15.1,54.4,-24.2,10.600000000000025,3643.242168515011,34790.4,298.4,0.151,41.07555847688331,0.0,1.0,0.0,0.0,34790.4,2.2801,12692.347569356942,0.0065538194444416,0.0,294.8623219214164,11.559296403039994,0.3802,1.0,0.0,1,2,0.1521881043142373,True,CRITICAL,0.0009084552978375489,0.8469034403879251,0.1521881043142373,CRITICAL,Schedule immediate inspection and preventive maintenance
164,1745,296.1,306.9,1951.0,23.3,296.17999999999995,0.0918936583490693,296.1,296.3,0.0,307.11,0.1595131481866416,306.9,307.3,0.0,1572.3,202.62776490676427,1350.0,1951.0,410.0,38.1,10.74088761074546,22.7,53.3,-9.3,10.799999999999956,4760.382044156029,45458.3,296.1,0.233,51.97644595653466,0.0,0.0,0.0,0.0,45458.3,5.4289000000000005,15951.571264060489,0.0119425935417673,0.0,202.62776490676427,10.74088761074546,0.3809999999999999,0.0,1.0,1,2,0.1518073589965581,True,CRITICAL,0.0002873937248565566,0.8479052472785853,0.1518073589965581,CRITICAL,Schedule immediate inspection and preventive maintenance
165,1700,295.6,306.0,1949.0,21.9,295.53,0.0674948557771215,295.4,295.6,0.0,305.97,0.0948683298041769,305.8,306.1,0.0,1546.1,197.3797524232577,1372.0,1949.0,553.0,41.81,11.782892495289715,21.9,55.6,-30.5,10.399999999999975,4469.76377974795,42683.1,295.6,0.2189999999999999,63.85387213158828,0.0,0.0,0.0,0.0,42683.1,4.796099999999997,19539.284872266013,0.0112365315546376,0.0,197.3797524232577,11.782892495289715,0.4181,1.0,0.0,1,2,0.15068645636983585,True,CRITICAL,0.00043732415321241677,0.8488762194769517,0.15068645636983585,CRITICAL,Schedule immediate inspection and preventive maintenance
166,1808,300.9,310.4,2021.0,18.8,300.91,0.0994428926226813,300.8,301.1,0.0,310.47,0.1059349905914804,310.3,310.6,-0.1000000000000227,1569.9,195.17539120834823,1368.0,2021.0,577.0,37.15,9.410189512792416,18.8,47.6,-24.4,9.5,3978.8061518204495,37994.8,300.9,0.188,54.07638473301556,0.0,1.0,0.0,0.0,37994.8,3.5344,16785.309821128027,0.0093023255813907,0.0,195.17539120834823,9.410189512792416,0.3714999999999999,1.0,0.0,1,2,0.15067607351518147,True,CRITICAL,0.000337153351750484,0.848986773133068,0.15067607351518147,CRITICAL,Schedule immediate inspection and preventive maintenance
167,278,298.1,307.7,1705.0,29.1,298.26,0.1074967699768763,298.1,298.4,-0.0999999999999659,307.93,0.1828782229928309,307.7,308.1,0.0,1503.9,189.20033474247987,1242.0,1840.0,97.0,42.69,14.218802106131625,21.5,62.0,-4.699999999999996,9.599999999999966,5195.72301013948,49615.5,298.1,0.291,59.53048441558697,0.0,0.0,0.0,0.0,49615.5,8.4681,18317.53005467611,0.0170674486803418,0.0,189.20033474247987,14.218802106131625,0.4268999999999999,1.0,0.0,1,2,0.14718271020906967,True,CRITICAL,0.0004136861539065388,0.8524036036370238,0.14718271020906967,CRITICAL,Schedule immediate inspection and preventive maintenance
168,1761,300.9,310.9,1228.0,66.4,300.91,0.031622776669535,300.9,301.0,0.0,311.0,0.1154700538824708,310.9,311.2,0.0,1492.4,218.85875709131287,1228.0,1995.0,-142.0,44.41,14.338483570835164,20.2,66.4,13.900000000000006,10.0,8538.765056652963,81539.20000000001,300.9,0.664,54.028306647360814,0.0,1.0,0.0,0.0,81539.20000000001,44.0896,16797.400536664474,0.0540716612377409,0.0,218.85875709131287,14.338483570835164,0.4441,1.0,0.0,0,2,0.1464675919016448,True,CRITICAL,0.8285238184480365,0.025008589650318935,0.1464675919016448,CRITICAL,Schedule immediate inspection and preventive maintenance
169,1402,297.1,308.2,1790.0,30.3,297.18,0.0421637023125927,297.1,297.2,0.0,308.31,0.0737864788223049,308.2,308.4,0.0,1692.8,252.60236648842485,1351.0,2182.0,439.0,33.21,11.528751498367756,17.3,56.6,-26.3,11.099999999999966,5679.685358424988,54237.0,297.1,0.303,55.52664632279384,0.0,1.0,0.0,0.0,54237.0,9.1809,17113.31239668506,0.0169273743016665,0.0,252.60236648842485,11.528751498367756,0.3320999999999999,0.0,0.0,1,2,0.14607459433128314,True,CRITICAL,0.00017679469937111552,0.8537486109693456,0.14607459433128314,CRITICAL,Schedule immediate inspection and preventive maintenance
170,1654,298.9,310.6,1363.0,52.6,299.12,0.0918936583895304,298.9,299.2,-0.2000000000000454,310.68,0.091893658409936,310.6,310.8,-0.0999999999999659,1570.2,186.78972134461395,1309.0,1818.0,54.0,38.08,10.159702532828277,24.1,52.6,1.5,11.700000000000044,7507.757179597864,71693.8,298.9,0.526,66.45565717402152,0.0,1.0,0.0,0.0,71693.8,27.6676,20641.127118251086,0.0385913426265307,0.0,186.78972134461395,10.159702532828277,0.3807999999999999,1.0,0.0,1,2,0.14603521527974017,True,CRITICAL,0.4044031743288032,0.4495616103914567,0.14603521527974017,CRITICAL,Schedule immediate inspection and preventive maintenance
171,40,300.0,311.4,1927.0,24.6,299.99,0.0567646212688934,299.9,300.1,0.0,311.45,0.0527046277703991,311.4,311.5,-0.1000000000000227,1640.2,261.86629327875227,1349.0,2218.0,472.0,35.28,10.130898830366196,17.0,49.0,-17.1,11.399999999999975,4964.1562156433765,47404.2,300.0,0.246,65.34727064191019,0.0,1.0,0.0,0.0,47404.2,6.0516000000000005,20349.140077890832,0.0127659574468018,0.0,261.86629327875227,10.130898830366196,0.3528,1.0,0.0,1,2,0.1447962035964928,True,CRITICAL,0.0005607028988156309,0.8546430935046915,0.1447962035964928,CRITICAL,Schedule immediate inspection and preventive maintenance
172,1525,300.2,309.4,1981.0,21.4,300.36,0.1264911064075099,300.2,300.6,-0.1000000000000227,309.53000000000003,0.1059349905632873,309.4,309.7,-0.1000000000000227,1565.6,219.31063712358903,1319.0,1981.0,430.0,37.760000000000005,9.541045831330866,21.4,50.4,-16.5,9.199999999999989,4439.426466689783,42393.4,300.2,0.214,56.30004052512047,0.0,0.0,0.0,0.0,42393.4,4.579599999999999,17419.23253847227,0.0108026249368951,0.0,219.31063712358903,9.541045831330866,0.3776,1.0,0.0,1,2,0.14252010937586654,True,CRITICAL,0.0005235193247810411,0.8569563712993524,0.14252010937586654,CRITICAL,Schedule immediate inspection and preventive maintenance
173,1516,299.1,310.1,1336.0,61.3,298.94999999999993,0.0849836585994409,298.8,299.1,0.1000000000000227,310.03,0.0948683298880761,309.8,310.1,0.1000000000000227,1548.9,125.58879107803637,1336.0,1705.0,-150.0,38.83,9.562664668153856,29.7,61.3,26.7,11.0,8576.212841083752,81896.8,299.1,0.613,51.43486936086318,0.0,1.0,0.0,0.0,81896.8,37.5769,15949.952988803674,0.0458832335328997,0.0,125.58879107803637,9.562664668153856,0.3882999999999999,1.0,0.0,0,2,0.14057249946433456,True,CRITICAL,0.8134872866980252,0.04594021383764015,0.14057249946433456,CRITICAL,Schedule immediate inspection and preventive maintenance
174,309,298.4,308.1,1367.0,57.8,298.19,0.1791957340762156,297.9,298.4,0.0999999999999659,307.96000000000004,0.1577621275513862,307.7,308.1,0.0,1528.7,157.9726066267323,1326.0,1840.0,41.0,41.260000000000005,12.850698208441605,21.5,58.4,-0.6000000000000014,9.700000000000044,8274.180123367629,79012.59999999999,298.4,0.578,66.22124635921962,0.0,0.0,1.0,0.0,79012.59999999999,33.40839999999999,20402.766003275567,0.0422823701535901,0.0,157.9726066267323,12.850698208441605,0.4126,1.0,0.0,0,2,0.13814252820800546,True,CRITICAL,0.722922429467813,0.1389350423241815,0.13814252820800546,CRITICAL,Schedule immediate inspection and preventive maintenance
175,1054,297.3,308.3,2358.0,14.9,297.38,0.0788810638626813,297.3,297.5,0.0,308.27,0.0948683298708846,308.1,308.4,0.1000000000000227,1687.7,290.5714867100453,1386.0,2358.0,462.0,32.77,10.280731707638834,14.9,46.2,-9.499999999999998,11.0,3679.24482032515,35134.200000000004,297.3,0.149,81.2677453549559,0.0,0.0,0.0,0.0,35134.200000000004,2.2201,25054.845892932903,0.0063189143341788,0.0,290.5714867100453,10.280731707638834,0.3276999999999999,1.0,0.0,1,2,0.1363794743379978,True,CRITICAL,0.0006182525159631034,0.863002273146039,0.1363794743379978,CRITICAL,Schedule immediate inspection and preventive maintenance
176,1861,297.8,308.4,2129.0,19.2,297.84000000000003,0.0966091783074779,297.7,298.0,0.0,308.42,0.0632455532063681,308.3,308.5,0.0,1702.3,252.13534725090204,1395.0,2129.0,392.0,31.65000000000001,9.573139505930069,18.7,46.2,-8.3,10.599999999999966,4280.608486075308,40876.8,297.8,0.192,71.2102456404185,0.0,0.0,1.0,0.0,40876.8,3.6864,21961.239755505067,0.0090183184593663,0.0,252.13534725090204,9.573139505930069,0.3164999999999999,1.0,0.0,1,2,0.1330280870918687,True,CRITICAL,0.0004118837111095267,0.8665600291970218,0.1330280870918687,CRITICAL,Schedule immediate inspection and preventive maintenance
177,260,298.1,308.8,1811.0,25.4,298.18,0.0788810638418721,298.1,298.3,0.0,309.01,0.1595131482301164,308.7,309.2,0.1000000000000227,1669.1,234.7696033703328,1350.0,2042.0,255.0,32.400000000000006,11.062248113893457,17.8,52.0,-6.200000000000003,10.699999999999989,4817.0459036512775,45999.4,298.1,0.254,41.94729679713742,0.0,1.0,0.0,0.0,45999.4,6.4516,12953.325250956035,0.0140254003313009,0.0,234.7696033703328,11.062248113893457,0.3239999999999999,0.0,1.0,1,2,0.13218923575555333,True,CRITICAL,0.00020589272939398672,0.8676048715150526,0.13218923575555333,CRITICAL,Schedule immediate inspection and preventive maintenance
178,1884,301.9,310.6,1260.0,65.9,301.97,0.0823272602352244,301.9,302.1,0.0,310.65,0.0527046277210312,310.6,310.7,-0.0999999999999659,1518.9,259.13636478802977,1260.0,2157.0,-457.0,43.07,14.710393151328978,17.8,65.9,39.10000000000001,8.700000000000045,8695.30014660583,83034.0,301.9,0.659,70.07489502828918,0.0,1.0,0.0,0.0,83034.0,43.42810000000001,21765.26239578662,0.0523015873015458,0.0,259.13636478802977,14.710393151328978,0.4307,0.0,1.0,0,2,0.1308380779448207,True,CRITICAL,0.8302728834134057,0.03888903864177376,0.1308380779448207,CRITICAL,Schedule immediate inspection and preventive maintenance
179,1147,300.0,309.5,1925.0,21.9,299.83000000000004,0.0948683298058232,299.7,300.0,0.1000000000000227,309.28,0.12292725944131,309.1,309.5,0.1000000000000227,1516.6,213.6113813031073,1299.0,1925.0,36.0,44.15,12.80600987384006,21.9,65.1,-4.100000000000001,9.5,4414.723076457057,42157.5,300.0,0.2189999999999999,81.76251571971665,0.0,1.0,0.0,0.0,42157.5,4.796099999999997,25305.4986152523,0.0113766233766174,0.0,213.6113813031073,12.80600987384006,0.4415,1.0,0.0,1,2,0.12928813903325273,True,CRITICAL,0.00029867596613557766,0.8704131850006116,0.12928813903325273,CRITICAL,Schedule immediate inspection and preventive maintenance
180,843,300.4,311.6,1715.0,30.8,300.41,0.0567646212587986,300.3,300.5,0.0,311.74,0.0699205899552022,311.6,311.8,-0.0999999999999659,1554.1,185.58283565267428,1272.0,1832.0,204.0,39.370000000000005,12.25498084680492,24.2,59.2,-2.2,11.200000000000044,5531.5069049306685,52822.0,300.4,0.308,75.67077071604345,0.0,1.0,0.0,0.0,52822.0,9.4864,23579.01215511914,0.0179591836734589,0.0,185.58283565267428,12.25498084680492,0.3936999999999999,0.0,0.0,2,2,0.1268592351617053,True,CRITICAL,0.0003011586111535027,0.8728396062271413,0.1268592351617053,CRITICAL,Schedule immediate inspection and preventive maintenance
181,669,301.0,310.8,1975.0,19.7,300.96,0.107496769996882,300.8,301.1,0.0,310.8,0.1054092553861543,310.6,310.9,-0.0999999999999659,1548.7,179.66082241576643,1282.0,1975.0,483.0,40.11,13.004738452664958,19.7,67.9,-24.9,9.800000000000011,4074.3838723181625,38907.5,301.0,0.1969999999999999,80.47844716722938,0.0,1.0,0.0,0.0,38907.5,3.880899999999998,25012.70137957489,0.0099746835442987,0.0,179.66082241576643,13.004738452664958,0.4010999999999999,1.0,0.0,1,2,0.12548262649753641,True,CRITICAL,0.0003503809745412601,0.8741669925279223,0.12548262649753641,CRITICAL,Schedule immediate inspection and preventive maintenance
182,1930,300.7,309.5,1667.0,30.5,300.7,5.839649174910956e-07,300.7,300.7,0.0,309.52,0.0421637021750853,309.5,309.6,0.0,1676.8,193.5067038746808,1445.0,2007.0,-18.0,31.579999999999995,9.701065233605403,19.7,48.7,-0.6000000000000014,8.800000000000011,5324.318869426422,50843.5,300.7,0.305,65.79219472106179,0.0,0.0,0.0,0.0,50843.5,9.3025,20362.684266168624,0.0182963407318426,0.0,193.5067038746808,9.701065233605403,0.3157999999999999,0.0,0.0,1,2,0.12524624985539512,True,CRITICAL,0.0009776162860623252,0.8737761338585426,0.12524624985539512,CRITICAL,Schedule immediate inspection and preventive maintenance
183,1507,300.3,311.6,1801.0,23.6,300.08000000000004,0.0918936583775612,300.0,300.3,0.1999999999999886,311.47,0.1159501809192004,311.3,311.6,0.2000000000000454,1569.5,139.78256925191167,1390.0,1801.0,411.0,38.52,9.907886869672216,23.6,52.1,-28.5,11.300000000000011,4450.966583703971,42503.600000000006,300.3,0.236,56.09291961837484,0.0,0.0,1.0,0.0,42503.600000000006,5.5696,17478.5537530856,0.0131038312048789,0.0,139.78256925191167,9.907886869672216,0.3851999999999999,0.0,0.0,1,2,0.12434299609132755,True,CRITICAL,0.00019690746408945642,0.8754600964445828,0.12434299609132755,CRITICAL,Schedule immediate inspection and preventive maintenance
184,923,301.6,310.6,1613.0,42.5,301.65,0.0527046276991386,301.6,301.7,0.0,310.67,0.0483045892592827,310.6,310.7,-0.0999999999999659,1541.0,184.4782432218515,1309.0,1861.0,192.0,42.24,14.405029985699002,21.8,65.8,-1.8999999999999984,9.0,7178.801012840476,68552.5,301.6,0.425,59.58969900313284,1.0,0.0,1.0,0.0,68552.5,18.0625,18508.560510373063,0.0263484190948379,0.425,184.4782432218515,14.405029985699002,0.4223999999999999,1.0,0.0,1,2,0.12249715038549028,True,CRITICAL,0.006619266920729405,0.8708835826937803,0.12249715038549028,CRITICAL,Schedule immediate inspection and preventive maintenance
185,56,302.4,311.8,1255.0,59.0,302.34,0.0516397779735492,302.3,302.4,0.0999999999999659,311.76,0.0516397780619698,311.7,311.8,0.1000000000000227,1491.2,169.86517529434056,1255.0,1879.0,-145.0,40.78,10.389824081496489,23.0,59.0,17.4,9.400000000000034,7753.974267835208,74045.0,302.4,0.59,72.21404696470822,0.0,0.0,1.0,0.0,74045.0,34.809999999999995,22516.339843596023,0.0470119521911976,0.0,169.86517529434056,10.389824081496489,0.4077999999999999,1.0,0.0,0,2,0.12239656234077971,True,CRITICAL,0.7355846917477286,0.1420187459114916,0.12239656234077971,CRITICAL,Schedule immediate inspection and preventive maintenance
186,370,299.9,311.3,1802.0,24.4,299.88,0.0918936583791918,299.8,300.0,0.0999999999999659,311.31,0.1197219000181083,311.2,311.5,0.1000000000000227,1708.8,226.67245090658307,1369.0,2142.0,96.0,30.440000000000005,8.823226922920073,16.6,46.2,-4.800000000000001,11.400000000000034,4604.401968905296,43968.8,299.9,0.244,46.745313056561926,0.0,1.0,0.0,0.0,43968.8,5.9536,14551.815954507729,0.0135405105438326,0.0,226.67245090658307,8.823226922920073,0.3044,1.0,0.0,1,2,0.1206367052100642,True,CRITICAL,0.00014301310945762243,0.8792202816804782,0.1206367052100642,CRITICAL,Schedule immediate inspection and preventive maintenance
187,1773,301.9,310.9,1379.0,54.8,301.89,0.0567646212239101,301.8,302.0,0.0999999999999659,310.82,0.0421637022087299,310.8,310.9,0.0999999999999659,1516.0,102.57246760758908,1379.0,1663.0,-129.0,41.11,9.83208466648294,29.8,58.2,16.0,9.0,7913.588118588593,75569.2,301.9,0.5479999999999999,46.86570804473757,0.0,1.0,0.0,0.0,75569.2,30.0304,14570.54863110891,0.039738941261755,0.0,102.57246760758908,9.83208466648294,0.4110999999999999,1.0,0.0,0,2,0.1202135062338551,True,CRITICAL,0.7613748146270144,0.11841167913913049,0.1202135062338551,CRITICAL,Schedule immediate inspection and preventive maintenance
188,1810,299.0,308.2,1662.0,30.4,298.93999999999994,0.0516397779495266,298.9,299.0,0.1000000000000227,308.24,0.0516397779451364,308.2,308.3,0.0,1506.7,171.61329267344593,1335.0,1855.0,-24.0,41.0,9.380120823671046,23.8,51.3,0.0,9.199999999999989,5290.944683469786,50524.8,299.0,0.304,59.16771515294495,0.0,1.0,0.0,0.0,50524.8,9.2416,18235.489810137635,0.0182912154031177,0.0,171.61329267344593,9.380120823671046,0.41,0.0,0.0,1,2,0.12010839435329611,True,CRITICAL,0.0005691166032222688,0.8793224890434816,0.12010839435329611,CRITICAL,Schedule immediate inspection and preventive maintenance
189,1891,299.9,309.4,1363.0,60.9,300.02000000000004,0.0632455532054334,299.9,300.1,-0.1000000000000227,309.55,0.0971825315988648,309.4,309.7,0.0,1635.9,198.2436491906956,1363.0,2010.0,-647.0,35.65,12.81156161875327,20.0,60.9,40.9,9.5,8692.441297291063,83006.7,299.9,0.609,41.84825619046474,1.0,0.0,1.0,0.0,83006.7,37.0881,12947.85046532979,0.044680851063797,0.609,198.2436491906956,12.81156161875327,0.3565,1.0,0.0,0,2,0.12006660956514591,True,CRITICAL,0.8472473210450383,0.03268606938981593,0.12006660956514591,CRITICAL,Schedule immediate inspection and preventive maintenance
190,1610,297.7,308.7,1829.0,24.9,297.52,0.1032795559643393,297.4,297.7,0.0999999999999659,308.48,0.1475729575167479,308.3,308.7,0.0999999999999659,1513.6,147.9768750702447,1355.0,1829.0,300.0,41.61,7.695951316547244,24.9,50.5,-20.4,11.0,4769.157559635058,45542.1,297.7,0.249,53.85585320858401,0.0,1.0,0.0,0.0,45542.1,6.2001,16625.301885489884,0.0136139967195114,0.0,147.9768750702447,7.695951316547244,0.4160999999999998,1.0,0.0,1,2,0.11816672398426713,True,CRITICAL,0.00044568387135806724,0.8813875921443749,0.11816672398426713,CRITICAL,Schedule immediate inspection and preventive maintenance
191,757,302.8,310.6,1671.0,30.5,302.6,0.1632993161879815,302.3,302.8,0.0,310.4,0.1825741858477241,310.1,310.6,0.0,1620.3,197.07192708359733,1263.0,2016.0,-345.0,35.8,14.12114254112137,19.9,67.8,10.6,7.800000000000011,5337.09467955102,50965.5,302.8,0.305,84.271869218483,0.0,0.0,0.0,0.0,50965.5,9.3025,26174.84257926082,0.0182525433871823,0.0,197.07192708359733,14.12114254112137,0.358,1.0,0.0,2,2,0.11545540656746939,True,CRITICAL,0.0004046820012799901,0.8841399114312506,0.11545540656746939,CRITICAL,Schedule immediate inspection and preventive maintenance
192,1259,302.2,311.8,1981.0,21.8,302.19,0.073786478755266,302.1,302.3,0.0,311.63,0.1251665557486544,311.5,311.8,0.0,1580.0,231.2213946271665,1330.0,1987.0,651.0,38.23,12.333427927565229,20.1,62.4,-40.6,9.600000000000025,4522.406400646603,43185.8,302.2,0.218,57.840816310316,1.0,1.0,0.0,0.0,43185.8,4.7524,18034.76652555653,0.0110045431600146,0.218,231.2213946271665,12.333427927565229,0.3823,1.0,0.0,1,2,0.11422824961370484,True,CRITICAL,0.000370235522115999,0.8854015148641792,0.11422824961370484,CRITICAL,Schedule immediate inspection and preventive maintenance
193,1992,298.9,308.2,1372.0,63.6,298.87,0.0483045891540154,298.8,298.9,0.0999999999999659,308.21,0.056764621215213,308.1,308.3,0.0999999999999659,1653.5,334.9591185668938,1328.0,2384.0,-100.0,39.42,16.16751200539047,15.0,63.6,10.1,9.300000000000011,9137.762055937415,87259.2,298.9,0.636,57.93841449782964,0.0,1.0,0.0,0.0,87259.2,40.4496,17856.619348231096,0.0463556851311615,0.0,334.9591185668938,16.16751200539047,0.3942,0.0,1.0,2,2,0.11405758400068425,True,CRITICAL,0.7995257680862465,0.08641664791306913,0.11405758400068425,CRITICAL,Schedule immediate inspection and preventive maintenance
194,374,299.2,308.8,1908.0,21.3,299.38,0.0918936583484577,299.2,299.5,-0.1000000000000227,308.98,0.1032795559005306,308.8,309.1,-0.0999999999999659,1626.6,237.4195536270001,1373.0,1908.0,50.0,34.76,11.538457435896737,21.3,47.9,-3.3999999999999986,9.600000000000025,4255.852735965022,40640.4,299.2,0.213,52.44974676509555,0.0,0.0,1.0,0.0,40640.4,4.5369,16196.481801061504,0.0111635220125727,0.0,237.4195536270001,11.538457435896737,0.3476,0.0,0.0,1,2,0.11309771520042955,True,CRITICAL,0.00037999441589959036,0.8865222903836708,0.11309771520042955,CRITICAL,Schedule immediate inspection and preventive maintenance
195,1599,297.2,307.9,1825.0,24.6,297.06,0.0966091783891594,296.9,297.2,0.0,307.73999999999995,0.1264911064537448,307.5,307.9,0.0,1476.1,165.05786864006092,1261.0,1825.0,245.0,45.11,10.989333212003418,24.6,60.4,-11.199999999999996,10.699999999999989,4701.393406097125,44895.0,297.2,0.246,56.496987389255935,0.0,0.0,1.0,0.0,44895.0,6.0516000000000005,17395.4224171519,0.0134794520547871,0.0,165.05786864006092,10.989333212003418,0.4510999999999999,1.0,0.0,1,2,0.1113000979997595,True,CRITICAL,0.00023772296135603137,0.8884621790388844,0.1113000979997595,CRITICAL,Schedule immediate inspection and preventive maintenance
196,1714,299.6,309.4,1677.0,31.1,299.67,0.0483045891596588,299.6,299.7,0.0,309.55,0.0707106781238302,309.4,309.6,-0.1000000000000227,1493.6,109.7372619790842,1313.0,1677.0,107.0,41.59,8.31817955511367,31.1,60.0,-4.399999999999999,9.799999999999956,5461.6274123393205,52154.7,299.6,0.311,82.89096619066295,0.0,0.0,1.0,0.0,52154.7,9.6721,25646.46493939112,0.0185450208705912,0.0,109.7372619790842,8.31817955511367,0.4159,1.0,0.0,1,2,0.10969631532484686,True,CRITICAL,0.0002551285857927868,0.8900485560893604,0.10969631532484686,CRITICAL,Schedule immediate inspection and preventive maintenance
197,413,301.2,310.4,1697.0,30.0,301.29,0.0875595035799572,301.2,301.4,0.0,310.48999999999995,0.1286683937915375,310.4,310.7,0.0,1509.7,144.55529507192787,1337.0,1697.0,315.0,41.35,8.978152494930262,30.0,53.3,-11.6,9.199999999999989,5331.282733141879,50910.0,301.2,0.3,77.01807526926594,0.0,1.0,0.0,0.0,50910.0,9.0,23906.410563580142,0.0176782557454227,0.0,144.55529507192787,8.978152494930262,0.4135,0.0,1.0,1,2,0.10935852519486339,True,CRITICAL,0.00024071391825517132,0.8904007608868815,0.10935852519486339,CRITICAL,Schedule immediate inspection and preventive maintenance
198,1237,300.2,311.6,1356.0,53.5,300.33,0.115950180893268,300.2,300.5,0.0,311.79,0.207899548420208,311.5,312.0,0.1000000000000227,1472.4,105.1361022674879,1356.0,1631.0,-76.0,40.99,6.652393053130012,31.2,53.5,9.9,11.400000000000034,7596.999354910837,72546.0,300.2,0.535,58.38881324930173,0.0,1.0,0.0,0.0,72546.0,28.6225,18193.95420848242,0.0394542772861066,0.0,105.1361022674879,6.652393053130012,0.4099,1.0,0.0,0,2,0.10442647077436645,True,CRITICAL,0.7873503332031893,0.10822319602244439,0.10442647077436645,CRITICAL,Schedule immediate inspection and preventive maintenance
199,336,300.6,309.4,1691.0,28.0,300.68999999999994,0.031622776606943,300.6,300.7,-0.0999999999999659,309.5,0.0471404521138441,309.4,309.6,-0.1000000000000227,1652.5,150.00537027423414,1445.0,1925.0,113.0,32.46,8.910069210356008,20.5,48.7,-7.399999999999999,8.799999999999955,4958.270965405651,47348.0,300.6,0.28,56.03801038882304,0.0,0.0,1.0,0.0,47348.0,7.840000000000001,17338.16041430185,0.0165582495564656,0.0,150.00537027423414,8.910069210356008,0.3245999999999999,0.0,0.0,1,2,0.10382495965028987,True,CRITICAL,0.0003707404139259219,0.8958042999357844,0.10382495965028987,CRITICAL,Schedule immediate inspection and preventive maintenance
200,960,297.3,308.3,2188.0,17.0,297.34000000000003,0.0516397780875532,297.3,297.4,0.0,308.32000000000005,0.0632455533006055,308.2,308.4,0.0,1642.0,259.0928619454981,1340.0,2188.0,593.0,35.32,11.445989108271547,17.0,52.6,-15.200000000000005,11.0,3895.156011430865,37196.0,297.3,0.17,55.53020335744562,0.0,0.0,1.0,0.0,37196.0,2.89,17119.961695100486,0.0077696526508191,0.0,259.0928619454981,11.445989108271547,0.3531999999999999,1.0,0.0,1,2,0.10242696434921493,True,CRITICAL,0.0005518793288621041,0.897021156321923,0.10242696434921493,CRITICAL,Schedule immediate inspection and preventive maintenance
201,1351,300.8,311.9,1761.0,29.0,300.56000000000006,0.0966091783289975,300.5,300.8,0.1999999999999886,311.67,0.0948683298614769,311.6,311.9,0.1999999999999886,1532.6,153.2269195960286,1365.0,1761.0,17.0,39.72,9.71605772820322,26.9,54.7,2.1000000000000014,11.099999999999966,5347.933174205904,51069.0,300.8,0.29,43.27598678024548,0.0,1.0,0.0,0.0,51069.0,8.41,13497.780276758564,0.0164679159568333,0.0,153.2269195960286,9.71605772820322,0.3971999999999999,0.0,1.0,1,2,0.10185566027475186,True,CRITICAL,0.00012595135816622992,0.8980183883670818,0.10185566027475186,CRITICAL,Schedule immediate inspection and preventive maintenance
202,277,298.4,309.7,1679.0,33.3,298.42,0.0788810638381266,298.3,298.6,0.0,309.68,0.0918936584112928,309.5,309.8,0.0,1555.0,140.8892393966859,1279.0,1711.0,161.0,37.22,8.20227610687033,27.3,55.9,-6.5,11.300000000000011,5854.954812568761,55910.7,298.4,0.3329999999999999,39.41171626428172,0.0,0.0,1.0,0.0,55910.7,11.088899999999995,12205.80852704805,0.0198332340678857,0.0,140.8892393966859,8.20227610687033,0.3721999999999999,0.0,1.0,1,2,0.10177031789840764,True,CRITICAL,0.0006079571869206248,0.8976217249146716,0.10177031789840764,CRITICAL,Schedule immediate inspection and preventive maintenance
203,917,297.0,308.1,1355.0,43.7,297.02000000000004,0.0788810637742644,296.9,297.1,-0.1000000000000227,307.98,0.1619327706913265,307.7,308.1,0.0,1496.5,177.89650549312876,1316.0,1834.0,-229.0,42.48,12.027357703724158,23.8,61.2,6.900000000000006,11.100000000000025,6200.823219777974,59213.50000000001,297.0,0.437,39.29868676396058,0.0,1.0,0.0,0.0,59213.50000000001,19.0969,12107.925391976256,0.0322509225092012,0.0,177.89650549312876,12.027357703724158,0.4248,1.0,0.0,1,2,0.1009821363524652,True,CRITICAL,0.5235392552200948,0.3754786084274401,0.1009821363524652,CRITICAL,Schedule immediate inspection and preventive maintenance
