UDI,ambient_temperature,load_density,humidity,vibration_level,power_consumption,maintenance_due,shift_Morning,shift_Night
1,298.1,0.428,53.682040923334924,1.551,663.8279999999999,0,True,False
2,298.2,0.46299999999999997,51.645604811570166,1.408,651.904,0,False,True
3,298.1,0.494,43.807695625143005,1.498,740.012,0,False,False
4,298.2,0.395,65.3633335050744,1.433,566.035,0,False,False
5,298.2,0.4,58.831208025431444,1.408,563.2,0,True,False
6,298.1,0.419,78.28504961620018,1.425,597.075,0,True,False
7,298.1,0.424,36.60547902410291,1.558,660.592,1,True,False
8,298.1,0.402,67.19339637775632,1.527,613.854,0,False,True
9,298.3,0.28600000000000003,73.14744392557806,1.667,476.76200000000006,0,False,False
10,298.5,0.28,72.97432845941535,1.741,487.48,0,False,False
11,298.4,0.239,79.30369835477626,1.782,425.89799999999997,0,True,False
12,298.6,0.44299999999999995,71.45168714147471,1.423,630.3889999999999,0,False,True
13,298.6,0.511,81.39050308238481,1.339,684.229,0,False,True
14,298.6,0.3,51.632829991044574,1.742,522.6,0,True,False
15,298.6,0.196,60.16047083757715,2.035,398.86,0,True,False
16,298.6,0.484,35.70398316414453,1.542,746.328,1,True,False
17,298.6,0.466,35.34787936516456,1.311,610.9259999999999,0,True,False
18,298.7,0.456,47.00633102257599,1.41,642.96,1,False,False
19,298.8,0.545,40.04035985695426,1.306,711.77,0,False,False
20,298.9,0.325,48.01056839678768,1.632,530.4,0,True,False
21,298.9,0.42700000000000005,43.85216472641987,1.375,587.1250000000001,0,False,False
22,298.8,0.44799999999999995,36.42600124193241,1.45,649.5999999999999,0,True,False
23,298.9,0.307,80.46520732030247,1.581,485.36699999999996,0,True,False
24,299.0,0.257,35.41115656944458,1.758,451.806,0,True,False
25,299.0,0.373,71.80410721685428,1.561,582.2529999999999,0,False,False
26,299.0,0.233,42.60739434597583,1.861,433.61300000000006,0,False,True
27,299.1,0.39,80.61148109998,1.512,589.68,0,True,False
28,299.1,0.24600000000000002,79.63979697949429,1.811,445.5060000000001,0,False,False
29,299.1,0.442,67.69505731846286,1.439,636.038,0,False,False
30,299.0,0.301,68.61170749003026,1.693,509.593,0,True,False
31,299.1,0.48200000000000004,35.266957098484426,1.339,645.398,0,False,False
32,299.0,0.255,84.2435783056801,1.798,458.49,0,True,False
33,299.0,0.483,78.89163017879072,1.419,685.377,0,True,False
34,298.9,0.325,79.7553112865046,1.665,541.125,0,False,True
35,298.8,0.34700000000000003,67.9622268525436,1.559,540.9730000000001,0,False,True
36,298.8,0.486,52.239346432726826,1.452,705.672,0,False,True
37,298.9,0.36700000000000005,79.68243245452405,1.581,580.2270000000001,0,True,False
38,298.8,0.392,49.57584640755962,1.439,564.0880000000001,0,True,False
39,298.9,0.507,63.13557716711014,1.379,699.153,1,False,False
40,298.8,0.525,39.98654861719412,1.35,708.75,0,False,False
41,298.8,0.45399999999999996,81.09778150663752,1.362,618.348,0,True,False
42,298.8,0.508,42.038522888560664,1.368,694.944,0,False,False
43,298.8,0.491,46.244840286520365,1.368,671.688,0,True,False
44,298.8,0.485,62.906707906410745,1.372,665.42,0,False,True
45,298.8,0.475,73.20465001064908,1.472,699.2,0,True,False
46,298.8,0.491,65.96756529681494,1.489,731.099,1,False,False
47,298.7,0.258,46.60669564000781,1.843,475.494,0,True,False
48,298.8,0.46299999999999997,35.04715212637451,1.418,656.534,0,False,False
49,298.8,0.539,72.85752901537197,1.425,768.075,0,False,False
50,298.9,0.441,84.26036629555469,1.412,622.692,1,True,False
51,298.9,0.046,75.49565601530452,2.861,131.606,0,False,True
52,298.9,0.5489999999999999,58.01033090783076,1.383,759.2669999999999,0,False,True
53,298.8,0.43799999999999994,80.18836306995533,1.497,655.6859999999999,0,False,True
54,298.7,0.35100000000000003,55.4923836559175,1.565,549.315,0,False,True
55,298.7,0.301,61.24670421217338,1.691,508.99100000000004,0,False,False
56,298.8,0.40700000000000003,58.85648836978416,1.512,615.384,1,False,True
57,298.8,0.424,57.38119363327625,1.477,626.2479999999999,0,True,False
58,298.8,0.40299999999999997,73.75953846469528,1.513,609.7389999999999,0,True,False
59,298.8,0.295,61.3384453634746,1.661,489.995,1,True,False
60,298.8,0.544,50.8358561012608,1.378,749.632,0,True,False
61,298.8,0.526,47.907908382923914,1.393,732.7180000000001,0,True,False
62,298.8,0.382,36.88736584837167,1.592,608.144,0,True,False
63,298.8,0.22899999999999998,64.1597580941523,1.829,418.841,0,False,True
64,298.9,0.259,46.49807077005171,1.812,469.30799999999994,0,True,False
65,299.0,0.386,42.406696100819154,1.523,587.878,1,True,False
66,299.0,0.451,67.69149819138389,1.394,628.694,0,False,False
67,298.9,0.287,69.06046289107744,1.679,481.87299999999993,0,True,False
68,298.8,0.441,72.6077446128833,1.466,646.506,0,False,True
69,298.8,0.324,60.17884481692957,1.527,494.74799999999993,0,True,False
70,298.9,0.657,79.70273026019433,1.41,926.37,0,False,True
71,298.9,0.226,81.81713766991139,1.924,434.824,0,False,True
72,298.9,0.455,75.36854698962446,1.452,660.66,0,True,False
73,298.9,0.444,66.77967410040935,1.369,607.836,0,True,False
74,299.0,0.35,50.18604767955944,1.592,557.2,0,False,True
75,298.9,0.32299999999999995,84.14724608101106,1.601,517.1229999999999,0,False,False
76,298.8,0.467,48.70680835959692,1.379,643.993,0,False,False
77,298.8,0.479,45.13284609952155,1.461,699.819,0,False,True
78,298.8,0.413,57.10770568932914,1.455,600.915,0,True,False
79,298.8,0.515,37.84202853561942,1.398,719.97,0,True,False
80,298.8,0.379,83.92472323358953,1.402,531.358,0,True,False
81,298.8,0.499,64.42167782082124,1.445,721.055,0,False,True
82,298.9,0.475,62.84760458320876,1.45,688.75,0,False,False
83,298.9,0.408,67.78981399498599,1.453,592.824,0,True,False
84,299.0,0.401,59.85118238886034,1.469,589.069,0,True,False
85,298.9,0.47600000000000003,36.60317585472708,1.422,676.872,0,True,False
86,299.0,0.268,65.61556444201983,1.804,483.47200000000004,0,True,False
87,299.0,0.439,70.80869384782153,1.436,630.404,0,False,False
88,299.0,0.318,55.83745303120266,1.544,490.992,0,False,False
89,299.0,0.452,72.86477860355964,1.419,641.388,0,False,True
90,298.9,0.395,46.35006496692103,1.487,587.365,0,False,False
91,298.9,0.258,46.063829553309205,1.753,452.274,0,True,False
92,298.9,0.249,43.0708493843787,1.83,455.67,0,False,False
93,298.9,0.271,53.59973798945809,1.727,468.01700000000005,0,False,True
94,299.1,0.43,77.35060176945419,1.45,623.5,0,False,False
95,299.0,0.319,76.39560310745321,1.622,517.418,0,False,True
96,299.0,0.522,54.14121039817519,1.351,705.222,0,False,False
97,299.0,0.353,64.45593679901182,1.575,555.9749999999999,0,False,False
98,298.9,0.299,71.04081582374579,1.75,523.25,0,False,False
99,298.9,0.327,47.060338731401146,1.529,499.983,1,True,False
100,298.8,0.444,43.40705429473735,1.523,676.212,0,True,False
101,298.8,0.25,83.60479966061556,1.852,463.0,1,True,False
102,298.8,0.207,65.87786566048092,1.991,412.13699999999994,0,False,False
103,298.8,0.406,84.0707860916832,1.555,631.33,0,True,False
104,298.8,0.405,51.88779935661145,1.441,583.605,0,False,False
105,298.8,0.434,70.15158499870657,1.45,629.3,0,False,True
106,298.8,0.311,46.13018182706189,1.591,494.80100000000004,0,True,False
107,298.8,0.485,48.060008563695646,1.445,700.825,1,False,False
108,298.8,0.46799999999999997,60.5951060634812,1.497,700.5959999999999,0,False,True
109,298.9,0.327,50.98090627540356,1.621,530.067,0,True,False
110,298.9,0.341,43.38107819202922,1.572,536.052,0,True,False
111,298.8,0.225,48.1440350994663,1.872,421.2,1,True,False
112,298.7,0.435,36.78741972329323,1.499,652.065,0,True,False
113,298.8,0.395,70.22118107387433,1.498,591.71,0,False,True
114,298.8,0.419,59.605832854293084,1.486,622.634,0,False,True
115,298.8,0.294,39.71215332022628,1.68,493.92,0,False,False
116,298.8,0.457,43.58469965642456,1.431,653.9670000000001,0,False,True
117,298.9,0.341,40.126726905632204,1.564,533.3240000000001,0,False,True
118,298.8,0.33,65.62964041379382,1.599,527.67,0,True,False
119,298.8,0.281,39.71051818062469,1.707,479.66700000000003,0,False,True
120,298.7,0.40700000000000003,72.7141166517608,1.467,597.069,0,False,False
121,298.9,0.447,36.02554596601956,1.433,640.551,0,False,True
122,298.9,0.41200000000000003,47.4687893997946,1.558,641.8960000000001,1,False,True
123,299.0,0.507,79.53333379459536,1.31,664.17,1,True,False
124,298.9,0.434,70.9265659061123,1.546,670.9639999999999,0,True,False
125,298.9,0.294,38.64841664628439,1.727,507.73799999999994,0,True,False
126,298.9,0.322,76.05630522425898,1.56,502.32000000000005,0,False,False
127,299.0,0.605,59.65175607701024,1.329,804.045,0,False,True
128,298.9,0.465,77.33915135844146,1.413,657.045,0,False,True
129,299.0,0.386,65.03698872251967,1.587,612.582,0,True,False
130,298.9,0.34299999999999997,69.09165160164294,1.559,534.737,0,False,False
131,298.8,0.41100000000000003,84.67507801978542,1.473,605.403,0,False,False
132,298.8,0.27699999999999997,46.61677729620091,1.737,481.149,0,True,False
133,298.7,0.43200000000000005,66.19727873806941,1.441,622.5120000000001,0,True,False
134,298.7,0.496,58.01606950286992,1.43,709.28,0,True,False
135,298.8,0.53,36.972597646134574,1.369,725.57,0,False,True
136,298.8,0.285,35.723532075143254,1.711,487.635,0,True,False
137,298.7,0.457,40.96142889089293,1.42,648.94,0,False,False
138,298.7,0.5529999999999999,67.45458702692741,1.297,717.2409999999999,0,False,False
139,298.8,0.494,63.358154395669615,1.449,715.8059999999999,0,True,False
140,298.8,0.5579999999999999,62.67147805818637,1.268,707.544,0,False,True
141,298.8,0.361,36.59283812641301,1.511,545.471,0,False,True
142,298.7,0.35200000000000004,58.465149818000356,1.544,543.488,0,True,False
143,298.6,0.282,81.23114089212643,1.778,501.39599999999996,0,False,False
144,298.6,0.505,54.87959346553233,1.407,710.535,0,True,False
145,298.6,0.424,66.24612348942281,1.391,589.784,0,True,False
146,298.5,0.336,73.99093378115717,1.513,508.36800000000005,0,True,False
147,298.5,0.361,74.19626395709437,1.612,581.932,1,False,False
148,298.4,0.401,60.96400411976357,1.515,607.515,0,False,False
149,298.3,0.48,77.89759727011682,1.379,661.92,0,True,False
150,298.4,0.39899999999999997,54.56890466818734,1.473,587.727,1,True,False
151,298.4,0.42700000000000005,79.43466073923992,1.422,607.194,0,False,True
152,298.4,0.376,47.011358319777266,1.463,550.0880000000001,0,True,False
153,298.4,0.41,49.01082034952855,1.584,649.44,0,True,False
154,298.4,0.27,37.65603120995006,1.85,499.5,0,False,False
155,298.4,0.36200000000000004,74.77909182711414,1.528,553.1360000000001,0,False,True
156,298.4,0.198,55.852761811635276,1.987,393.426,0,True,False
157,298.4,0.46,46.45583069556995,1.495,687.7,0,False,False
158,298.4,0.435,46.58951388082898,1.478,642.93,0,False,True
159,298.4,0.4,80.06999706146166,1.499,599.6,0,True,False
160,298.4,0.47,76.69583002305185,1.471,691.37,0,False,False
161,298.4,0.607,62.676544267859164,1.282,778.1740000000001,0,True,False
162,298.3,0.523,65.80554002078605,1.412,738.4759999999999,1,False,False
163,298.3,0.355,58.71627852751455,1.586,563.03,0,False,False
164,298.4,0.43799999999999994,54.583327143940444,1.468,642.9839999999999,0,False,False
165,298.5,0.436,80.77384406091657,1.44,627.84,0,True,False
166,298.5,0.26,41.2806351760151,1.733,450.58,0,False,True
167,298.4,0.326,55.9223394858114,1.612,525.5120000000001,0,True,False
168,298.4,0.429,52.228095399393766,1.458,625.482,0,True,False
169,298.4,0.623,59.907536012557415,1.433,892.7589999999999,0,True,False
170,298.4,0.591,57.88159372725875,1.318,778.938,0,False,False
171,298.4,0.35,60.944476582554074,1.61,563.5,1,False,False
172,298.2,0.508,41.9959488613497,1.462,742.6959999999999,0,True,False
173,298.1,0.20800000000000002,60.657075075663855,1.924,400.19200000000006,0,False,False
174,298.2,0.337,47.12094069436054,1.591,536.167,0,True,False
175,298.2,0.583,44.21656744940957,1.306,761.398,0,False,False
176,298.2,0.435,38.24171093930956,1.382,601.17,0,True,False
177,298.2,0.34700000000000003,73.13262793780704,1.618,561.446,1,False,False
178,298.2,0.214,56.372096042828,1.988,425.43199999999996,0,True,False
179,298.2,0.502,66.33218416558792,1.436,720.872,0,False,True
180,298.2,0.498,71.37966716523717,1.304,649.3919999999999,0,True,False
181,298.2,0.499,68.96583326567767,1.475,736.025,1,True,False
182,298.2,0.242,58.52503595448411,1.824,441.40799999999996,0,True,False
183,298.1,0.48100000000000004,54.39492644758649,1.342,645.5020000000001,1,False,True
184,298.1,0.40700000000000003,53.79799548203319,1.485,604.3950000000001,1,False,True
185,298.2,0.306,67.00243984650282,1.667,510.10200000000003,0,True,False
186,298.2,0.382,59.73971774709367,1.446,552.3720000000001,0,False,False
187,298.1,0.56,77.45661239942552,1.301,728.56,0,False,True
188,298.2,0.431,78.73509921633561,1.379,594.349,0,False,False
189,298.3,0.336,43.528018900325925,1.606,539.6160000000001,0,False,False
190,298.3,0.434,41.811682577286284,1.539,667.9259999999999,0,True,False
191,298.2,0.499,66.52004630179998,1.477,737.023,0,True,False
192,298.2,0.34600000000000003,50.06128740311397,1.666,576.436,0,False,True
193,298.2,0.518,35.928535938254946,1.398,724.164,0,False,True
194,298.2,0.34600000000000003,79.43213346814775,1.678,580.5880000000001,0,False,False
195,298.2,0.107,46.345038362190415,2.678,286.546,0,True,False
196,298.3,0.429,81.46403258429046,1.453,623.337,0,True,False
197,298.3,0.495,70.87172254391268,1.432,708.84,0,False,False
198,298.4,0.409,73.13267449557421,1.527,624.543,0,False,True
199,298.4,0.35,45.07307478965802,1.588,555.8,0,False,True
200,298.4,0.47100000000000003,46.70972128084065,1.433,674.943,1,False,True
201,298.4,0.35,61.06338769120329,1.609,563.15,0,False,False
202,298.3,0.41200000000000003,43.60499263249311,1.575,648.9000000000001,0,True,False
203,298.4,0.35700000000000004,50.271584634151615,1.636,584.052,0,True,False
204,298.4,0.379,51.073123897390225,1.49,564.71,0,False,True
205,298.4,0.32799999999999996,42.98149666263821,1.741,571.048,1,False,False
206,298.5,0.53,45.25914166975804,1.344,712.32,0,True,False
207,298.5,0.353,74.42759210041282,1.609,567.977,0,True,False
208,298.4,0.607,43.35979272736342,1.421,862.547,0,False,False
209,298.4,0.36700000000000005,36.42286959219612,1.591,583.897,0,True,False
210,298.4,0.44,66.46774713144691,1.477,649.88,0,True,False
211,298.4,0.361,83.79915596962249,1.523,549.803,0,False,False
212,298.5,0.33899999999999997,51.56069073115607,1.575,533.925,0,False,False
213,298.4,0.529,40.93278515981262,1.344,710.9759999999999,0,False,False
214,298.4,0.449,63.519366268376544,1.386,622.314,0,True,False
215,298.3,0.371,80.31771055478231,1.589,589.519,0,False,False
216,298.3,0.40299999999999997,74.20308899142394,1.548,623.8439999999999,0,True,False
217,298.3,0.38299999999999995,66.1257934206358,1.499,574.117,0,True,False
218,298.3,0.316,50.75282483037997,1.664,525.8240000000001,0,False,False
219,298.3,0.381,62.094008663810996,1.447,551.307,0,False,False
220,298.3,0.462,39.56224206521277,1.434,662.508,1,False,True
221,298.3,0.527,68.94727121403349,1.416,746.232,0,False,False
222,298.4,0.243,71.25480094488253,1.827,443.961,1,False,False
223,298.4,0.45,83.25158114549595,1.304,586.8,0,True,False
224,298.4,0.344,48.01986793725358,1.569,539.736,0,True,False
225,298.3,0.293,35.922820952151135,1.584,464.112,0,True,False
226,298.3,0.5379999999999999,62.28042322135753,1.362,732.7559999999999,0,True,False
227,298.3,0.49200000000000005,70.33952521984072,1.329,653.868,0,False,True
228,298.3,0.361,74.5203737941494,1.539,555.5790000000001,0,True,False
229,298.3,0.371,44.68694665124053,1.629,604.359,0,False,True
230,298.3,0.322,48.08764345185118,1.538,495.23600000000005,1,False,False
231,298.3,0.348,60.629546263364816,1.57,546.3599999999999,0,False,True
232,298.3,0.431,51.53004049850009,1.408,606.8480000000001,0,False,False
233,298.2,0.47600000000000003,78.02557432937226,1.424,677.8240000000001,0,False,False
234,298.2,0.349,58.68800768693602,1.512,527.688,0,False,False
235,298.2,0.429,74.97893220510015,1.478,634.062,0,True,False
236,298.1,0.337,64.03098802411769,1.68,566.1600000000001,0,False,False
237,298.1,0.387,73.65450708085561,1.495,578.565,0,True,False
238,298.0,0.366,51.63364932651619,1.552,568.032,1,True,False
239,297.9,0.503,76.57083109651556,1.393,700.679,0,False,False
240,298.0,0.306,48.72861577755108,1.611,492.96600000000007,0,True,False
241,298.0,0.516,62.30494040016454,1.339,690.9240000000001,0,False,True
242,298.0,0.243,45.70035565869371,1.777,431.811,0,False,True
243,298.0,0.588,58.77632608130967,1.348,792.6239999999999,1,False,True
244,298.0,0.441,50.90876047543516,1.442,635.922,0,True,False
245,298.0,0.491,48.33517153186071,1.395,684.945,0,True,False
246,297.9,0.314,83.34925090140187,1.627,510.87799999999993,0,False,True
247,297.9,0.335,43.00370527433653,1.585,530.975,0,False,False
248,298.0,0.455,74.36629187286977,1.469,668.395,0,False,True
249,298.0,0.568,84.20824797416074,1.362,773.6159999999999,0,False,True
250,298.0,0.562,35.995074187003894,1.405,789.61,0,False,True
251,298.0,0.327,69.95137070210475,1.662,543.474,0,True,False
252,298.0,0.426,47.64559027781436,1.466,624.516,0,True,False
253,298.0,0.358,37.024391216415225,1.62,579.9599999999999,0,False,True
254,298.0,0.48200000000000004,55.144478947831544,1.357,654.0740000000001,0,True,False
255,298.0,0.379,81.76089050854375,1.514,573.806,0,True,False
256,298.0,0.40399999999999997,35.58825471834989,1.489,601.556,0,False,False
257,298.1,0.63,64.39428459648909,1.331,838.53,0,False,True
258,298.0,0.295,60.069823929766216,1.615,476.425,1,False,False
259,298.1,0.379,78.66920821855237,1.482,561.678,0,False,False
260,298.1,0.639,39.20008572603128,1.42,907.38,0,True,False
261,298.2,0.491,69.07630149433251,1.522,747.302,0,False,False
262,298.1,0.321,69.00548492166386,1.654,530.934,1,False,True
263,298.1,0.268,68.45400084311416,1.736,465.24800000000005,0,True,False
264,298.0,0.32299999999999995,82.11672474675186,1.587,512.601,1,False,False
265,298.1,0.475,76.15437645034402,1.39,660.25,0,False,True
266,298.0,0.371,37.0986363121753,1.454,539.434,0,False,False
267,298.0,0.43700000000000006,58.55414253522566,1.44,629.2800000000001,0,False,False
268,297.9,0.21100000000000002,54.897652810066674,1.954,412.29400000000004,0,False,False
269,297.9,0.248,50.507361054540105,1.8,446.4,0,True,False
270,298.0,0.37,57.566836257704864,1.524,563.88,0,True,False
271,298.0,0.396,54.20970924629887,1.52,601.92,0,False,True
272,298.1,0.408,56.616694993933265,1.452,592.4159999999999,0,False,True
273,298.1,0.40399999999999997,83.96309328043213,1.484,599.536,0,False,True
274,298.1,0.46,39.43164873747904,1.426,655.96,1,False,True
275,298.1,0.285,81.11154349193649,1.652,470.82,0,False,False
276,298.0,0.547,59.01183567355133,1.401,766.347,0,False,False
277,298.0,0.266,66.18711227497705,1.75,465.5,0,False,True
278,298.0,0.507,76.5091483308847,1.479,749.8530000000001,0,False,False
279,298.0,0.294,53.023151457462774,1.62,476.28,0,False,False
280,298.0,0.23399999999999999,56.521095404398345,1.819,425.64599999999996,0,False,True
281,298.1,0.43700000000000006,55.475924013935696,1.456,636.272,0,False,True
282,298.1,0.365,53.736551126787994,1.626,593.49,1,True,False
283,298.1,0.498,81.27646608234474,1.39,692.22,0,True,False
284,298.2,0.43,76.4464945596506,1.469,631.67,0,True,False
285,298.2,0.192,40.44999949314881,2.051,393.792,0,False,False
286,298.2,0.36,40.4061676238548,1.568,564.48,1,True,False
287,298.2,0.332,56.39347574264956,1.589,527.548,1,False,False
288,298.2,0.316,39.93286883664045,1.805,570.38,0,False,False
289,298.2,0.42200000000000004,65.95465476355598,1.385,584.47,0,True,False
290,298.1,0.467,42.184580363086695,1.436,670.612,0,False,False
291,298.1,0.456,61.11866319834005,1.438,655.7280000000001,0,True,False
292,298.0,0.426,35.36099735018589,1.473,627.498,0,True,False
293,298.1,0.402,50.82981742063234,1.335,536.6700000000001,0,False,True
294,298.1,0.44799999999999995,68.85953618363277,1.392,623.616,1,True,False
295,298.1,0.511,59.20194701139242,1.372,701.092,0,True,False
296,298.1,0.307,83.9134742999494,1.716,526.812,0,False,False
297,298.0,0.462,78.70518980331053,1.395,644.4900000000001,0,False,True
298,298.0,0.253,52.95353895215756,1.713,433.389,0,True,False
299,297.9,0.187,37.27432707361373,2.129,398.12299999999993,1,False,False
300,297.8,0.35600000000000004,77.28131500575094,1.567,557.8520000000001,0,True,False
301,297.8,0.38299999999999995,80.56171551573357,1.622,621.226,0,True,False
302,297.7,0.271,76.03136967095185,1.74,471.54,0,False,False
303,297.8,0.35100000000000003,41.397497045988246,1.512,530.712,0,False,False
304,297.8,0.435,84.89575672061439,1.479,643.365,0,False,False
305,297.8,0.275,47.92921107763869,1.737,477.675,0,False,False
306,297.8,0.192,71.2102456404185,2.129,408.768,0,False,True
307,297.8,0.47100000000000003,80.40174381678608,1.374,647.154,0,False,False
308,297.8,0.366,46.78435571653547,1.579,577.914,0,True,False
309,297.9,0.47200000000000003,80.41292773385331,1.305,615.96,0,False,True
310,297.9,0.408,50.47407895974335,1.449,591.192,0,True,False
311,298.0,0.418,83.82066111920281,1.526,637.8679999999999,0,False,False
312,298.0,0.441,49.06300101902373,1.453,640.773,0,True,False
313,297.9,0.36,82.67179123789177,1.468,528.48,0,True,False
314,298.0,0.508,37.677232544633746,1.313,667.0039999999999,1,False,True
315,297.9,0.53,70.46360058349066,1.3,689.0,0,False,True
316,297.9,0.406,61.60555669185018,1.646,668.2760000000001,0,False,False
317,297.8,0.332,58.89385385613653,1.714,569.048,0,False,False
318,297.8,0.284,46.174715712792,1.685,478.54,0,True,False
319,297.8,0.39899999999999997,70.2797894888246,1.512,603.288,0,True,False
320,297.8,0.321,44.540474572315354,1.612,517.452,1,True,False
321,297.8,0.382,62.64208979923841,1.55,592.1,0,False,False
322,297.8,0.325,47.662268152012544,1.518,493.35,0,False,False
323,297.8,0.4,82.7810689890678,1.448,579.2,0,False,False
324,297.8,0.46299999999999997,36.43155969178264,1.561,722.7429999999999,1,True,False
325,297.8,0.419,44.98641400556183,1.488,623.472,0,False,True
326,297.8,0.278,47.11553031937238,1.699,472.32200000000006,0,False,False
327,297.7,0.414,55.70339128839082,1.501,621.414,0,False,False
328,297.7,0.5670000000000001,46.636512093502674,1.373,778.4910000000001,0,False,False
329,297.6,0.314,59.56745451343926,1.703,534.742,0,False,False
330,297.7,0.299,78.62327616292694,1.72,514.28,0,True,False
331,297.6,0.419,70.60317107045853,1.398,585.762,0,True,False
332,297.6,0.519,63.998099026755554,1.391,721.929,0,False,True
333,297.6,0.402,39.45015889913398,1.538,618.2760000000001,0,True,False
334,297.5,0.313,69.69960541946378,1.647,515.511,0,True,False
335,297.5,0.44799999999999995,43.32071421554699,1.469,658.112,0,True,False
336,297.4,0.259,74.31836929808489,1.749,452.991,0,True,False
337,297.6,0.205,47.50283792550766,1.995,408.975,0,False,True
338,297.6,0.27699999999999997,55.852436416045045,1.742,482.534,0,False,False
339,297.5,0.382,52.5235101158964,1.563,597.066,0,False,False
340,297.5,0.322,77.94069573374284,1.713,551.586,1,True,False
341,297.4,0.39399999999999996,41.327222935670406,1.474,580.756,1,False,False
342,297.4,0.326,63.28224411923943,1.53,498.78,0,False,False
343,297.4,0.465,42.10308047215311,1.471,684.015,0,True,False
344,297.5,0.486,70.23979180660933,1.388,674.568,0,False,False
345,297.5,0.138,80.25390638972405,2.448,337.824,1,True,False
346,297.5,0.32899999999999996,56.73038269336267,1.585,521.465,0,False,False
347,297.5,0.452,59.40461301324879,1.459,659.4680000000001,0,False,False
348,297.5,0.408,81.3711418241381,1.544,629.952,0,True,False
349,297.6,0.317,61.049569432467855,1.617,512.589,1,True,False
350,297.6,0.34299999999999997,59.379921902478046,1.595,547.0849999999999,0,False,False
351,297.6,0.44299999999999995,63.91645513521521,1.4,620.1999999999999,0,False,False
352,297.6,0.31,69.46148681814759,1.611,499.41,0,False,True
353,297.6,0.46,40.34416875435157,1.507,693.22,0,False,False
354,297.5,0.3,76.0555263870758,1.674,502.2,0,True,False
355,297.6,0.34299999999999997,56.775251372662964,1.658,568.694,1,True,False
356,297.6,0.369,38.617425494874276,1.623,598.887,1,False,False
357,297.6,0.489,74.30913345991065,1.398,683.622,0,True,False
358,297.6,0.342,53.847498584313605,1.517,518.814,0,False,False
359,297.6,0.36700000000000005,40.0183747547527,1.467,538.389,0,False,True
360,297.6,0.34600000000000003,66.68895197716253,1.567,542.182,0,False,False
361,297.5,0.382,79.00656767168209,1.521,581.022,1,True,False
362,297.5,0.368,79.38767547069932,1.596,587.328,0,False,False
363,297.6,0.309,82.88317374044865,1.64,506.76,0,False,False
364,297.6,0.478,78.3852729883344,1.438,687.3639999999999,1,False,False
365,297.6,0.552,35.10704596727376,1.407,776.6640000000001,0,False,True
366,297.6,0.575,54.01205832066951,1.353,777.975,0,True,False
367,297.6,0.409,75.92712899527515,1.552,634.7679999999999,1,False,True
368,297.6,0.38299999999999995,53.31265029992371,1.569,600.927,0,False,True
369,297.5,0.395,65.0774253189853,1.489,588.155,0,True,False
370,297.5,0.361,65.3158473687266,1.587,572.907,0,True,False
371,297.5,0.37200000000000005,53.25126520194115,1.622,603.384,0,True,False
372,297.5,0.381,80.22369636406438,1.604,611.124,0,True,False
373,297.4,0.517,60.16141726930588,1.405,726.385,0,True,False
374,297.4,0.42,58.239210296875044,1.412,593.04,0,False,False
375,297.4,0.43,84.87568728309479,1.431,615.33,0,True,False
376,297.4,0.374,59.675018203630835,1.533,573.342,0,True,False
377,297.4,0.519,43.91991259642905,1.401,727.1189999999999,0,False,True
378,297.4,0.539,60.6534711431719,1.424,767.536,1,True,False
379,297.3,0.294,75.70083677599649,1.754,515.6759999999999,0,False,True
380,297.3,0.268,73.84301634491408,1.754,470.07200000000006,0,True,False
381,297.5,0.128,74.42908825542355,2.564,328.19200000000006,0,True,False
382,297.5,0.40399999999999997,70.40118919989558,1.546,624.584,0,False,False
383,297.5,0.48,47.71089145333441,1.335,640.8,0,False,False
384,297.5,0.27,78.10420429201157,1.842,497.34,0,False,True
385,297.5,0.268,79.67217326881325,1.712,458.816,0,False,False
386,297.6,0.45399999999999996,44.707634830927454,1.414,641.956,0,False,True
387,297.6,0.509,41.522781827569695,1.319,671.3709999999999,1,True,False
388,297.7,0.604,83.78024842945561,1.249,754.396,0,True,False
389,297.6,0.48200000000000004,78.4161981825184,1.455,701.31,1,False,True
390,297.6,0.5479999999999999,79.66180736049733,1.408,771.584,0,False,True
391,297.6,0.467,79.31881923121975,1.46,681.82,0,False,True
392,297.6,0.381,62.084341201686414,1.491,568.071,0,False,False
393,297.6,0.434,67.32008683328999,1.49,646.66,0,True,False
394,297.5,0.522,62.26814260668208,1.35,704.7,1,False,True
395,297.5,0.39899999999999997,37.560317459516455,1.528,609.672,0,True,False
396,297.4,0.377,72.27515426763864,1.571,592.267,0,False,True
397,297.4,0.426,60.26660166679402,1.49,634.74,0,False,True
398,297.4,0.289,67.38545373951149,1.774,512.686,0,False,False
399,297.4,0.436,60.13199024877676,1.502,654.8720000000001,0,False,True
400,297.4,0.49700000000000005,59.5905661161228,1.392,691.8240000000001,0,False,True
401,297.4,0.16899999999999998,43.58945547388834,2.1,354.9,0,True,False
402,297.5,0.304,48.93568575705745,1.722,523.4879999999999,0,False,True
403,297.4,0.32299999999999995,42.94263459719779,1.678,541.9939999999999,1,False,False
404,297.3,0.598,44.78331478126712,1.273,761.2539999999999,0,False,True
405,297.3,0.45899999999999996,83.64886902101524,1.297,595.323,0,True,False
406,297.3,0.5760000000000001,42.65567228860992,1.35,777.6,0,False,True
407,297.4,0.519,48.463521215260386,1.439,746.8409999999999,1,True,False
408,297.4,0.42100000000000004,64.52948288692924,1.6,673.6,0,True,False
409,297.4,0.444,65.50892881183209,1.434,636.696,0,False,True
410,297.4,0.413,42.69870648719145,1.459,602.567,0,True,False
411,297.5,0.449,74.68587128926062,1.472,660.928,0,True,False
412,297.5,0.44299999999999995,74.26014339564125,1.429,633.047,0,False,True
413,297.5,0.48200000000000004,46.865885210194556,1.388,669.0160000000001,0,False,True
414,297.4,0.345,49.43331513377302,1.573,542.685,0,False,False
415,297.4,0.325,81.89939327297485,1.588,516.1,0,False,False
416,297.5,0.428,76.2835722989739,1.511,646.708,0,False,False
417,297.4,0.37799999999999995,69.88985165312619,1.495,565.1099999999999,0,True,False
418,297.4,0.501,39.11166107553002,1.394,698.3940000000001,1,True,False
419,297.4,0.177,55.913204045128786,2.151,380.727,1,False,False
420,297.3,0.382,62.96509360384135,1.501,573.3820000000001,0,False,True
421,297.3,0.396,44.37056439918885,1.301,515.196,0,False,True
422,297.3,0.311,57.41132910541123,1.657,515.327,0,False,True
423,297.3,0.552,65.05129387443449,1.333,735.816,0,True,False
424,297.3,0.439,51.36883400576996,1.484,651.476,0,False,False
425,297.3,0.457,74.04724094752436,1.43,653.5100000000001,1,True,False
426,297.3,0.289,77.02247908194028,1.665,481.185,0,False,False
427,297.4,0.449,51.180473471703536,1.501,673.949,0,False,False
428,297.5,0.42200000000000004,76.93285772462286,1.496,631.312,0,False,True
429,297.6,0.369,40.17882830515075,1.595,588.555,0,True,False
430,297.5,0.623,76.88645493113282,1.208,752.584,0,True,False
431,297.5,0.371,42.63752158338083,1.596,592.1160000000001,1,True,False
432,297.5,0.419,39.1463576254863,1.446,605.874,0,False,True
433,297.6,0.397,67.08877022205056,1.466,582.0020000000001,0,False,False
434,297.6,0.237,58.59686828776472,1.848,437.976,0,True,False
435,297.5,0.447,80.39453002064164,1.484,663.3480000000001,0,True,False
436,297.4,0.41200000000000003,53.159459804542465,1.493,615.1160000000001,0,False,False
437,297.3,0.363,49.35761317188143,1.504,545.952,0,True,False
438,297.3,0.385,60.03674530720992,1.538,592.13,0,False,True
439,297.4,0.522,57.79730928843307,1.341,700.002,0,False,False
440,297.4,0.34600000000000003,52.22140231085942,1.535,531.11,0,True,False
441,297.4,0.392,69.68706493491644,1.389,544.488,0,True,False
442,297.5,0.466,72.97809169569541,1.393,649.138,0,False,True
443,297.4,0.615,77.64919845150683,1.399,860.385,0,True,False
444,297.4,0.451,83.64283023551715,1.469,662.5190000000001,0,True,False
445,297.4,0.37200000000000005,48.332809606625226,1.582,588.504,0,False,True
446,297.5,0.267,70.80467412449808,1.793,478.731,0,False,True
447,297.5,0.39,54.71291177478726,1.452,566.28,0,False,True
448,297.6,0.599,68.8540985975554,1.376,824.2239999999999,0,False,True
449,297.5,0.449,58.79908451746101,1.552,696.8480000000001,0,True,False
450,297.6,0.379,84.68865513839658,1.622,614.7379999999999,1,True,False
451,297.6,0.41700000000000004,71.4451067895375,1.419,591.7230000000001,1,False,True
452,297.5,0.461,82.62456502171622,1.44,663.84,1,False,False
453,297.4,0.31,76.74847747405929,1.643,509.33,0,False,False
454,297.4,0.36200000000000004,80.14505055816855,1.51,546.6200000000001,0,False,True
455,297.4,0.466,75.72095986073376,1.468,684.0880000000001,0,True,False
456,297.4,0.574,57.95795651879557,1.429,820.2459999999999,0,False,False
457,297.3,0.47600000000000003,47.58942266734422,1.478,703.528,0,True,False
458,297.4,0.536,53.516008772526106,1.276,683.936,0,False,False
459,297.3,0.426,36.011811631997524,1.486,633.036,0,True,False
460,297.4,0.423,61.19965837323336,1.476,624.348,0,True,False
461,297.3,0.42,60.252890013520435,1.431,601.02,0,True,False
462,297.4,0.402,61.262523241524406,1.402,563.604,0,False,False
463,297.4,0.434,83.70156124860318,1.433,621.922,0,False,False
464,297.4,0.042,80.57270017274197,2.874,120.70800000000001,0,False,False
465,297.3,0.35700000000000004,43.0856389165054,1.511,539.427,1,False,True
466,297.3,0.429,53.44412607779446,1.456,624.624,0,True,False
467,297.2,0.415,56.19780897316309,1.55,643.25,0,True,False
468,297.2,0.165,53.02664589258239,2.182,360.03,1,False,True
469,297.3,0.316,74.92479818019565,1.619,511.60400000000004,0,True,False
470,297.3,0.327,61.20188349337934,1.586,518.6220000000001,0,False,True
471,297.3,0.442,63.60499084858125,1.499,662.558,0,True,False
472,297.3,0.424,77.65067794939628,1.419,601.656,0,False,True
473,297.4,0.418,75.29640767076793,1.497,625.746,0,True,False
474,297.4,0.37,41.61057614101499,1.52,562.4,0,False,True
475,297.4,0.498,70.69572920418172,1.478,736.044,0,False,False
476,297.4,0.41100000000000003,56.771806445101774,1.38,567.18,0,False,True
477,297.4,0.379,49.73244515312503,1.57,595.03,0,True,False
478,297.4,0.414,37.500941045109315,1.468,607.752,0,False,False
479,297.4,0.226,59.36247801727255,1.833,414.25800000000004,0,False,True
480,297.4,0.573,52.771834036226565,1.323,758.079,0,False,False
481,297.4,0.32,47.57565198382004,1.583,506.56,0,False,False
482,297.3,0.395,69.73358647984787,1.556,614.62,0,False,False
483,297.3,0.374,73.47426936577935,1.548,578.952,1,False,False
484,297.4,0.569,47.23947595147124,1.324,753.3559999999999,0,False,False
485,297.4,0.337,37.472371833967365,1.568,528.416,0,False,False
486,297.4,0.307,77.43763502826175,1.685,517.295,0,False,True
487,297.4,0.359,35.497987060215166,1.582,567.938,0,True,False
488,297.4,0.35,81.85562469607359,1.463,512.05,0,True,False
489,297.4,0.428,66.3809936991353,1.584,677.952,0,False,True
490,297.5,0.5579999999999999,51.09233176006602,1.347,751.6259999999999,0,False,True
491,297.4,0.379,47.32389547883681,1.459,552.961,1,False,False
492,297.4,0.456,35.45028321322376,1.42,647.52,0,False,False
493,297.5,0.435,46.773570850543855,1.404,610.74,0,True,False
494,297.5,0.38799999999999996,41.88641507585706,1.47,570.3599999999999,0,True,False
495,297.6,0.498,65.60831103615729,1.326,660.3480000000001,0,False,False
496,297.5,0.49700000000000005,43.327279429690066,1.459,725.123,1,True,False
497,297.5,0.4,61.43149187683096,1.53,612.0,0,False,False
498,297.4,0.392,64.50582111722355,1.505,589.96,0,True,False
499,297.5,0.302,49.902084917345725,1.611,486.522,0,False,True
500,297.5,0.35100000000000003,36.75324745093594,1.515,531.765,0,False,True
501,297.5,0.27399999999999997,36.862694030709804,1.804,494.296,0,False,False
502,297.6,0.462,36.31736660969588,1.464,676.368,0,False,False
503,297.6,0.433,71.95623335682731,1.39,601.8699999999999,0,True,False
504,297.6,0.48100000000000004,50.90048524071491,1.442,693.602,0,False,True
505,297.6,0.419,74.81500929838319,1.529,640.651,0,False,False
506,297.6,0.35,56.58664119214246,1.61,563.5,0,True,False
507,297.6,0.34299999999999997,57.64990504149819,1.543,529.2489999999999,0,False,True
508,297.8,0.48200000000000004,60.64413012547868,1.445,696.49,0,False,True
509,297.7,0.24600000000000002,70.6515728187552,1.893,465.67800000000005,0,False,True
510,297.6,0.413,48.675143291485355,1.415,584.395,0,False,False
511,297.5,0.375,41.079367476676346,1.564,586.5,0,False,False
512,297.5,0.39399999999999996,62.80286675957308,1.479,582.726,0,False,False
513,297.5,0.44799999999999995,51.34888116213696,1.426,638.848,1,False,True
514,297.4,0.38799999999999996,57.12456568340187,1.428,554.064,0,False,True
515,297.4,0.332,67.34733541686526,1.62,537.84,0,True,False
516,297.5,0.28,59.706287057063534,1.715,480.2,0,True,False
517,297.5,0.299,66.01394085504214,1.732,517.8679999999999,0,True,False
518,297.5,0.5820000000000001,62.21000010568139,1.391,809.562,1,False,True
519,297.6,0.20600000000000002,71.98981859680495,1.924,396.344,1,False,True
520,297.7,0.198,70.296830885581,2.027,401.346,0,True,False
521,297.6,0.36200000000000004,61.709494590430964,1.617,585.354,0,False,False
522,297.5,0.358,68.94515104298534,1.497,535.9259999999999,0,True,False
523,297.5,0.43700000000000006,78.67798011363064,1.448,632.7760000000001,0,False,True
524,297.4,0.45899999999999996,56.61356438940843,1.401,643.059,0,False,True
525,297.4,0.354,55.638153637439686,1.62,573.48,0,False,True
526,297.4,0.455,73.212281042619,1.466,667.03,0,False,False
527,297.6,0.506,64.1276918520997,1.373,694.738,1,False,False
528,297.6,0.358,38.550339011129424,1.592,569.936,1,True,False
529,297.5,0.424,79.60560078455407,1.553,658.472,1,True,False
530,297.6,0.36200000000000004,36.53915511188201,1.569,567.9780000000001,0,False,True
531,297.6,0.322,72.41981781048716,1.709,550.298,0,False,True
532,297.6,0.349,72.93970713521564,1.549,540.601,0,False,True
533,297.5,0.45399999999999996,82.65555426409652,1.443,655.122,0,False,True
534,297.5,0.298,37.706720420116035,1.675,499.15,0,False,False
535,297.5,0.33399999999999996,64.84284303922455,1.623,542.082,0,False,True
536,297.4,0.524,56.39202853135265,1.365,715.26,0,False,True
537,297.4,0.248,51.5316477429771,1.759,436.232,0,False,True
538,297.4,0.43,39.51592801495365,1.516,651.88,0,True,False
539,297.4,0.368,63.13270598356546,1.499,551.632,0,False,False
540,297.4,0.258,58.95203628373068,1.775,457.95,0,True,False
541,297.4,0.455,40.22772290755121,1.473,670.215,0,False,True
542,297.4,0.523,65.62447535485417,1.296,677.808,0,False,False
543,297.5,0.247,71.89765601264693,1.803,445.341,1,True,False
544,297.5,0.361,73.36391505268242,1.563,564.243,0,False,False
545,297.5,0.266,80.26865941312137,1.831,487.04600000000005,0,False,False
546,297.6,0.221,55.47353709443886,1.958,432.718,0,True,False
547,297.5,0.243,82.65363843110686,1.809,439.58700000000005,0,True,False
548,297.5,0.39299999999999996,78.2714702541343,1.482,582.4259999999999,0,False,False
549,297.4,0.532,49.82507855119695,1.332,708.6240000000001,1,False,False
550,297.4,0.40399999999999997,42.96415186747292,1.437,580.548,1,False,True
551,297.4,0.294,56.76946980640067,1.698,499.212,0,False,False
552,297.4,0.5429999999999999,55.09493539779833,1.274,691.7819999999999,0,False,True
553,297.4,0.35,63.78596526656021,1.622,567.7,0,False,False
554,297.4,0.36,64.1693116163874,1.564,563.04,0,False,False
555,297.5,0.45299999999999996,72.49934921899876,1.368,619.704,0,False,True
556,297.4,0.42200000000000004,60.49449741028051,1.539,649.4580000000001,0,False,False
557,297.5,0.501,40.24113204703828,1.357,679.857,0,True,False
558,297.5,0.483,77.9145667776553,1.433,692.1389999999999,0,True,False
559,297.5,0.34600000000000003,50.488229159259355,1.65,570.9,0,False,True
560,297.5,0.406,83.5648730153296,1.503,610.2180000000001,0,False,False
561,297.5,0.5820000000000001,40.893005433988506,1.318,767.076,0,False,False
562,297.5,0.344,82.91255861162516,1.678,577.232,0,True,False
563,297.6,0.309,39.55059034412585,1.574,486.366,0,True,False
564,297.7,0.35200000000000004,46.551806897352975,1.529,538.2080000000001,0,True,False
565,297.6,0.321,37.32899710432708,1.669,535.749,0,True,False
566,297.7,0.358,70.25565733194975,1.57,562.06,0,False,False
567,297.6,0.337,77.51493682858958,1.541,519.317,0,True,False
568,297.7,0.302,56.70355409079902,1.68,507.36,0,False,False
569,297.8,0.221,81.42610375212149,1.935,427.635,0,False,True
570,297.7,0.35200000000000004,64.51495358777998,1.596,561.792,0,True,False
571,297.7,0.41,66.50035677232616,1.498,614.18,0,False,False
572,297.8,0.29,77.2709600850385,1.676,486.04,0,False,True
573,297.8,0.49,49.840010252591945,1.351,661.99,0,True,False
574,297.9,0.45,52.713286066381286,1.472,662.4,0,False,False
575,297.9,0.41700000000000004,80.29759595973222,1.439,600.063,1,False,True
576,297.9,0.5539999999999999,80.04817480193819,1.41,781.14,0,False,True
577,297.7,0.511,83.82413881004354,1.44,735.84,0,True,False
578,297.7,0.377,80.09191582208356,1.591,599.807,0,False,True
579,297.8,0.368,41.36860180166804,1.533,564.1439999999999,0,False,False
580,297.8,0.313,76.18621430684937,1.7,532.1,0,True,False
581,297.8,0.255,55.4919239054797,1.798,458.49,0,False,False
582,297.8,0.429,84.5400677972969,1.394,598.026,0,False,True
583,297.8,0.49200000000000005,58.614048216440054,1.341,659.7719999999999,0,False,False
584,297.7,0.322,62.691804125111034,1.697,546.434,0,True,False
585,297.6,0.48200000000000004,61.488745762839926,1.419,683.9580000000001,0,False,False
586,297.6,0.205,51.086851492913894,2.001,410.205,1,True,False
587,297.6,0.498,38.75110444464591,1.501,747.498,0,True,False
588,297.6,0.331,79.78256152009592,1.623,537.2130000000001,0,True,False
589,297.6,0.33399999999999996,75.13379062631435,1.628,543.752,1,True,False
590,297.6,0.402,41.976339027983464,1.491,599.3820000000001,0,True,False
591,297.5,0.36700000000000005,73.83841356750364,1.517,556.739,0,True,False
592,297.5,0.41700000000000004,66.2923333025305,1.525,635.9250000000001,1,False,False
593,297.5,0.27899999999999997,55.457189395881116,1.668,465.37199999999996,0,True,False
594,297.5,0.507,47.70105745477814,1.312,665.1840000000001,0,True,False
595,297.6,0.504,77.98643917511163,1.278,644.112,0,False,True
596,297.6,0.531,70.00941296470265,1.33,706.23,0,False,False
597,297.6,0.373,62.38699547345684,1.53,570.6899999999999,0,False,False
598,297.6,0.466,65.4784266949232,1.428,665.448,0,True,False
599,297.7,0.479,39.55330910410905,1.48,708.92,1,True,False
600,297.7,0.311,58.695988045559595,1.616,502.5760000000001,1,True,False
601,297.8,0.373,44.6850146392851,1.547,577.031,1,True,False
602,297.9,0.168,45.419183950441266,2.194,368.59200000000004,0,True,False
603,297.9,0.213,68.06519811434333,2.0,426.0,1,True,False
604,297.9,0.716,80.5628075917144,1.336,956.5759999999999,0,True,False
605,297.9,0.33799999999999997,55.18783052391733,1.542,521.196,0,True,False
606,297.9,0.299,45.38746365060952,1.693,506.207,0,False,False
607,297.9,0.505,67.43734686183271,1.461,737.805,0,True,False
608,298.0,0.33899999999999997,78.55935231751589,1.565,530.535,0,True,False
609,298.0,0.47700000000000004,72.41594005612454,1.403,669.2310000000001,0,False,False
610,298.1,0.325,78.43786152682935,1.629,529.425,0,False,False
611,298.1,0.337,61.82773355053997,1.534,516.9580000000001,0,True,False
612,298.1,0.409,72.59381221845955,1.553,635.177,0,False,True
613,298.1,0.32799999999999996,42.00322796794683,1.563,512.664,1,False,False
614,298.1,0.3,52.413730768159574,1.634,490.2,0,True,False
615,298.0,0.452,54.47745822407612,1.445,653.1400000000001,0,False,True
616,298.1,0.304,60.56478731230173,1.642,499.16799999999995,0,False,True
617,298.1,0.29100000000000004,81.45381801284118,1.686,490.62600000000003,0,True,False
618,298.1,0.431,78.71482801110872,1.393,600.383,1,True,False
619,298.2,0.442,41.72627461445923,1.433,633.3860000000001,0,False,True
620,298.3,0.447,43.63948259412316,1.507,673.6290000000001,0,False,False
621,298.3,0.496,52.88202747944557,1.389,688.9440000000001,0,True,False
622,298.3,0.45299999999999996,49.537193294533694,1.408,637.824,1,True,False
623,298.4,0.32,65.73854765781311,1.725,552.0,0,True,False
624,298.4,0.237,80.13880238822725,1.926,456.462,0,False,False
625,298.3,0.376,83.11457708362934,1.509,567.384,0,False,False
626,298.3,0.363,67.68014762676133,1.545,560.8349999999999,0,True,False
627,298.4,0.35200000000000004,76.90796007005434,1.533,539.6160000000001,1,False,False
628,298.4,0.42200000000000004,61.26011001153985,1.455,614.0100000000001,1,False,False
629,298.4,0.578,45.41634734300199,1.335,771.63,1,True,False
630,298.3,0.45899999999999996,61.23442060467387,1.523,699.057,1,True,False
631,298.3,0.47600000000000003,62.75413007188256,1.46,694.96,0,False,False
632,298.4,0.373,72.12287821067783,1.554,579.6419999999999,0,False,True
633,298.3,0.47100000000000003,45.99414948536746,1.419,668.349,0,False,False
634,298.3,0.439,53.41551910433658,1.442,633.038,0,False,False
635,298.3,0.41600000000000004,53.20137346072832,1.507,626.912,0,True,False
636,298.3,0.239,82.97197978705825,1.858,444.06199999999995,0,False,False
637,298.3,0.439,57.19724801633595,1.463,642.257,1,False,False
638,298.2,0.374,72.75469836490733,1.585,592.79,0,True,False
639,298.0,0.373,72.54056906872195,1.536,572.928,1,True,False
640,298.0,0.513,48.277209240162065,1.403,719.7389999999999,0,True,False
641,297.9,0.38799999999999996,63.59348446858661,1.515,587.8199999999999,0,True,False
642,297.9,0.479,79.7151446659324,1.39,665.81,0,True,False
643,297.8,0.5870000000000001,58.75988597284747,1.226,719.6619999999999,0,True,False
644,297.8,0.365,82.2558753671273,1.495,545.675,0,True,False
645,297.7,0.302,45.72291146620808,1.608,485.616,0,True,False
646,297.7,0.441,38.707955288701534,1.392,613.8720000000001,0,False,True
647,297.7,0.43700000000000006,79.57269365723747,1.461,638.457,0,False,False
648,297.7,0.369,77.38405989811083,1.559,575.271,0,False,False
649,297.7,0.489,84.62949379669223,1.4,684.6,0,False,True
650,297.7,0.28800000000000003,68.9696744056213,1.732,498.816,0,False,False
651,297.6,0.331,81.83439633335747,1.611,533.2410000000001,0,True,False
652,297.6,0.389,76.34745125420554,1.503,584.6669999999999,0,False,False
653,297.7,0.445,77.22131665600435,1.391,618.995,0,False,False
654,297.8,0.201,63.45707852271342,2.015,405.015,0,False,False
655,297.8,0.309,54.11822989583554,1.683,520.047,0,False,False
656,297.7,0.38799999999999996,81.7279036271641,1.435,556.78,0,True,False
657,297.7,0.281,56.60585878079472,1.732,486.69200000000006,0,True,False
658,297.7,0.586,61.94096836248345,1.365,799.89,0,True,False
659,297.7,0.368,57.305715356259384,1.562,574.816,0,False,False
660,297.6,0.491,63.24091569800986,1.449,711.4590000000001,0,False,False
661,297.7,0.27399999999999997,58.525253949616356,1.7,465.8,0,True,False
662,297.6,0.456,37.398377928973794,1.427,650.712,0,False,True
663,297.6,0.381,79.10240930038493,1.479,563.499,0,False,False
664,297.5,0.44,57.219690945788486,1.469,646.36,0,True,False
665,297.5,0.474,64.44718242536743,1.39,658.86,1,True,False
666,297.5,0.281,41.95939013789935,1.729,485.849,0,True,False
667,297.5,0.435,35.16939239913196,1.47,639.45,1,True,False
668,297.5,0.485,47.26450468218215,1.459,707.615,0,True,False
669,297.5,0.24,70.22930160666752,1.738,417.12,0,True,False
670,297.5,0.377,39.95972650564393,1.471,554.567,0,True,False
671,297.6,0.254,80.4443720193234,1.822,462.78799999999995,0,True,False
672,297.5,0.348,45.75112846780923,1.554,540.7919999999999,0,False,True
673,297.6,0.43200000000000005,45.22968071458879,1.433,619.056,0,True,False
674,297.6,0.47700000000000004,44.07539808107477,1.449,691.173,0,False,False
675,297.8,0.41200000000000003,35.699085648568236,1.456,599.8720000000001,0,False,False
676,297.8,0.455,73.59027342391173,1.424,647.92,0,False,True
677,297.9,0.34700000000000003,78.75172656226292,1.577,547.219,0,True,False
678,297.9,0.397,65.70813513080995,1.478,586.7660000000001,0,True,False
679,297.8,0.612,44.409999083993114,1.295,792.54,0,False,True
680,297.8,0.473,49.26389984704399,1.372,648.956,0,False,True
681,297.8,0.426,58.79633486824817,1.432,610.032,0,False,True
682,297.7,0.332,82.71729758116504,1.656,549.792,0,True,False
683,297.8,0.488,47.36756859088714,1.41,688.08,0,True,False
684,297.7,0.244,71.5822951959944,1.874,457.256,0,False,False
685,297.7,0.43200000000000005,56.97241116464602,1.538,664.416,0,False,True
686,297.7,0.297,49.892367418001086,1.636,485.892,0,False,False
687,297.7,0.40399999999999997,57.79579685110569,1.504,607.616,0,False,False
688,297.7,0.424,38.560335877061625,1.531,649.144,0,True,False
689,297.6,0.264,74.93436854651813,1.735,458.04,0,False,True
690,297.6,0.556,47.165096399148354,1.354,752.8240000000001,0,True,False
691,297.6,0.402,71.27060615964852,1.413,568.0260000000001,0,True,False
692,297.7,0.39299999999999996,38.41741857240974,1.563,614.2589999999999,1,False,False
693,297.7,0.42100000000000004,82.7549278082843,1.479,622.659,0,False,False
694,297.7,0.38299999999999995,44.65074927028493,1.477,565.691,1,True,False
695,297.6,0.5,79.13710381035402,1.394,697.0,0,True,False
696,297.6,0.45399999999999996,75.47366048077171,1.487,675.0980000000001,0,False,False
697,297.6,0.253,83.3929962040708,1.815,459.195,0,True,False
698,297.6,0.397,58.89453304728748,1.453,576.841,0,False,False
699,297.6,0.402,71.36986469229757,1.539,618.678,1,True,False
700,297.5,0.392,53.5355328518892,1.416,555.072,0,False,False
701,297.6,0.316,44.21841190098469,1.683,531.828,1,False,False
702,297.7,0.401,57.15379664667244,1.515,607.515,0,True,False
703,297.7,0.483,43.28745076942275,1.531,739.4730000000001,0,True,False
704,297.7,0.409,84.1022311393192,1.479,604.911,1,True,False
705,297.7,0.337,39.81232455703582,1.516,510.89200000000005,0,True,False
706,297.7,0.382,64.46058617263103,1.507,575.674,1,False,True
707,297.8,0.433,66.3231927627028,1.434,620.922,0,True,False
708,297.7,0.273,61.90397714370271,1.838,501.774,0,False,True
709,297.6,0.45899999999999996,68.10929428559169,1.416,649.944,0,True,False
710,297.6,0.49700000000000005,40.809038750594546,1.357,674.4290000000001,1,False,False
711,297.5,0.281,62.75092621026455,1.697,476.857,0,False,True
712,297.5,0.462,49.36062855636808,1.443,666.666,0,False,False
713,297.5,0.376,82.00880316505283,1.453,546.328,0,False,False
714,297.4,0.46399999999999997,73.10358267198629,1.439,667.6959999999999,0,False,False
715,297.4,0.36200000000000004,83.62572410798714,1.609,582.4580000000001,0,True,False
716,297.4,0.591,36.87780348700948,1.324,782.484,0,False,True
717,297.4,0.45799999999999996,49.25665875903543,1.42,650.3599999999999,0,False,True
718,297.4,0.369,44.77112933191745,1.545,570.105,0,False,True
719,297.5,0.39,35.55772936559153,1.477,576.03,0,True,False
720,297.4,0.581,47.11628651231607,1.447,840.707,0,False,False
721,297.4,0.23800000000000002,68.93879917602145,1.809,430.54200000000003,0,False,True
722,297.5,0.309,46.55444610672843,1.696,524.064,0,True,False
723,297.5,0.447,60.45017227413091,1.427,637.869,1,True,False
724,297.4,0.46299999999999997,79.39090574824993,1.5,694.5,0,False,False
725,297.5,0.446,69.68789601745377,1.39,619.94,0,False,False
726,297.4,0.342,54.731453495301594,1.64,560.8800000000001,1,False,True
727,297.4,0.374,53.623446945605416,1.628,608.872,0,True,False
728,297.3,0.376,57.786790700424234,1.499,563.624,0,False,True
729,297.4,0.503,43.85207205299532,1.425,716.775,1,True,False
730,297.3,0.377,66.7000383707994,1.586,597.922,0,True,False
731,297.3,0.507,53.207640955230275,1.471,745.797,1,True,False
732,297.3,0.53,77.61826746310219,1.431,758.43,0,False,True
733,297.2,0.221,72.82763300289082,1.924,425.204,0,False,False
734,297.1,0.42,65.525658204608,1.421,596.82,0,False,False
735,297.0,0.546,53.2101111324758,1.305,712.53,0,True,False
736,296.9,0.324,45.49659158367422,1.557,504.46799999999996,0,False,True
737,296.9,0.382,73.80759320528114,1.555,594.0100000000001,0,True,False
738,296.9,0.392,59.320454949554325,1.474,577.808,0,False,True
739,296.8,0.45899999999999996,46.23750190886788,1.506,691.2539999999999,0,False,False
740,296.9,0.418,44.75873075200031,1.39,581.02,0,True,False
741,296.9,0.469,43.27004522506795,1.45,680.05,1,False,False
742,296.9,0.38799999999999996,73.85805981027974,1.513,587.044,0,True,False
743,296.8,0.34700000000000003,46.44935926501559,1.643,570.1210000000001,0,False,False
744,296.8,0.5379999999999999,61.332113176259874,1.361,732.2180000000001,1,False,False
745,296.7,0.409,57.57731804865283,1.45,593.05,0,True,False
746,296.7,0.507,63.980544961414196,1.451,735.6569999999999,1,False,True
747,296.8,0.62,78.85774501855971,1.289,799.18,0,True,False
748,296.8,0.483,78.38736950408654,1.356,654.948,0,False,False
749,296.7,0.46299999999999997,57.55380359124298,1.528,707.4639999999999,0,False,True
750,296.6,0.223,35.76831253673617,1.978,441.094,0,False,False
751,296.7,0.368,56.32219028571516,1.535,564.8799999999999,1,True,False
752,296.8,0.242,65.30967687120702,1.843,446.006,0,False,True
753,296.9,0.48700000000000004,62.88823795490309,1.422,692.5140000000001,0,False,False
754,296.8,0.40399999999999997,67.56680529001028,1.536,620.544,0,True,False
755,296.9,0.44299999999999995,42.703786623654175,1.483,656.9689999999999,0,True,False
756,296.8,0.43700000000000006,67.32675493903662,1.492,652.004,0,False,True
757,296.8,0.40399999999999997,44.132580937188614,1.584,639.936,0,False,False
758,296.9,0.337,72.52619903483745,1.555,524.0350000000001,1,False,False
759,296.8,0.41700000000000004,51.954380663134,1.497,624.249,0,False,True
760,296.7,0.363,70.49477166907268,1.537,557.931,0,False,True
761,296.7,0.39399999999999996,37.39327994530535,1.505,592.97,0,True,False
762,296.7,0.34600000000000003,55.39300127954567,1.646,569.5160000000001,0,True,False
763,296.7,0.605,70.25172611316664,1.286,778.03,0,True,False
764,296.7,0.475,46.343525816574704,1.4,665.0,0,False,False
765,296.8,0.565,74.76435223986113,1.337,755.405,0,True,False
766,296.9,0.539,66.5389866552466,1.332,717.948,0,False,False
767,296.8,0.38299999999999995,64.37808860748991,1.561,597.8629999999999,1,False,True
768,296.9,0.311,52.67744271021685,1.546,480.80600000000004,0,False,True
769,296.9,0.293,59.12257351905588,1.713,501.909,0,True,False
770,296.9,0.445,64.86746504889265,1.343,597.635,0,False,True
771,296.8,0.544,58.62310569574453,1.391,756.704,0,True,False
772,296.8,0.586,69.915666197028,1.311,768.2460000000001,0,False,True
773,296.8,0.51,56.68484665534798,1.453,741.03,0,True,False
774,296.8,0.39399999999999996,45.11365908710152,1.51,594.94,0,True,False
775,296.8,0.488,45.696689140052364,1.448,706.6239999999999,0,False,True
776,296.7,0.46,35.290188442147056,1.453,668.38,1,True,False
777,296.7,0.392,50.04788577793362,1.468,575.456,0,True,False
778,296.7,0.475,72.44588202392598,1.382,656.45,0,False,False
779,296.7,0.322,74.70813544188047,1.58,508.76000000000005,0,False,False
780,296.8,0.298,45.1233771047875,1.666,496.468,1,False,False
781,296.9,0.507,82.95219984357038,1.409,714.363,1,False,False
782,296.8,0.297,60.12013967400634,1.675,497.475,0,False,False
783,296.8,0.308,80.84893745092513,1.698,522.984,0,True,False
784,296.7,0.33399999999999996,70.33826409308156,1.579,527.386,0,True,False
785,296.7,0.27899999999999997,71.12167115112065,1.743,486.29699999999997,0,True,False
786,296.9,0.44799999999999995,39.25218106530356,1.497,670.656,0,False,True
787,296.9,0.28800000000000003,45.99955634484653,1.741,501.408,0,False,False
788,296.9,0.45299999999999996,35.44074166472363,1.435,650.055,0,False,False
789,296.9,0.46299999999999997,70.80638202383687,1.44,666.72,0,False,False
790,296.9,0.33299999999999996,52.221914421425495,1.641,546.453,1,False,True
791,296.8,0.45399999999999996,74.33262580381734,1.42,644.68,0,True,False
792,296.8,0.354,51.94681099685131,1.611,570.294,0,False,False
793,296.8,0.429,75.96668761494305,1.373,589.0169999999999,0,False,False
794,296.8,0.318,41.53491268741565,1.683,535.194,0,False,False
795,296.9,0.326,43.66865783787541,1.547,504.32200000000006,0,True,False
796,296.9,0.37,52.04382697919682,1.605,593.85,0,False,True
797,296.9,0.18899999999999997,55.424369444113665,2.01,379.89,1,False,True
798,296.8,0.401,52.435140542148915,1.565,627.565,0,False,False
799,296.9,0.24600000000000002,73.182351626161,1.828,449.68800000000005,0,False,False
800,297.0,0.341,39.84756963133574,1.579,538.439,0,False,True
801,297.0,0.242,52.5608509819244,1.882,455.444,0,False,False
802,296.9,0.521,76.86199997577296,1.285,669.485,1,True,False
803,296.9,0.35,38.3398538631086,1.571,549.85,0,False,False
804,296.9,0.37799999999999995,82.11717538356787,1.549,585.5219999999999,0,False,False
805,296.9,0.376,84.31584211360064,1.544,580.544,0,False,False
806,297.0,0.474,39.428408691254006,1.412,669.288,0,False,False
807,297.0,0.53,49.56362611278685,1.422,753.66,1,False,True
808,297.0,0.228,53.620033301767805,1.867,425.676,0,False,True
809,296.9,0.433,73.8195684326363,1.424,616.592,0,False,False
810,296.9,0.457,64.79634060583669,1.452,663.5640000000001,0,True,False
811,296.9,0.397,67.21828502462836,1.55,615.35,0,False,True
812,296.8,0.376,72.8754911409253,1.588,597.0880000000001,0,False,True
813,296.8,0.444,40.89894997185129,1.338,594.072,0,True,False
814,296.8,0.4,76.66047284551311,1.513,605.2,0,False,True
815,296.8,0.45899999999999996,70.2809902090072,1.47,674.73,0,False,True
816,296.8,0.36700000000000005,63.867086259818514,1.516,556.3720000000001,0,False,False
817,296.8,0.483,79.48676673915284,1.434,692.622,0,False,False
818,296.8,0.52,70.01531769419036,1.368,711.36,0,True,False
819,296.8,0.48700000000000004,45.084998131551274,1.304,635.048,0,True,False
820,296.8,0.467,56.487269053783336,1.398,652.8660000000001,0,True,False
821,296.7,0.374,59.70214334678666,1.516,566.984,1,False,True
822,296.7,0.41700000000000004,37.76088133752028,1.474,614.658,0,True,False
823,296.7,0.34700000000000003,82.73187566800279,1.547,536.809,1,True,False
824,296.6,0.39899999999999997,41.428863039843925,1.482,591.318,0,True,False
825,296.6,0.428,69.87306336133634,1.436,614.608,0,False,False
826,296.6,0.4,60.31155180454401,1.474,589.6,0,False,True
827,296.5,0.382,36.28161249422113,1.481,565.7420000000001,1,True,False
828,296.5,0.42100000000000004,81.23737379321808,1.501,631.9209999999999,0,True,False
829,296.5,0.37200000000000005,77.59184044094667,1.566,582.552,0,False,False
830,296.5,0.345,61.21289639519178,1.579,544.755,1,False,False
831,296.6,0.35,46.44711680697226,1.631,570.85,1,True,False
832,296.6,0.423,41.081144534004714,1.544,653.112,0,False,False
833,296.6,0.386,53.16962397160633,1.521,587.106,1,True,False
834,296.6,0.28,47.77141405230452,1.616,452.48,0,True,False
835,296.6,0.502,60.334560050314934,1.333,669.166,0,False,False
836,296.7,0.325,83.32046480617146,1.533,498.225,0,False,False
837,296.6,0.451,63.747674661482066,1.368,616.9680000000001,0,False,True
838,296.6,0.478,79.4965527945049,1.465,700.27,0,True,False
839,296.6,0.415,67.54394187478886,1.406,583.49,0,False,False
840,296.5,0.435,58.76232632936002,1.565,680.775,0,False,False
841,296.6,0.379,77.73037813666856,1.582,599.578,0,True,False
842,296.6,0.455,58.568405508649874,1.439,654.745,1,False,False
843,296.6,0.35,78.43140852551805,1.566,548.1,0,True,False
844,296.6,0.42700000000000005,49.57883847878826,1.485,634.095,1,False,True
845,296.5,0.35100000000000003,41.4406536881494,1.566,549.666,1,True,False
846,296.3,0.415,77.76572321814692,1.439,597.185,1,False,False
847,296.4,0.5,64.37075818963334,1.416,708.0,0,True,False
848,296.4,0.055999999999999994,79.45461991244801,2.833,158.648,0,False,True
849,296.3,0.47100000000000003,81.89136034961916,1.465,690.015,0,False,False
850,296.4,0.355,37.68141951857246,1.586,563.03,0,False,False
851,296.3,0.314,60.04846509294342,1.567,492.03799999999995,0,True,False
852,296.2,0.486,53.748227453726464,1.389,675.0540000000001,0,False,False
853,296.3,0.495,66.29291985350585,1.368,677.16,0,True,False
854,296.3,0.49,74.67955986011617,1.444,707.56,1,False,True
855,296.3,0.41600000000000004,49.02951079871845,1.498,623.168,1,True,False
856,296.1,0.308,62.83991921865858,1.615,497.42,0,True,False
857,296.1,0.22699999999999998,70.43642899524498,1.898,430.846,0,True,False
858,296.1,0.5329999999999999,41.7215541417867,1.35,719.55,0,False,False
859,296.2,0.376,75.70334529756335,1.516,570.016,1,False,False
860,296.2,0.406,65.30547999264866,1.542,626.052,0,True,False
861,296.1,0.326,82.47687185568259,1.541,502.36600000000004,0,False,True
862,296.1,0.233,51.97644595653466,1.951,454.583,0,False,False
863,296.1,0.31,40.40729711685994,1.645,509.95,0,False,False
864,296.0,0.442,60.325060051846265,1.416,625.8720000000001,1,False,False
865,296.0,0.223,39.29053858547194,2.044,455.81200000000007,0,False,False
866,295.9,0.502,83.47632616620034,1.414,709.828,0,False,False
867,295.9,0.267,36.934247912859576,1.678,448.026,1,True,False
868,295.9,0.332,72.6751950553654,1.594,529.2080000000001,1,True,False
869,295.8,0.377,61.2551199071122,1.514,570.778,1,False,True
870,295.8,0.49200000000000005,53.43103262491444,1.358,668.1360000000001,0,False,True
871,295.8,0.562,38.292108225432735,1.325,744.65,0,True,False
872,295.8,0.532,66.10834620868039,1.339,712.3480000000001,0,True,False
873,295.8,0.517,64.26101646954777,1.335,690.195,0,False,False
874,295.9,0.217,49.04416365337999,1.892,410.564,0,False,False
875,295.9,0.285,80.5110850705156,1.575,448.875,0,True,False
876,295.8,0.455,50.205500367141845,1.444,657.02,0,True,False
877,295.7,0.22399999999999998,57.48627052960531,1.915,428.96,1,False,False
878,295.6,0.336,62.188122795932784,1.584,532.224,0,False,False
879,295.7,0.349,40.011593908814305,1.685,588.065,1,True,False
880,295.8,0.546,81.60808596068162,1.337,730.002,0,True,False
881,295.8,0.762,53.72680762255206,1.235,941.07,0,True,False
882,295.7,0.462,39.03896069371718,1.464,676.368,0,False,False
883,295.7,0.259,54.3645586837665,1.739,450.401,0,True,False
884,295.7,0.34299999999999997,65.01012735462903,1.49,511.06999999999994,0,True,False
885,295.8,0.48,60.68263359106648,1.356,650.88,1,False,True
886,295.7,0.52,69.7270987018637,1.397,726.44,0,True,False
887,295.7,0.406,37.77419710339553,1.458,591.948,1,False,False
888,295.7,0.165,49.227030513602806,2.161,356.565,0,True,False
889,295.6,0.281,75.96152884200512,1.651,463.93100000000004,1,True,False
890,295.6,0.462,38.99468438956804,1.389,641.7180000000001,0,True,False
891,295.6,0.524,77.77429773479787,1.37,717.88,0,False,False
892,295.7,0.479,39.59480460385531,1.408,674.432,0,False,True
893,295.7,0.544,76.72271074458482,1.343,730.592,0,False,True
894,295.7,0.425,53.03942005393633,1.423,604.775,1,True,False
895,295.6,0.486,65.6104531628608,1.426,693.0360000000001,0,False,False
896,295.6,0.516,42.644355782399906,1.435,740.46,0,True,False
897,295.5,0.35100000000000003,38.30843608625904,1.573,552.123,0,True,False
898,295.6,0.312,45.79691020100675,1.612,502.944,0,False,True
899,295.6,0.499,41.392690895434775,1.446,721.554,0,True,False
900,295.6,0.5529999999999999,50.620294883981586,1.329,734.937,0,True,False
901,295.6,0.35100000000000003,60.71916232555101,1.569,550.719,0,True,False
902,295.6,0.623,64.43797317825047,1.256,782.488,0,True,False
903,295.6,0.48700000000000004,74.49340536898714,1.383,673.5210000000001,0,True,False
904,295.7,0.146,67.81199466241793,2.27,331.42,0,False,False
905,295.7,0.498,65.43791625647765,1.458,726.084,1,False,False
906,295.6,0.41200000000000003,55.58910137428873,1.474,607.288,1,False,True
907,295.6,0.49200000000000005,58.69042174800693,1.462,719.3040000000001,0,False,True
908,295.6,0.29,55.726041469509056,1.669,484.01,0,True,False
909,295.5,0.243,77.10830150306916,1.822,442.746,0,True,False
910,295.5,0.392,46.500022627419995,1.456,570.7520000000001,0,True,False
911,295.5,0.359,35.28604657709823,1.546,555.0139999999999,0,False,False
912,295.6,0.42700000000000005,67.56599486131196,1.49,636.23,1,True,False
913,295.6,0.40399999999999997,45.12310918194157,1.569,633.876,0,False,False
914,295.5,0.295,79.50575681549046,1.621,478.195,0,False,False
915,295.4,0.406,77.9523164853328,1.518,616.308,0,False,False
916,295.4,0.382,38.836368596410296,1.526,582.932,0,False,False
917,295.3,0.36200000000000004,40.319420270703866,1.589,575.2180000000001,0,True,False
918,295.3,0.51,59.758579612333314,1.475,752.25,0,False,True
919,295.3,0.385,65.46113313846773,1.473,567.105,0,False,True
920,295.4,0.507,48.74541687411204,1.407,713.349,0,True,False
921,295.5,0.441,70.83988583496853,1.518,669.438,1,False,True
922,295.5,0.37200000000000005,64.74580104594358,1.593,592.596,0,False,False
923,295.5,0.524,51.241205487427735,1.38,723.12,0,False,True
924,295.5,0.45299999999999996,36.26857440211578,1.423,644.6189999999999,0,False,True
925,295.5,0.276,72.50751406492589,1.8,496.8,1,False,False
926,295.6,0.309,45.737683291254136,1.623,501.50699999999995,1,True,False
927,295.6,0.556,76.72368717313142,1.372,762.832,0,True,False
928,295.6,0.524,56.01451300271276,1.396,731.5039999999999,0,False,False
929,295.6,0.21899999999999997,63.853872131588275,1.949,426.83099999999996,0,False,False
930,295.6,0.511,78.6474365204501,1.419,725.109,0,True,False
931,295.5,0.473,78.18115004599767,1.453,687.2689999999999,0,True,False
932,295.5,0.36200000000000004,53.575978762178664,1.542,558.2040000000001,0,False,True
933,295.6,0.5,45.44444463574216,1.363,681.5,0,False,True
934,295.5,0.37200000000000005,73.75730388642972,1.597,594.0840000000001,0,False,False
935,295.5,0.508,56.65401018010656,1.326,673.6080000000001,0,True,False
936,295.5,0.366,44.60209967795021,1.641,600.6060000000001,0,True,False
937,295.6,0.462,80.2212671158575,1.418,655.1160000000001,0,True,False
938,295.6,0.618,44.90520971205437,1.263,780.534,0,False,True
939,295.6,0.258,36.290358409561556,1.823,470.334,0,True,False
940,295.5,0.40700000000000003,36.013998688371,1.488,605.6160000000001,0,False,False
941,295.6,0.489,66.11576782271321,1.443,705.627,0,True,False
942,295.6,0.282,68.08375303587653,1.65,465.3,0,False,False
943,295.7,0.44299999999999995,50.552085252849196,1.462,647.6659999999999,0,False,False
944,295.6,0.45,51.00054946235317,1.477,664.65,0,False,True
945,295.7,0.285,51.974695752997135,1.712,487.92,0,True,False
946,295.7,0.504,69.00792733794393,1.347,678.888,0,True,False
947,295.6,0.5479999999999999,37.90668955134143,1.287,705.276,1,True,False
948,295.6,0.445,81.45581763456627,1.428,635.46,0,False,True
949,295.6,0.455,46.12605220887232,1.426,648.83,0,False,True
950,295.6,0.327,84.98366026210462,1.636,534.9720000000001,0,False,False
951,295.6,0.425,43.57613468935935,1.424,605.2,1,False,False
952,295.6,0.358,73.57732286561887,1.509,540.222,1,False,False
953,295.5,0.489,46.17062724648125,1.448,708.072,0,True,False
954,295.5,0.32799999999999996,39.042340082162696,1.65,541.1999999999999,0,False,True
955,295.6,0.425,78.74666621753244,1.414,600.95,0,False,False
956,295.6,0.209,77.9375629595446,1.911,399.39899999999994,1,True,False
957,295.6,0.322,55.17851962248007,1.632,525.504,0,False,False
958,295.7,0.401,70.11980712702135,1.387,556.187,1,True,False
959,295.8,0.47600000000000003,62.85329663419586,1.399,665.9240000000001,0,True,False
960,295.8,0.35200000000000004,77.64780568368744,1.505,529.7600000000001,0,False,False
961,295.8,0.379,50.75279846593272,1.534,581.386,1,True,False
962,295.8,0.405,61.18361999994926,1.493,604.665,0,False,False
963,295.8,0.43200000000000005,59.26861856022752,1.48,639.3600000000001,1,True,False
964,295.8,0.316,52.69529131284294,1.621,512.2360000000001,0,True,False
965,295.7,0.262,79.57275322781861,1.737,455.094,1,True,False
966,295.8,0.465,43.29389623312677,1.508,701.22,0,True,False
967,295.8,0.322,42.475431976034805,1.641,528.402,0,False,False
968,295.9,0.386,63.845476766137566,1.532,591.3520000000001,0,True,False
969,295.9,0.409,67.8747114992471,1.547,632.723,0,False,False
970,295.9,0.41,44.73096271622826,1.412,578.92,0,False,False
971,295.8,0.35100000000000003,54.535872112731205,1.568,550.368,1,False,False
972,295.9,0.41100000000000003,82.32819214893718,1.557,639.927,0,False,True
973,295.8,0.35200000000000004,47.3308711345337,1.644,578.688,0,False,False
974,295.9,0.304,68.4180351058697,1.679,510.416,1,True,False
975,296.0,0.35200000000000004,72.00746968487954,1.511,531.8720000000001,0,True,False
976,296.0,0.368,57.40643497325797,1.628,599.1039999999999,0,True,False
977,296.0,0.513,81.87629933797915,1.392,714.0959999999999,0,False,False
978,296.0,0.21,71.83283676093953,1.917,402.57,1,True,False
979,296.2,0.423,57.89622899304489,1.526,645.4979999999999,0,False,False
980,296.2,0.5329999999999999,63.4667600888047,1.389,740.337,0,False,False
981,296.1,0.428,69.63067217125504,1.409,603.052,1,True,False
982,296.2,0.311,64.60950902146091,1.655,514.705,0,False,True
983,296.2,0.391,78.93487919130379,1.516,592.756,0,True,False
984,296.2,0.349,52.84443311402006,1.526,532.5740000000001,0,True,False
985,296.3,0.486,49.994287002790244,1.419,689.6340000000001,1,False,False
986,296.4,0.253,45.69194447476322,1.748,442.244,0,False,False
987,296.4,0.325,36.889148403229754,1.638,532.35,0,False,False
988,296.3,0.33799999999999997,37.15069821900277,1.534,518.492,0,False,False
989,296.3,0.259,78.50275965546413,1.774,459.466,0,True,False
990,296.2,0.183,68.91965732029536,2.119,387.77700000000004,0,False,True
991,296.2,0.483,68.0266207718243,1.414,682.962,0,False,True
992,296.1,0.42,65.7321409467443,1.523,639.66,0,False,False
993,296.1,0.35700000000000004,77.46095723470523,1.651,589.407,0,True,False
994,296.1,0.36,59.01334628328137,1.485,534.6,0,False,False
995,296.2,0.634,78.52054142791502,1.168,740.512,0,True,False
996,296.3,0.358,52.972251309111954,1.566,560.6279999999999,0,True,False
997,296.3,0.511,81.33537521695453,1.286,657.1460000000001,0,False,True
998,296.3,0.45899999999999996,69.932849004062,1.446,663.7139999999999,0,True,False
999,296.4,0.19399999999999998,47.858856801221364,2.071,401.77399999999994,0,False,True
1000,296.3,0.332,63.204246084431254,1.56,517.9200000000001,0,False,False
1001,296.3,0.29600000000000004,61.65152807441278,1.654,489.584,0,True,False
1002,296.3,0.32899999999999996,41.894941086516695,1.662,546.798,0,False,False
1003,296.3,0.35,64.56214528753071,1.646,576.1,0,False,True
1004,296.2,0.467,50.7392811858479,1.444,674.3480000000001,0,False,False
1005,296.3,0.42,37.61743834048012,1.424,598.08,0,False,True
1006,296.2,0.52,82.43280788532824,1.382,718.64,0,False,False
1007,296.2,0.534,67.07451845321438,1.413,754.5419999999999,1,False,False
1008,296.2,0.311,78.84594659354235,1.633,507.86300000000006,0,False,True
1009,296.2,0.41700000000000004,68.80280025066266,1.441,600.897,0,True,False
1010,296.2,0.44,52.84918460700565,1.385,609.4,0,False,False
1011,296.2,0.348,60.63440361644057,1.552,540.096,0,True,False
1012,296.2,0.428,68.78733801735885,1.451,621.0279999999999,0,False,True
1013,296.1,0.385,83.01261626007188,1.433,551.705,0,False,True
1014,296.1,0.297,47.68347295608483,1.619,480.84299999999996,0,True,False
1015,296.2,0.418,78.74885293120587,1.445,604.0099999999999,0,False,False
1016,296.2,0.436,81.20389026471346,1.356,591.216,0,False,True
1017,296.3,0.6829999999999999,68.52077573294783,1.319,900.877,0,True,False
1018,296.3,0.316,81.56333137006689,1.637,517.292,0,False,False
1019,296.3,0.586,54.893929373868424,1.291,756.5260000000001,0,False,True
1020,296.3,0.527,82.65080880202214,1.398,736.7460000000001,1,True,False
1021,296.3,0.5770000000000001,70.13914385829875,1.372,791.6440000000001,0,False,False
1022,296.3,0.425,37.100288370940596,1.454,617.95,0,True,False
1023,296.2,0.365,80.34364159095264,1.515,552.975,0,False,True
1024,296.2,0.243,59.22364045165963,1.881,457.083,0,False,True
1025,296.2,0.299,58.01634923889164,1.711,511.58899999999994,0,False,True
1026,296.2,0.37,63.323330298981716,1.475,545.75,0,False,False
1027,296.4,0.368,42.469227338561396,1.512,556.4159999999999,0,False,True
1028,296.3,0.505,58.45830242836993,1.335,674.175,0,False,True
1029,296.3,0.39899999999999997,76.55636083588729,1.472,587.328,0,True,False
1030,296.2,0.35200000000000004,35.774122956875765,1.477,519.904,0,False,True
1031,296.3,0.284,48.64585801621857,1.76,499.84,0,True,False
1032,296.4,0.361,35.122729322192214,1.549,559.189,0,False,False
1033,296.3,0.34,55.78556545749242,1.648,560.32,0,True,False
1034,296.4,0.38,71.41577552468674,1.556,591.28,0,True,False
1035,296.3,0.191,74.93859145573143,1.958,373.978,0,True,False
1036,296.4,0.484,82.25948805635034,1.403,679.052,0,False,False
1037,296.4,0.314,65.42523064853933,1.684,528.776,0,True,False
1038,296.4,0.35100000000000003,47.73134333264477,1.596,560.196,0,False,False
1039,296.6,0.41100000000000003,81.20739745683494,1.498,615.678,0,True,False
1040,296.7,0.368,73.7657876940188,1.524,560.832,0,True,False
1041,296.7,0.439,63.721424150157226,1.502,659.378,0,False,False
1042,296.6,0.251,69.7820107859468,1.809,454.059,0,False,True
1043,296.6,0.374,81.21581775037146,1.542,576.708,1,True,False
1044,296.5,0.452,70.61970142364609,1.431,646.812,1,False,False
1045,296.5,0.436,53.418725379236704,1.512,659.232,1,False,True
1046,296.4,0.528,70.65141011445483,1.403,740.784,0,False,False
1047,296.4,0.478,37.013908136769395,1.331,636.218,0,True,False
1048,296.6,0.526,54.320778091529064,1.474,775.3240000000001,0,True,False
1049,296.5,0.335,55.31615159227896,1.607,538.345,1,False,True
1050,296.5,0.442,43.34191172104173,1.415,625.4300000000001,0,True,False
1051,296.6,0.28800000000000003,36.15427402758851,1.671,481.24800000000005,0,False,True
1052,296.6,0.377,41.66906183188714,1.556,586.6120000000001,0,False,False
1053,296.7,0.239,67.73107478985276,1.927,460.55299999999994,0,False,True
1054,296.7,0.321,75.11444081818438,1.597,512.6370000000001,0,False,True
1055,296.8,0.305,84.4101746363487,1.627,496.235,0,False,True
1056,296.8,0.39399999999999996,52.31817515542471,1.48,583.12,0,True,False
1057,296.8,0.395,64.96896111305509,1.565,618.175,1,False,True
1058,296.8,0.364,81.85724834075609,1.573,572.572,0,False,False
1059,296.7,0.313,43.35208906690763,1.605,502.365,0,False,False
1060,296.7,0.213,70.88227931713713,1.874,399.16200000000003,0,False,False
1061,296.7,0.5379999999999999,72.74893665745816,1.424,766.112,0,False,True
1062,296.7,0.501,39.44877679346692,1.42,711.42,0,False,True
1063,296.8,0.49,78.06246925915326,1.372,672.28,0,False,True
1064,296.8,0.32799999999999996,75.65525235554219,1.664,545.7919999999999,0,False,False
1065,296.8,0.44299999999999995,36.67015032887172,1.409,624.187,0,False,False
1066,296.8,0.252,39.55422074400258,1.718,432.936,0,False,False
1067,296.9,0.40299999999999997,37.456344694592616,1.544,622.232,0,True,False
1068,296.9,0.457,51.737176589968115,1.466,669.962,0,True,False
1069,296.8,0.47700000000000004,60.46444953399631,1.394,664.938,0,True,False
1070,296.9,0.24600000000000002,61.61738639773144,1.84,452.64,0,True,False
1071,296.9,0.37200000000000005,48.383337988472135,1.477,549.444,0,True,False
1072,296.9,0.491,80.5798443280137,1.425,699.675,0,True,False
1073,297.0,0.462,53.41313949359566,1.414,653.268,0,True,False
1074,297.0,0.475,37.27750779826763,1.414,671.65,0,True,False
1075,297.0,0.317,50.01135557706932,1.595,505.615,0,False,True
1076,296.9,0.545,61.555471127207774,1.345,733.025,0,False,False
1077,296.9,0.359,55.4110911294116,1.653,593.427,0,True,False
1078,296.8,0.365,48.69212595496296,1.547,564.655,0,False,False
1079,296.9,0.308,41.56616248821587,1.656,510.048,0,True,False
1080,297.0,0.285,75.95822500481148,1.731,493.335,0,False,True
1081,297.0,0.28,84.80726210620959,1.774,496.72,1,False,True
1082,297.0,0.402,51.477106676194104,1.521,611.442,0,True,False
1083,297.1,0.39799999999999996,54.0810522088302,1.42,565.16,0,False,False
1084,297.0,0.32299999999999995,65.90187623384784,1.683,543.6089999999999,1,False,True
1085,297.0,0.47100000000000003,70.92207373677707,1.498,705.558,0,False,True
1086,297.0,0.564,54.601476740179564,1.385,781.14,0,False,False
1087,297.0,0.49,80.24647584909076,1.455,712.95,1,False,False
1088,296.9,0.358,63.000199461445916,1.549,554.5419999999999,1,True,False
1089,296.9,0.439,57.51950382029655,1.392,611.088,0,False,True
1090,296.9,0.175,67.33363765799525,2.008,351.4,0,True,False
1091,296.9,0.414,82.64019241245866,1.464,606.096,0,False,True
1092,297.0,0.46399999999999997,74.72761472108527,1.447,671.408,0,False,False
1093,296.9,0.32,37.00065652675622,1.685,539.2,0,False,False
1094,296.8,0.392,51.61549553699798,1.443,565.6560000000001,0,False,False
1095,296.9,0.444,58.52723424756114,1.354,601.1759999999999,1,True,False
1096,296.9,0.09300000000000001,50.72587861045526,2.721,253.05300000000003,0,True,False
1097,297.0,0.358,70.00937804152284,1.68,601.4399999999999,0,True,False
1098,296.9,0.483,76.31345749312905,1.397,674.7509999999999,0,True,False
1099,296.9,0.379,71.56725475926358,1.521,576.4590000000001,0,False,True
1100,296.8,0.439,84.46666434141376,1.472,646.208,0,True,False
1101,296.8,0.3,48.627382394651455,1.695,508.5,0,True,False
1102,296.7,0.336,78.74947475122107,1.607,539.952,0,False,True
1103,296.8,0.5479999999999999,73.33113325872431,1.347,738.156,0,False,True
1104,296.7,0.387,53.10893787790731,1.54,595.98,0,False,True
1105,296.6,0.42700000000000005,71.70622718284844,1.389,593.1030000000001,0,False,True
1106,296.6,0.27,40.20379782091235,1.734,468.18,0,True,False
1107,296.7,0.386,74.46667411702762,1.54,594.44,0,True,False
1108,296.7,0.42100000000000004,61.61653012935513,1.515,637.815,0,False,True
1109,296.6,0.45799999999999996,49.614508635462656,1.504,688.832,0,False,False
1110,296.6,0.35100000000000003,67.788865089209,1.557,546.5070000000001,0,True,False
1111,296.5,0.525,67.08099993572046,1.292,678.3,1,False,True
1112,296.5,0.49200000000000005,45.47431113597999,1.432,704.5440000000001,0,True,False
1113,296.5,0.556,36.51987074057631,1.35,750.6,0,True,False
1114,296.6,0.258,56.68112934508369,1.79,461.82,0,False,False
1115,296.4,0.374,63.47559346722106,1.54,575.96,0,False,False
1116,296.4,0.191,78.83026391852992,2.077,396.70700000000005,0,False,False
1117,296.4,0.375,81.41083978237972,1.487,557.625,0,True,False
1118,296.5,0.40700000000000003,61.44026090783832,1.523,619.8610000000001,0,False,True
1119,296.5,0.418,72.69017418842725,1.443,603.174,0,True,False
1120,296.5,0.591,56.96516361639985,1.34,791.94,0,True,False
1121,296.6,0.31,72.30410782864465,1.654,512.74,0,False,True
1122,296.6,0.402,45.240076246958346,1.459,586.518,0,False,True
1123,296.5,0.385,53.55323674017657,1.541,593.285,0,False,True
1124,296.6,0.623,66.71139994068074,1.386,863.4780000000001,0,False,True
1125,296.7,0.69,35.90789828035394,1.258,868.02,0,False,False
1126,296.7,0.514,71.12306551694769,1.375,706.75,0,False,False
1127,296.8,0.308,76.77677506340834,1.706,525.448,0,True,False
1128,296.7,0.324,54.95708305469758,1.672,541.728,0,False,False
1129,296.8,0.252,57.397120858858216,1.843,464.436,0,True,False
1130,296.7,0.29600000000000004,77.56411061082656,1.69,500.24,0,True,False
1131,296.8,0.465,73.78273176630168,1.413,657.045,1,False,False
1132,296.8,0.33399999999999996,49.40747445166875,1.489,497.32599999999996,0,False,False
1133,296.8,0.614,51.19880532807694,1.271,780.3939999999999,0,True,False
1134,296.8,0.479,68.94391161952983,1.418,679.222,0,True,False
1135,296.9,0.507,63.159904622408064,1.426,722.982,0,False,False
1136,296.9,0.392,43.11147855482485,1.535,601.72,0,True,False
1137,296.9,0.381,50.49649546145832,1.557,593.2170000000001,1,False,True
1138,296.9,0.297,79.9991638439327,1.653,490.941,0,False,False
1139,296.9,0.41600000000000004,69.40872183611317,1.435,596.96,0,False,False
1140,297.0,0.33299999999999996,84.29871588427596,1.569,522.477,0,False,False
1141,296.9,0.44799999999999995,73.35062649903847,1.385,620.4799999999999,0,False,True
1142,297.0,0.316,82.09872160717951,1.635,516.66,0,True,False
1143,296.9,0.439,45.80942869352377,1.423,624.697,0,False,False
1144,297.0,0.392,73.57424374084628,1.479,579.768,0,False,False
1145,297.0,0.691,36.01087600738987,1.296,895.536,0,True,False
1146,297.0,0.33299999999999996,68.5380010855767,1.553,517.1489999999999,0,False,True
1147,297.0,0.42200000000000004,58.464113906012074,1.529,645.238,0,False,True
1148,297.1,0.256,52.33800359600343,1.69,432.64,0,False,False
1149,297.1,0.58,78.12021761465445,1.348,781.84,1,False,True
1150,297.2,0.385,77.71338463287654,1.446,556.71,0,False,True
1151,297.1,0.5,36.11508524493218,1.456,728.0,0,False,False
1152,297.0,0.47700000000000004,65.47525612247155,1.35,643.95,1,False,True
1153,297.1,0.38299999999999995,53.39161121604782,1.507,577.181,0,False,False
1154,297.0,0.456,55.78305007502246,1.448,660.288,0,False,False
1155,296.9,0.299,76.60203696093879,1.626,486.1739999999999,0,False,False
1156,297.0,0.273,50.49198857638392,1.846,503.958,0,False,True
1157,297.0,0.40700000000000003,82.15244053188101,1.404,571.428,0,True,False
1158,297.0,0.37200000000000005,43.981691318607034,1.583,588.8760000000001,0,False,True
1159,297.0,0.47700000000000004,68.13612116840889,1.436,684.972,1,False,True
1160,297.0,0.35600000000000004,68.60525335068823,1.609,572.804,0,True,False
1161,297.0,0.23800000000000002,47.60975807139591,1.834,436.492,0,False,True
1162,297.0,0.612,51.237530448360104,1.316,805.3919999999999,0,True,False
1163,296.9,0.5710000000000001,76.73992462899702,1.4,799.4,0,True,False
1164,296.9,0.47100000000000003,73.09026274774763,1.367,643.8570000000001,0,False,False
1165,297.1,0.303,51.454794015737974,1.754,531.462,0,True,False
1166,297.1,0.34600000000000003,61.69782734674669,1.487,514.5020000000001,0,False,True
1167,297.1,0.377,38.08401481265477,1.506,567.7620000000001,0,False,True
1168,297.0,0.525,45.437294119931465,1.362,715.05,0,False,False
1169,297.1,0.368,59.291027943019955,1.584,582.9119999999999,1,True,False
1170,297.0,0.43700000000000006,39.29868676396058,1.355,592.1350000000001,0,True,False
1171,297.1,0.243,77.16661774459688,1.823,442.98900000000003,1,False,False
1172,297.0,0.414,70.9003105053824,1.517,628.038,0,False,True
1173,297.1,0.366,82.18168353242474,1.446,529.236,0,False,False
1174,297.1,0.38799999999999996,69.67334529820135,1.559,604.8919999999999,0,True,False
1175,297.1,0.444,82.02006861310929,1.352,600.288,1,False,False
1176,297.2,0.37799999999999995,62.72562778454825,1.578,596.4839999999999,0,False,False
1177,297.2,0.42,65.01093055309846,1.429,600.18,0,False,True
1178,297.2,0.39399999999999996,83.84855273131305,1.604,631.976,0,True,False
1179,297.3,0.604,67.10645734321301,1.398,844.3919999999999,0,False,True
1180,297.3,0.434,36.53932844303733,1.441,625.394,0,False,False
1181,297.3,0.35600000000000004,71.19013883152616,1.531,545.036,0,False,True
1182,297.2,0.521,80.27343460687078,1.379,718.4590000000001,0,True,False
1183,297.3,0.48100000000000004,74.77901248971634,1.41,678.21,0,False,False
1184,297.3,0.405,64.19166363127113,1.513,612.765,0,False,True
1185,297.3,0.475,68.56517565467581,1.497,711.075,0,True,False
1186,297.3,0.465,84.50958946258359,1.491,693.315,0,False,True
1187,297.3,0.478,39.53310442546692,1.417,677.3259999999999,0,False,False
1188,297.4,0.38,68.36224143166197,1.522,578.36,0,True,False
1189,297.3,0.521,49.169884728529695,1.339,697.6190000000001,0,True,False
1190,297.2,0.275,67.0045198293085,1.794,493.35,1,False,False
1191,297.2,0.42100000000000004,65.38117879419694,1.46,614.66,0,True,False
1192,297.2,0.28,42.6728416054081,1.776,497.28,0,False,False
1193,297.2,0.43700000000000006,45.33733228701196,1.431,625.3470000000001,0,True,False
1194,297.1,0.508,66.08147890216068,1.347,684.276,0,False,False
1195,297.0,0.431,41.41149736518871,1.507,649.517,0,True,False
1196,297.0,0.479,48.25904375651614,1.408,674.432,0,False,True
1197,297.0,0.34700000000000003,76.76227738690012,1.493,518.071,1,False,True
1198,296.9,0.47600000000000003,51.35457530008193,1.441,685.916,0,False,True
1199,296.9,0.365,59.40300781348314,1.557,568.305,0,False,False
1200,296.9,0.204,82.05701675729202,1.979,403.716,0,True,False
1201,296.9,0.5589999999999999,46.35745444184732,1.43,799.37,0,False,True
1202,296.9,0.41,54.481300867900515,1.658,679.78,0,True,False
1203,297.0,0.514,65.32288877717728,1.355,696.47,1,True,False
1204,297.0,0.47600000000000003,72.76694647519861,1.41,671.16,0,True,False
1205,296.9,0.345,80.08266933563526,1.521,524.745,0,False,False
1206,296.8,0.545,80.77364937867576,1.371,747.195,0,False,True
1207,296.9,0.535,73.83200371863114,1.318,705.13,0,False,False
1208,297.0,0.349,46.41654182966552,1.573,548.977,0,False,False
1209,297.0,0.441,36.24046650212829,1.489,656.6490000000001,0,True,False
1210,297.0,0.133,54.18869651778119,2.54,337.82,0,False,True
1211,297.0,0.39,42.077442549391165,1.537,599.43,0,False,False
1212,296.9,0.469,70.5193823719149,1.416,664.1039999999999,0,False,False
1213,296.9,0.565,68.05652934128584,1.359,767.835,0,True,False
1214,296.8,0.389,37.19858208107274,1.551,603.3389999999999,0,False,True
1215,296.8,0.33,76.82968895654756,1.694,559.02,0,False,False
1216,296.8,0.284,47.437163314559115,1.709,485.356,0,True,False
1217,296.9,0.41,56.611353774552114,1.514,620.74,0,True,False
1218,297.0,0.435,68.39668677278712,1.455,632.925,1,False,False
1219,297.0,0.307,56.47093934261267,1.702,522.514,1,False,False
1220,296.9,0.418,57.06439013999717,1.357,567.226,1,True,False
1221,297.0,0.294,38.28139976678702,1.577,463.638,0,False,True
1222,297.0,0.46399999999999997,55.07217746300019,1.399,649.136,0,True,False
1223,297.0,0.59,73.24239466099917,1.399,825.41,1,False,False
1224,297.0,0.48100000000000004,80.7588168593299,1.492,717.6519999999999,0,False,True
1225,297.1,0.257,55.67485685316859,1.763,453.091,0,False,False
1226,297.1,0.415,56.17929134395394,1.492,619.18,1,False,False
1227,297.1,0.425,70.1313553161826,1.488,632.4,0,True,False
1228,297.1,0.42100000000000004,82.13860005526382,1.422,598.662,0,True,False
1229,297.1,0.382,48.35304701196801,1.583,604.706,0,False,True
1230,297.1,0.535,57.00721032689684,1.304,697.64,0,False,False
1231,297.1,0.235,74.79866217761506,1.88,441.8,0,False,True
1232,297.2,0.40700000000000003,65.48467846870193,1.604,652.828,0,True,False
1233,297.2,0.371,40.52931719819774,1.5,556.5,0,True,False
1234,297.2,0.556,66.38663677811329,1.364,758.3840000000001,0,True,False
1235,297.2,0.14,44.337314229866344,2.44,341.6,0,False,False
1236,297.1,0.314,60.51079670392021,1.654,519.356,0,True,False
1237,297.1,0.466,61.455163383021926,1.359,633.294,0,False,True
1238,297.1,0.373,78.81016811124924,1.502,560.246,0,False,False
1239,297.1,0.326,58.12471370062191,1.615,526.49,0,False,True
1240,297.2,0.39299999999999996,48.972121111794706,1.482,582.4259999999999,0,True,False
1241,297.2,0.313,46.54831741080158,1.636,512.068,0,False,True
1242,297.1,0.324,78.7125938342168,1.621,525.204,0,False,True
1243,297.1,0.444,43.55054272091142,1.468,651.7919999999999,0,False,True
1244,297.1,0.534,56.29342804415718,1.432,764.688,0,False,True
1245,297.1,0.284,44.35865574634735,1.726,490.18399999999997,0,False,True
1246,297.1,0.33399999999999996,73.66520200571877,1.588,530.3919999999999,1,False,False
1247,297.2,0.33299999999999996,58.71863199873095,1.653,550.449,1,True,False
1248,297.2,0.429,52.557184527840604,1.513,649.077,0,True,False
1249,297.2,0.402,53.05498203132334,1.489,598.578,0,False,True
1250,297.3,0.368,77.61071033614897,1.467,539.856,0,False,False
1251,297.3,0.361,62.688697714721904,1.549,559.189,0,False,True
1252,297.4,0.48700000000000004,70.89339255656319,1.359,661.8330000000001,0,False,False
1253,297.5,0.415,79.85192581253423,1.533,636.195,0,True,False
1254,297.5,0.573,80.08708380203211,1.309,750.057,0,True,False
1255,297.5,0.494,51.42545271689316,1.43,706.42,0,False,False
1256,297.5,0.507,82.62256315731926,1.419,719.433,0,False,False
1257,297.5,0.377,36.24379410073027,1.535,578.695,0,True,False
1258,297.5,0.43,53.84177805080829,1.466,630.38,0,False,False
1259,297.5,0.504,79.78994287544208,1.427,719.2080000000001,0,True,False
1260,297.5,0.485,48.73184399084914,1.28,620.8,1,False,False
1261,297.6,0.33799999999999997,48.654072516065916,1.528,516.4639999999999,0,True,False
1262,297.6,0.252,50.131114254094435,1.885,475.02,0,False,True
1263,297.8,0.33,65.61566924234612,1.648,543.84,1,True,False
1264,297.8,0.569,56.91663878071769,1.4,796.6,1,False,False
1265,297.8,0.157,71.33674181766713,2.243,352.151,0,True,False
1266,297.9,0.35700000000000004,79.7455321282333,1.558,556.206,0,True,False
1267,298.0,0.348,68.70996874714302,1.633,568.284,0,True,False
1268,298.1,0.387,45.22333600987878,1.549,599.4630000000001,0,False,False
1269,298.0,0.45799999999999996,81.6340951180251,1.496,685.168,1,False,False
1270,298.1,0.418,48.224643667373925,1.467,613.206,0,True,False
1271,298.0,0.659,42.49471476640791,1.276,840.8840000000001,0,False,False
1272,298.0,0.405,39.49836394304805,1.49,603.45,0,False,True
1273,298.0,0.381,63.169187033308276,1.562,595.1220000000001,0,False,True
1274,298.1,0.48200000000000004,40.68812312403259,1.397,673.354,0,True,False
1275,298.1,0.402,41.93879420563154,1.53,615.0600000000001,0,False,False
1276,298.1,0.47600000000000003,50.00152402977483,1.362,648.312,0,True,False
1277,298.2,0.344,49.082650484223194,1.693,582.3919999999999,0,True,False
1278,298.2,0.465,65.21197551660711,1.408,654.72,0,False,True
1279,298.2,0.529,75.83726397363407,1.398,739.5419999999999,0,True,False
1280,298.3,0.401,73.06748281014461,1.531,613.931,0,False,False
1281,298.3,0.371,48.124222735823835,1.521,564.2909999999999,0,False,False
1282,298.3,0.5429999999999999,47.265524899298995,1.427,774.8609999999999,0,False,False
1283,298.3,0.361,83.28957650534838,1.546,558.1060000000001,0,False,False
1284,298.3,0.45399999999999996,35.41181207959801,1.356,615.624,0,True,False
1285,298.4,0.153,78.98602665301078,2.153,329.409,0,True,False
1286,298.5,0.41700000000000004,44.98642595612025,1.492,622.164,1,False,False
1287,298.5,0.40299999999999997,82.36421615448839,1.582,637.5459999999999,0,True,False
1288,298.5,0.415,52.115364241375985,1.419,588.885,0,True,False
1289,298.5,0.48200000000000004,57.017588694662614,1.441,694.562,0,True,False
1290,298.6,0.322,70.35603069721904,1.635,526.47,0,True,False
1291,298.6,0.45799999999999996,64.38345257366302,1.429,654.482,1,True,False
1292,298.6,0.284,50.89696648534114,1.675,475.7,0,True,False
1293,298.7,0.23800000000000002,62.69154579339117,1.868,444.584,0,False,False
1294,298.7,0.33399999999999996,71.5353442181443,1.582,528.3879999999999,0,False,False
1295,298.8,0.40299999999999997,37.116747295124604,1.486,598.858,0,False,True
1296,298.7,0.5429999999999999,35.559965262785205,1.402,761.286,0,True,False
1297,298.7,0.341,57.903346953644565,1.621,552.7610000000001,0,True,False
1298,298.8,0.424,41.59183089017571,1.428,605.472,0,True,False
1299,298.7,0.536,68.21721457323572,1.343,719.8480000000001,0,False,False
1300,298.7,0.402,45.70262281137171,1.458,586.1160000000001,0,False,False
1301,298.7,0.57,56.64255533978355,1.322,753.54,0,True,False
1302,298.7,0.32799999999999996,44.88354684371345,1.483,486.4239999999999,0,False,True
1303,298.6,0.457,62.42417928745623,1.505,687.785,0,True,False
1304,298.7,0.425,40.802672969228446,1.593,677.025,0,False,False
1305,298.8,0.196,36.15534263937401,2.098,411.208,0,False,False
1306,298.8,0.304,37.55658190533486,1.672,508.28799999999995,0,False,True
1307,298.8,0.414,82.7129220757655,1.487,615.6179999999999,0,False,False
1308,298.8,0.42100000000000004,42.11431093054679,1.423,599.0830000000001,0,False,True
1309,298.9,0.25,70.42391265684176,1.75,437.5,1,True,False
1310,298.9,0.311,38.39631021114131,1.654,514.394,0,False,True
1311,298.9,0.502,40.40801761175911,1.498,751.9960000000001,0,True,False
1312,298.9,0.302,60.44381257046673,1.587,479.274,1,False,True
1313,298.9,0.426,58.243546507717184,1.473,627.498,1,False,False
1314,298.9,0.569,82.57901547199347,1.359,773.271,0,False,True
1315,299.0,0.345,82.24177265103687,1.635,564.075,0,False,False
1316,299.0,0.45,73.98043212712325,1.52,684.0,0,False,False
1317,299.0,0.36700000000000005,65.10509150636749,1.507,553.069,0,False,False
1318,299.0,0.46299999999999997,57.74801586965055,1.428,661.164,0,False,False
1319,299.0,0.33299999999999996,52.808926716421055,1.582,526.806,0,True,False
1320,299.0,0.244,82.35437734877777,1.929,470.676,0,True,False
1321,299.0,0.381,65.14544057123427,1.54,586.74,0,True,False
1322,298.9,0.53,63.953626384299724,1.362,721.86,0,True,False
1323,298.9,0.499,46.595056088445745,1.452,724.548,0,False,True
1324,298.9,0.517,37.33489089425565,1.361,703.637,1,True,False
1325,298.8,0.745,82.25942898797723,1.243,926.035,0,False,True
1326,298.8,0.368,50.6867629422327,1.567,576.656,0,True,False
1327,298.9,0.465,57.129451166222935,1.411,656.115,1,True,False
1328,298.8,0.268,40.731997179285344,1.814,486.15200000000004,1,False,True
1329,298.8,0.28800000000000003,76.8462164954646,1.719,495.07200000000006,0,False,False
1330,298.8,0.304,36.38159164279653,1.663,505.55199999999996,1,False,False
1331,298.9,0.302,76.69953810495483,1.696,512.192,0,False,False
1332,298.9,0.268,42.01425063939834,1.771,474.62800000000004,0,False,False
1333,299.0,0.24,79.32820563155761,1.868,448.32,0,True,False
1334,299.0,0.354,71.48863186680788,1.558,551.5319999999999,0,False,True
1335,299.0,0.491,43.233513125365256,1.365,670.215,0,False,True
1336,299.0,0.5379999999999999,63.2908996429734,1.371,737.5980000000001,0,False,False
1337,298.9,0.326,50.63281571776098,1.583,516.058,0,True,False
1338,298.7,0.36,43.91165494557917,1.613,580.68,0,False,False
1339,298.6,0.272,77.95910997055542,1.721,468.11199999999997,0,True,False
1340,298.6,0.315,55.17613832536147,1.668,525.42,0,True,False
1341,298.6,0.363,54.92718571826913,1.569,569.547,0,True,False
1342,298.6,0.505,43.494333740331,1.328,670.64,0,False,False
1343,298.6,0.33,54.15328380428893,1.596,526.68,0,False,True
1344,298.5,0.327,78.5808423164425,1.676,548.052,0,False,False
1345,298.5,0.289,53.15643552448179,1.809,522.8009999999999,0,False,False
1346,298.5,0.261,82.5801781249894,1.804,470.844,0,False,False
1347,298.6,0.33899999999999997,82.31544496041937,1.533,519.687,0,True,False
1348,298.7,0.273,42.2449329653673,1.717,468.741,1,True,False
1349,298.7,0.455,43.86556267613224,1.363,620.165,0,False,True
1350,298.7,0.45899999999999996,78.13370351659447,1.402,643.5179999999999,0,True,False
1351,298.7,0.475,54.63804594623596,1.436,682.1,0,False,True
1352,298.7,0.43700000000000006,35.21869911415047,1.525,666.425,0,False,False
1353,298.7,0.33299999999999996,48.69359098526855,1.598,532.1339999999999,1,False,False
1354,298.6,0.48100000000000004,64.881449659778,1.444,694.5640000000001,0,False,False
1355,298.6,0.48,74.96329829799839,1.334,640.32,0,False,False
1356,298.6,0.355,41.66943085466298,1.681,596.755,0,False,True
1357,298.6,0.374,40.52706822083677,1.593,595.7819999999999,0,False,True
1358,298.6,0.457,81.10463267861658,1.461,667.677,0,False,False
1359,298.7,0.319,72.55741839112913,1.693,540.067,0,True,False
1360,298.7,0.503,64.48898003890392,1.404,706.212,1,False,False
1361,298.8,0.276,73.4593394997964,1.707,471.13200000000006,0,False,True
1362,298.6,0.419,56.442718065331924,1.458,610.9019999999999,0,True,False
1363,298.6,0.41200000000000003,72.92278736545633,1.517,625.004,0,False,False
1364,298.7,0.546,53.59014956372678,1.433,782.418,0,False,False
1365,298.7,0.331,47.20472862463012,1.566,518.346,0,False,False
1366,298.7,0.335,71.45067106464843,1.676,561.46,0,True,False
1367,298.7,0.568,55.983614607863416,1.368,777.0239999999999,0,False,False
1368,298.8,0.375,84.06885521630974,1.581,592.875,0,False,True
1369,298.8,0.271,52.47425911540505,1.708,462.86800000000005,0,True,False
1370,298.7,0.415,81.0863710265533,1.481,614.615,0,True,False
1371,298.7,0.4,81.64812742835397,1.451,580.4,0,False,True
1372,298.7,0.387,47.09264735323731,1.495,578.565,0,True,False
1373,298.8,0.418,74.91105907940067,1.573,657.5139999999999,0,False,True
1374,298.8,0.59,56.65372525722826,1.366,805.94,0,False,False
1375,298.8,0.368,80.8762363615174,1.553,571.5039999999999,0,True,False
1376,298.8,0.371,57.50621363176194,1.528,566.888,0,False,True
1377,298.8,0.312,72.2151858668683,1.527,476.42400000000004,0,False,False
1378,298.8,0.467,58.34837045818989,1.461,682.2869999999999,0,False,False
1379,298.8,0.449,46.39003778564281,1.455,653.295,0,True,False
1380,298.7,0.348,44.967506447234314,1.62,563.7599999999999,1,False,False
1381,298.7,0.27699999999999997,56.27155971281728,1.786,494.722,0,True,False
1382,298.8,0.35700000000000004,72.77473285071075,1.583,565.1310000000001,0,True,False
1383,298.8,0.303,65.25357425903834,1.653,500.85900000000004,0,False,True
1384,298.9,0.49,69.43146449502717,1.331,652.19,0,True,False
1385,298.9,0.43799999999999994,49.11631753659712,1.484,649.992,0,False,False
1386,298.9,0.361,59.07176729788027,1.603,578.683,0,True,False
1387,298.9,0.4,37.21976324846635,1.445,578.0,0,False,True
1388,298.9,0.261,75.87662079790604,1.823,475.80300000000005,0,True,False
1389,298.9,0.45299999999999996,84.49460811199373,1.491,675.423,0,False,True
1390,298.9,0.428,55.34395313123355,1.533,656.1239999999999,0,False,False
1391,298.9,0.5479999999999999,35.54818265657717,1.409,772.132,0,True,False
1392,298.9,0.08800000000000001,43.48963197754737,2.737,240.85600000000002,0,True,False
1393,299.0,0.466,67.62634388752093,1.494,696.2040000000001,0,True,False
1394,299.1,0.33299999999999996,65.60396591019295,1.594,530.802,0,False,False
1395,299.1,0.44,74.3932359792772,1.527,671.88,0,True,False
1396,299.1,0.397,47.69420054805341,1.452,576.444,0,False,True
1397,299.0,0.392,73.1815957773567,1.483,581.336,0,False,False
1398,299.1,0.382,69.39920107618349,1.569,599.3580000000001,0,True,False
1399,299.1,0.466,51.140724885692165,1.472,685.952,0,False,False
1400,299.0,0.435,62.2744074028481,1.533,666.855,0,False,False
1401,298.9,0.627,42.363690424916335,1.366,856.482,0,True,False
1402,298.9,0.377,57.628225171779135,1.532,577.564,0,True,False
1403,298.9,0.568,79.05986697778205,1.313,745.784,0,True,False
1404,299.0,0.48,56.05956899126954,1.372,658.56,0,False,False
1405,298.9,0.406,76.97833532377109,1.555,631.33,0,False,False
1406,298.9,0.42700000000000005,64.51266826298472,1.394,595.238,1,False,False
1407,298.9,0.48,44.593835655117836,1.442,692.16,1,False,True
1408,298.9,0.33799999999999997,64.05531223489481,1.564,528.632,0,False,True
1409,298.9,0.489,60.299166457853175,1.452,710.028,1,False,False
1410,298.9,0.425,54.9320667598192,1.466,623.05,0,False,True
1411,298.9,0.532,40.98152197580352,1.469,781.508,1,True,False
1412,298.9,0.23399999999999999,55.83543319236149,1.944,454.89599999999996,0,True,False
1413,298.8,0.532,38.63811881198136,1.415,752.78,0,True,False
1414,298.7,0.36700000000000005,39.93845256993756,1.528,560.7760000000001,0,True,False
1415,298.7,0.42100000000000004,55.7958266466358,1.57,660.97,0,False,False
1416,298.7,0.33,50.26907409842319,1.617,533.61,0,False,True
1417,298.7,0.182,81.27721629311117,2.083,379.106,0,True,False
1418,298.7,0.385,53.78529026901353,1.541,593.285,1,True,False
1419,298.8,0.474,72.89290610360501,1.32,625.68,0,False,False
1420,298.7,0.5329999999999999,61.512376318312135,1.354,721.682,0,False,True
1421,298.8,0.35200000000000004,70.20428343211677,1.495,526.2400000000001,0,True,False
1422,298.7,0.318,48.00579915076996,1.589,505.302,0,False,False
1423,298.7,0.355,82.09524864191646,1.53,543.15,0,True,False
1424,298.7,0.33399999999999996,61.504424845721196,1.539,514.026,0,True,False
1425,298.7,0.46799999999999997,76.56620356426248,1.462,684.2159999999999,0,False,True
1426,298.6,0.54,53.252284673805676,1.356,732.24,0,False,True
1427,298.7,0.34600000000000003,40.010567452526224,1.622,561.212,0,True,False
1428,298.7,0.40299999999999997,68.68558238604244,1.394,561.7819999999999,0,False,True
1429,298.8,0.337,35.387982416871225,1.568,528.416,0,False,False
1430,298.9,0.43799999999999994,58.76464882827541,1.456,637.728,0,False,True
1431,298.9,0.493,44.64009513332296,1.378,679.3539999999999,1,False,False
1432,298.9,0.414,66.3687752217681,1.404,581.256,1,False,False
1433,298.8,0.428,83.9709936568926,1.437,615.036,0,False,False
1434,298.8,0.44,58.2201453160323,1.363,599.72,0,False,False
1435,298.8,0.496,75.87491282628334,1.377,682.992,0,True,False
1436,298.8,0.42100000000000004,60.38920934755605,1.526,642.446,0,True,False
1437,298.8,0.442,59.7920015552012,1.51,667.42,0,True,False
1438,298.8,0.452,81.52117465893889,1.439,650.428,0,False,False
1439,298.8,0.391,79.49829343733407,1.482,579.462,0,True,False
1440,298.8,0.37,74.29002325939872,1.534,567.58,0,False,False
1441,298.8,0.27699999999999997,49.81278766583921,1.741,482.25699999999995,0,False,True
1442,298.8,0.38799999999999996,62.250420786197026,1.55,601.4,0,True,False
1443,298.8,0.385,46.19486166528425,1.486,572.11,0,False,False
1444,298.9,0.382,57.19583490232699,1.602,611.964,0,False,False
1445,299.0,0.379,59.21065328798953,1.477,559.7829999999999,0,False,True
1446,299.0,0.292,76.58200200846655,1.618,472.45599999999996,0,True,False
1447,299.0,0.358,79.80141826624966,1.628,582.824,1,False,False
1448,299.0,0.336,55.731003119823896,1.662,558.432,0,False,True
1449,299.0,0.31,35.88522225366186,1.657,513.67,1,False,True
1450,299.0,0.308,78.08869198946773,1.677,516.516,0,False,False
1451,299.0,0.39899999999999997,43.713933925068034,1.447,577.353,1,False,False
1452,298.9,0.254,66.09409819451967,1.831,465.07399999999996,0,False,False
1453,299.0,0.344,36.24854502170656,1.584,544.896,0,False,True
1454,299.1,0.409,54.975323763028214,1.45,593.05,0,False,False
1455,299.1,0.469,84.29801510576749,1.428,669.732,0,True,False
1456,299.0,0.53,40.03468005519015,1.382,732.46,0,False,True
1457,299.0,0.43,56.18465759998212,1.501,645.43,0,False,False
1458,299.0,0.424,50.357497509497605,1.475,625.4,0,False,False
1459,298.9,0.54,80.25440616941322,1.364,736.56,0,True,False
1460,299.0,0.361,78.46700539536775,1.472,531.392,0,False,False
1461,299.0,0.478,46.88493801531144,1.437,686.886,0,True,False
1462,298.9,0.451,39.059389352521556,1.491,672.441,0,False,False
1463,298.9,0.276,66.35691970305587,1.706,470.85600000000005,0,True,False
1464,298.8,0.395,51.81843559418549,1.607,634.765,0,False,False
1465,298.8,0.46299999999999997,68.60421953030315,1.412,653.756,0,False,True
1466,298.7,0.409,36.605987803390725,1.546,632.314,1,True,False
1467,298.7,0.505,41.66996175887447,1.365,689.325,0,False,True
1468,298.6,0.302,69.31861163863218,1.544,466.28799999999995,0,False,False
1469,298.6,0.449,45.61853276512489,1.419,637.131,0,False,True
1470,298.6,0.41600000000000004,77.87938378812008,1.497,622.7520000000001,0,False,True
1471,298.5,0.426,37.92954438550677,1.437,612.162,0,False,False
1472,298.5,0.536,45.77409913927873,1.421,761.6560000000001,0,False,False
1473,298.5,0.445,84.92801242425344,1.438,639.91,0,False,True
1474,298.5,0.489,56.65380512933963,1.315,643.035,1,False,False
1475,298.5,0.619,70.14828317723217,1.366,845.554,0,True,False
1476,298.4,0.354,44.13315244285069,1.519,537.726,0,False,False
1477,298.4,0.28300000000000003,65.49343674927688,1.692,478.836,0,False,True
1478,298.3,0.35600000000000004,71.30530341847093,1.57,558.92,0,False,True
1479,298.3,0.358,50.72383179332553,1.568,561.3439999999999,0,False,True
1480,298.2,0.43799999999999994,76.44485559879388,1.355,593.4899999999999,0,False,False
1481,298.2,0.187,65.17087892361417,2.056,384.472,0,False,True
1482,298.2,0.602,54.45615048075151,1.332,801.864,0,True,False
1483,298.1,0.525,62.88211966715793,1.448,760.2,0,False,False
1484,298.0,0.35600000000000004,63.83804237179621,1.578,561.768,0,True,False
1485,298.0,0.392,43.2767646346933,1.562,612.304,1,True,False
1486,298.1,0.193,55.13661849334831,1.976,381.36800000000005,1,True,False
1487,298.2,0.34600000000000003,52.171529400974656,1.524,527.304,0,True,False
1488,298.2,0.485,55.0451361289563,1.429,693.065,0,False,False
1489,298.2,0.363,73.05552942426289,1.568,569.184,0,True,False
1490,298.2,0.266,59.12692037333363,1.723,458.31800000000004,0,False,False
1491,298.2,0.43799999999999994,82.01580766196321,1.341,587.358,0,True,False
1492,298.1,0.462,49.68382066792181,1.353,625.086,0,True,False
1493,298.0,0.585,55.78517891424645,1.479,865.215,0,True,False
1494,298.0,0.449,74.34784052395207,1.496,671.704,1,True,False
1495,298.0,0.485,62.301229666037514,1.377,667.845,0,False,False
1496,297.9,0.446,62.35140732122239,1.383,616.818,0,False,False
1497,298.0,0.6940000000000001,37.66700815025918,1.268,879.9920000000001,0,False,False
1498,298.0,0.34299999999999997,54.92998313592279,1.629,558.747,1,False,False
1499,298.0,0.272,48.53668662108662,1.79,486.88,0,True,False
1500,298.1,0.163,84.96675614155578,2.206,359.57800000000003,1,False,True
1501,298.0,0.174,50.41775353161552,2.101,365.57399999999996,0,False,False
1502,298.0,0.48200000000000004,79.22482673969317,1.436,692.1519999999999,0,False,False
1503,298.0,0.48200000000000004,68.81168675202387,1.462,704.6840000000001,0,True,False
1504,298.0,0.262,52.04582045960452,1.771,464.00199999999995,0,True,False
1505,298.0,0.47,62.176718918706186,1.506,707.82,0,True,False
1506,298.0,0.36700000000000005,77.02679399745969,1.626,596.7420000000001,0,True,False
1507,298.0,0.337,79.16841490154559,1.61,542.57,1,False,False
1508,298.0,0.557,43.01969375030726,1.376,766.432,0,False,False
1509,298.0,0.373,51.97865706040848,1.507,562.111,0,False,False
1510,298.0,0.377,51.76115901067858,1.429,538.7330000000001,0,False,True
1511,298.1,0.389,37.10223980379723,1.547,601.7829999999999,0,False,True
1512,298.1,0.303,64.91188799259483,1.642,497.526,0,False,False
1513,298.0,0.363,77.7410026496094,1.503,545.5889999999999,0,False,True
1514,298.1,0.32899999999999996,54.07871939127589,1.568,515.872,0,True,False
1515,298.1,0.376,72.00179724920885,1.628,612.128,0,True,False
1516,298.2,0.355,66.385020680037,1.614,572.97,0,True,False
1517,298.2,0.54,53.78243677465004,1.278,690.12,0,False,False
1518,298.2,0.38799999999999996,42.05298997461485,1.408,546.304,0,False,True
1519,298.2,0.557,70.46619263879836,1.371,763.6469999999999,0,True,False
1520,298.2,0.385,77.72825844706202,1.512,582.12,1,False,True
1521,298.3,0.401,69.2927246200746,1.472,590.272,0,True,False
1522,298.2,0.34299999999999997,35.8939242017409,1.585,543.655,1,False,True
1523,298.2,0.377,45.81164471954956,1.562,588.874,0,True,False
1524,298.3,0.369,38.473999244176596,1.519,560.511,0,True,False
1525,298.2,0.358,63.519304978811334,1.601,573.1579999999999,0,False,False
1526,298.2,0.138,72.82388394202061,2.449,337.96200000000005,0,True,False
1527,298.1,0.276,40.528959353432974,1.787,493.21200000000005,0,True,False
1528,298.1,0.445,76.91689102966926,1.425,634.125,1,True,False
1529,298.1,0.34,62.77544891977416,1.559,530.06,0,False,True
1530,298.1,0.36,69.49845060708626,1.557,560.52,0,False,False
1531,298.1,0.405,83.57009243043231,1.497,606.285,0,True,False
1532,298.1,0.414,39.184049412384866,1.438,595.332,0,False,False
1533,298.1,0.392,80.06120114888947,1.417,555.464,0,False,False
1534,298.0,0.514,41.305134799370464,1.339,688.2459999999999,1,True,False
1535,298.0,0.29100000000000004,54.647940331834114,1.757,511.28700000000003,0,False,False
1536,298.0,0.361,77.57193481655571,1.581,570.7410000000001,1,True,False
1537,298.2,0.544,80.31271183689341,1.326,721.3439999999999,0,True,False
1538,298.4,0.396,60.318583677257266,1.467,580.932,0,False,False
1539,298.4,0.29600000000000004,64.70523191377126,1.798,532.2080000000001,0,True,False
1540,298.5,0.46399999999999997,70.40736672992786,1.449,672.3359999999999,0,False,False
1541,298.4,0.39299999999999996,76.63793342263571,1.525,599.3249999999999,0,False,False
1542,298.4,0.151,41.07555847688331,2.304,347.904,0,True,False
1543,298.3,0.547,75.50346541146138,1.379,754.313,1,False,False
1544,298.4,0.349,59.06380752558084,1.628,568.172,0,True,False
1545,298.4,0.527,57.53117125540845,1.474,776.798,1,False,True
1546,298.4,0.38799999999999996,56.19498759984991,1.544,599.072,0,False,False
1547,298.4,0.484,60.46057926230213,1.391,673.2439999999999,0,False,True
1548,298.3,0.555,82.25252766973017,1.348,748.14,0,False,False
1549,298.3,0.521,62.41018863960758,1.349,702.8290000000001,0,True,False
1550,298.4,0.295,82.65887691315696,1.706,503.27,0,False,False
1551,298.4,0.324,44.01450653078203,1.638,530.712,0,False,True
1552,298.4,0.401,71.20679894163166,1.458,584.658,0,False,False
1553,298.5,0.278,75.61197693043735,1.781,495.11800000000005,0,False,True
1554,298.5,0.591,68.9564415667431,1.332,787.212,0,False,True
1555,298.4,0.317,65.34611401132702,1.584,502.12799999999993,0,True,False
1556,298.4,0.42,63.24063905430911,1.491,626.22,0,True,False
1557,298.4,0.47100000000000003,78.0465241289348,1.398,658.4580000000001,0,False,False
1558,298.3,0.306,76.082329858225,1.585,485.01,0,False,False
1559,298.2,0.435,41.11443605902998,1.476,642.06,1,False,True
1560,298.2,0.418,77.4293828515439,1.458,609.444,0,False,True
1561,298.2,0.39899999999999997,55.703430972022126,1.51,602.49,0,True,False
1562,298.2,0.5379999999999999,47.68484149979054,1.388,746.7439999999999,0,True,False
1563,298.2,0.168,78.4884284006963,2.216,372.288,0,False,True
1564,298.2,0.51,56.60123998168708,1.402,715.02,0,True,False
1565,298.0,0.19,75.41823450884084,2.09,397.1,0,False,True
1566,298.0,0.42100000000000004,48.170180597792225,1.459,614.239,0,False,False
1567,298.0,0.44799999999999995,35.19646607111089,1.403,628.544,0,False,False
1568,298.1,0.39299999999999996,59.77295964514722,1.521,597.7529999999999,0,True,False
1569,298.2,0.47100000000000003,40.01141283214422,1.407,662.697,0,False,False
1570,298.1,0.353,72.71879777624548,1.654,583.862,1,False,False
1571,298.2,0.435,48.80375680347052,1.452,631.62,0,False,False
1572,298.3,0.373,57.18228233017393,1.528,569.944,0,True,False
1573,298.2,0.596,39.35167825457771,1.23,733.08,0,False,False
1574,298.2,0.424,49.332962422362634,1.466,621.5840000000001,0,False,True
1575,298.2,0.501,74.0745121629286,1.478,740.4780000000001,1,True,False
1576,298.2,0.18,42.579395595115976,2.057,370.26,0,True,False
1577,298.3,0.41700000000000004,67.35797805634786,1.49,621.33,0,True,False
1578,298.3,0.434,80.87129264022505,1.484,644.056,0,False,False
1579,298.3,0.37,68.99183798788602,1.593,589.41,0,False,False
1580,298.3,0.43799999999999994,75.55108446461134,1.444,632.472,0,False,False
1581,298.3,0.475,40.44858146519579,1.444,685.9,1,True,False
1582,298.2,0.33,47.53659130010272,1.56,514.8,0,True,False
1583,298.1,0.42,79.72694261202955,1.53,642.6,0,False,False
1584,298.2,0.61,70.75528068090446,1.31,799.1,0,False,False
1585,298.2,0.33299999999999996,66.97769131886557,1.639,545.7869999999999,0,False,True
1586,298.2,0.48700000000000004,68.188336806085,1.4,681.8,0,True,False
1587,298.3,0.442,55.71002771523217,1.486,656.812,0,False,False
1588,298.2,0.433,37.227831580882665,1.448,626.9839999999999,0,False,False
1589,298.2,0.32,74.22207710353645,1.688,540.16,0,False,False
1590,298.1,0.415,68.9356618107677,1.453,602.995,0,False,False
1591,298.2,0.377,58.64022320563623,1.497,564.369,0,False,False
1592,298.2,0.494,79.98798076841288,1.355,669.37,0,False,True
1593,298.1,0.382,51.807983249254946,1.592,608.144,0,True,False
1594,298.0,0.34700000000000003,49.7160872115618,1.544,535.768,0,True,False
1595,298.0,0.512,78.63981625397214,1.373,702.9760000000001,0,False,False
1596,298.0,0.529,74.84938273794927,1.365,722.085,1,False,False
1597,298.0,0.243,60.74899053241724,1.877,456.111,1,True,False
1598,297.9,0.408,41.5367369728925,1.531,624.6479999999999,1,True,False
1599,297.9,0.36700000000000005,45.75357357325262,1.501,550.8670000000001,1,True,False
1600,297.9,0.462,67.81139952044033,1.49,688.38,0,False,True
1601,297.8,0.43700000000000006,54.252061892020585,1.543,674.291,1,True,False
1602,297.8,0.382,76.82365958329856,1.597,610.054,1,True,False
1603,297.8,0.335,82.4977504666102,1.6,536.0,0,True,False
1604,297.8,0.321,75.2818462637459,1.622,520.662,0,True,False
1605,297.8,0.39799999999999996,53.877271149777854,1.452,577.896,0,True,False
1606,297.8,0.425,74.4343214615712,1.396,593.3,0,False,False
1607,297.8,0.397,52.57208367353417,1.505,597.4850000000001,0,True,False
1608,297.8,0.483,43.3550043882817,1.412,681.9959999999999,0,False,True
1609,297.8,0.38,36.66966024329287,1.393,529.34,0,True,False
1610,297.7,0.349,54.285835638051,1.581,551.7689999999999,0,False,False
1611,297.8,0.379,80.17796518486409,1.573,596.1669999999999,0,False,True
1612,297.8,0.273,46.94932938778383,1.726,471.19800000000004,1,False,False
1613,297.9,0.39799999999999996,45.3256582464892,1.54,612.92,0,False,False
1614,297.9,0.629,83.49103926205201,1.296,815.184,1,True,False
1615,297.8,0.258,36.25020564252961,1.802,464.916,0,True,False
1616,297.8,0.486,74.28910751968772,1.447,703.242,0,False,False
1617,297.8,0.307,51.06849778704352,1.662,510.23400000000004,0,False,True
1618,297.8,0.34299999999999997,36.87439784348297,1.563,536.1089999999999,0,False,False
1619,297.9,0.595,80.89012701047918,1.286,765.17,0,False,False
1620,297.9,0.34600000000000003,41.98211651047918,1.59,550.14,0,False,False
1621,297.9,0.43700000000000006,62.58896418628477,1.492,652.004,0,False,False
1622,297.7,0.21899999999999997,48.70271037147739,1.844,403.836,0,True,False
1623,297.7,0.38299999999999995,38.25964010923455,1.538,589.054,0,False,False
1624,297.7,0.22899999999999998,37.49612428316895,1.921,439.90899999999993,0,False,True
1625,297.8,0.579,40.77783494181694,1.31,758.49,0,True,False
1626,297.9,0.469,38.568350694469004,1.365,640.185,0,False,False
1627,297.9,0.593,73.02790577599615,1.303,772.679,0,True,False
1628,297.9,0.375,59.27831011417146,1.499,562.125,1,False,False
1629,297.9,0.382,52.14460456744898,1.451,554.282,0,True,False
1630,297.9,0.544,55.91844550660036,1.336,726.784,1,False,False
1631,297.9,0.445,81.44733677863117,1.412,628.34,0,False,True
1632,298.0,0.392,80.53759063690737,1.433,561.7360000000001,0,True,False
1633,297.9,0.436,70.78382400612884,1.426,621.736,0,False,False
1634,297.9,0.452,79.23411887108439,1.476,667.1519999999999,0,False,True
1635,297.9,0.585,50.98240137938124,1.406,822.51,0,False,True
1636,297.8,0.565,54.05546630041414,1.383,781.395,0,True,False
1637,297.9,0.373,65.6856090927114,1.505,561.3649999999999,0,True,False
1638,297.9,0.33899999999999997,66.18129736486321,1.665,564.435,0,True,False
1639,297.9,0.45,59.08499190061705,1.397,628.65,1,False,True
1640,297.9,0.435,55.032892421897664,1.45,630.75,0,False,True
1641,298.0,0.364,84.30901558043476,1.567,570.3879999999999,1,False,False
1642,298.0,0.37,76.05618130588621,1.555,575.35,0,False,True
1643,298.0,0.354,56.74900989440226,1.588,562.1519999999999,0,False,False
1644,298.0,0.377,71.36462386197843,1.453,547.7810000000001,0,False,False
1645,298.0,0.33299999999999996,48.478084662622976,1.622,540.126,0,True,False
1646,297.9,0.385,40.00846631186649,1.538,592.13,1,False,True
1647,297.9,0.428,52.62155127763703,1.527,653.556,0,True,False
1648,297.8,0.289,55.148640006169714,1.761,508.9289999999999,0,False,True
1649,297.9,0.502,35.82685622803354,1.373,689.2460000000001,1,False,True
1650,298.0,0.37799999999999995,75.7396000817948,1.482,560.196,0,False,False
1651,298.0,0.51,52.959670119459076,1.417,722.67,0,True,False
1652,298.0,0.517,64.02090828900735,1.414,731.038,0,True,False
1653,297.9,0.34,38.6981593635478,1.635,555.9,0,True,False
1654,298.0,0.573,43.7498414375292,1.386,794.178,0,True,False
1655,298.2,0.623,79.48468626637799,1.379,859.117,0,True,False
1656,298.2,0.359,65.43437639414003,1.577,566.1429999999999,0,False,True
1657,298.2,0.425,82.51420250852428,1.532,651.1,0,False,False
1658,298.1,0.488,84.93750171956584,1.374,670.512,0,True,False
1659,298.1,0.353,53.59300576665472,1.57,554.2099999999999,1,True,False
1660,298.1,0.31,49.940153204163735,1.697,526.07,0,False,False
1661,298.2,0.441,77.91780275795483,1.499,661.0590000000001,0,False,False
1662,298.2,0.47200000000000003,84.93057135187271,1.411,665.992,0,False,False
1663,298.2,0.455,66.48206171162286,1.462,665.21,0,False,True
1664,298.1,0.28600000000000003,74.75703612557612,1.759,503.074,0,False,False
1665,298.2,0.38,74.08729294076372,1.535,583.3,0,False,True
1666,298.2,0.397,52.76698541097735,1.491,591.927,0,False,True
1667,298.2,0.36,63.71351901285436,1.551,558.36,1,True,False
1668,298.2,0.272,76.65284706321069,1.769,481.16799999999995,0,False,True
1669,298.2,0.341,69.40569381305278,1.551,528.8910000000001,0,True,False
1670,298.2,0.314,36.058190699101914,1.544,484.816,0,False,True
1671,298.2,0.311,51.83528344487668,1.528,475.208,0,True,False
1672,298.1,0.358,42.22378482973027,1.614,577.812,0,False,True
1673,298.1,0.498,46.64861060390196,1.432,713.136,0,False,True
1674,298.1,0.43700000000000006,80.27447387456628,1.384,604.808,0,False,True
1675,298.1,0.37799999999999995,36.844664445538406,1.54,582.1199999999999,0,False,True
1676,298.0,0.439,45.990035598096185,1.407,617.673,1,True,False
1677,297.9,0.43,50.47846761191157,1.418,609.74,0,True,False
1678,297.9,0.308,65.84420359831974,1.647,507.276,0,False,False
1679,298.0,0.32799999999999996,61.705084504293275,1.644,539.232,0,True,False
1680,298.0,0.27899999999999997,45.9134741426693,1.792,499.96799999999996,0,False,False
1681,297.9,0.34600000000000003,43.21205336115772,1.61,557.06,0,True,False
1682,297.8,0.26,46.839901729805945,1.804,469.04,0,False,True
1683,297.9,0.361,60.12648133508278,1.604,579.044,0,False,False
1684,297.9,0.528,48.55888928556017,1.403,740.784,0,False,True
1685,297.8,0.445,82.38012508038611,1.438,639.91,0,True,False
1686,297.9,0.263,58.19326107144238,1.824,479.71200000000005,0,False,True
1687,297.9,0.287,37.939800827231856,1.663,477.281,0,False,True
1688,297.9,0.36700000000000005,71.46332029183168,1.502,551.234,1,False,False
1689,297.9,0.355,51.44226441044948,1.606,570.13,0,False,False
1690,297.9,0.377,67.67444660291238,1.561,588.4970000000001,0,False,True
1691,297.9,0.429,48.9797185261616,1.435,615.615,1,True,False
1692,297.9,0.38299999999999995,63.537187086665995,1.602,613.566,0,False,False
1693,298.1,0.27699999999999997,73.60762524037324,1.764,488.62799999999993,0,True,False
1694,298.0,0.278,81.4004370887277,1.683,467.874,0,True,False
1695,298.0,0.35200000000000004,48.056357221653855,1.618,569.5360000000001,0,True,False
1696,298.0,0.41600000000000004,51.74284754994906,1.509,627.744,1,True,False
1697,297.9,0.39,58.21332101429698,1.55,604.5,0,True,False
1698,297.9,0.44,81.35874188679944,1.519,668.36,1,True,False
1699,297.9,0.38,80.06934284053285,1.481,562.78,0,False,True
1700,298.1,0.483,39.493914005031904,1.289,622.587,1,False,False
1701,298.0,0.23800000000000002,41.59649128769054,1.844,438.87200000000007,0,False,True
1702,298.0,0.425,59.77545886653191,1.479,628.575,1,False,False
1703,298.0,0.473,40.33096364027117,1.43,676.39,1,True,False
1704,298.1,0.36700000000000005,52.27904366743488,1.636,600.412,0,False,False
1705,298.1,0.447,42.41926891087388,1.503,671.841,0,False,False
1706,298.1,0.326,66.8020177565943,1.608,524.2080000000001,0,True,False
1707,298.2,0.429,82.47477158695808,1.521,652.509,1,False,False
1708,298.2,0.41600000000000004,84.83668851471907,1.439,598.624,0,True,False
1709,298.2,0.315,53.76205662484574,1.627,512.505,0,False,False
1710,298.2,0.261,64.95063185573062,1.749,456.48900000000003,1,False,False
1711,298.2,0.359,77.81338267620407,1.53,549.27,0,True,False
1712,298.2,0.513,40.8731036398192,1.355,695.115,0,True,False
1713,298.3,0.33799999999999997,69.47822055259826,1.551,524.2379999999999,0,False,True
1714,298.2,0.467,55.44218308625341,1.515,707.505,0,False,False
1715,298.2,0.486,45.3073080140082,1.388,674.568,0,True,False
1716,298.2,0.34600000000000003,55.137680937372096,1.585,548.41,0,False,True
1717,298.1,0.377,38.79801434824584,1.523,574.171,0,True,False
1718,298.2,0.545,69.77035742946529,1.369,746.105,0,False,False
1719,298.2,0.31,47.637133437422655,1.681,521.11,0,False,True
1720,298.2,0.38299999999999995,50.5702822522439,1.503,575.6489999999999,0,True,False
1721,298.2,0.445,41.05406491207314,1.459,649.255,0,True,False
1722,298.2,0.324,78.23295569449459,1.688,546.9119999999999,0,True,False
1723,298.2,0.21600000000000003,59.67221396413693,1.952,421.63200000000006,0,True,False
1724,298.2,0.19899999999999998,63.60734388932001,2.029,403.77099999999996,0,True,False
1725,298.3,0.525,63.47163415474273,1.457,764.925,0,False,False
1726,298.3,0.504,55.524655727067085,1.392,701.568,0,True,False
1727,298.3,0.221,44.626495771906974,1.906,421.22600000000006,0,False,False
1728,298.3,0.33399999999999996,72.25663742492,1.602,535.068,1,False,True
1729,298.3,0.494,41.35281326788372,1.465,723.71,0,False,True
1730,298.3,0.43799999999999994,40.19368951394053,1.439,630.2819999999999,0,False,False
1731,298.3,0.5539999999999999,70.50725187982516,1.33,736.82,0,True,False
1732,298.3,0.42,45.441851022599195,1.485,623.7,1,False,False
1733,298.4,0.282,50.33863756764161,1.7,479.4,0,False,False
1734,298.4,0.428,58.76137335008701,1.515,648.42,1,False,False
1735,298.5,0.392,57.467565836477306,1.501,588.392,0,True,False
1736,298.4,0.47600000000000003,70.42895625324996,1.38,656.88,0,False,True
1737,298.4,0.359,66.17158967216805,1.544,554.2959999999999,0,False,False
1738,298.4,0.273,67.21980811409328,1.743,475.839,0,True,False
1739,298.4,0.214,70.70271653277287,1.948,416.87199999999996,0,True,False
1740,298.5,0.542,49.63063637117327,1.26,682.92,0,False,False
1741,298.5,0.331,51.116665590023686,1.64,542.84,0,False,True
1742,298.5,0.49200000000000005,56.89988739477771,1.363,670.596,0,False,False
1743,298.5,0.496,50.373108651676304,1.379,683.984,0,False,True
1744,298.5,0.258,84.24689344854318,1.713,441.954,0,True,False
1745,298.5,0.519,75.70259632107148,1.461,758.2589999999999,0,False,False
1746,298.5,0.298,43.23273441280148,1.624,483.95200000000006,1,False,False
1747,298.4,0.41100000000000003,35.279707794093476,1.526,627.186,0,True,False
1748,298.4,0.142,37.139163412363395,2.381,338.102,0,True,False
1749,298.4,0.311,47.20317255214626,1.626,505.68600000000004,0,False,True
1750,298.3,0.33799999999999997,40.71456429184283,1.576,532.688,0,True,False
1751,298.4,0.316,61.66690574462861,1.617,510.97200000000004,0,False,False
1752,298.3,0.20600000000000002,77.89976113636793,1.942,400.052,0,True,False
1753,298.2,0.37200000000000005,71.83751104566137,1.492,555.024,0,True,False
1754,298.2,0.513,45.78045315410952,1.47,754.11,0,True,False
1755,298.0,0.465,54.96496280128929,1.463,680.295,0,False,True
1756,298.0,0.465,60.39471047656388,1.424,662.16,0,False,True
1757,298.1,0.601,75.51029247516678,1.363,819.163,0,False,True
1758,298.1,0.562,76.95608015530824,1.335,750.27,0,False,False
1759,298.1,0.33899999999999997,80.4859155953888,1.608,545.112,0,True,False
1760,298.0,0.35200000000000004,60.46226252514376,1.606,565.312,0,False,False
1761,298.1,0.331,69.71373732179315,1.684,557.404,1,False,False
1762,298.1,0.203,40.59001856169686,1.95,395.85,0,False,True
1763,298.2,0.486,63.26444799769911,1.46,709.56,0,True,False
1764,298.2,0.31,47.43459047355675,1.511,468.41,0,False,False
1765,298.2,0.557,56.585844251330556,1.318,734.1260000000001,0,True,False
1766,298.2,0.518,66.70252541533597,1.368,708.6239999999999,1,True,False
1767,298.3,0.271,47.849296892689054,1.717,465.307,1,False,False
1768,298.3,0.414,37.609252889838054,1.52,629.28,0,False,False
1769,298.3,0.42,35.51169282043787,1.485,623.7,0,True,False
1770,298.4,0.23199999999999998,36.10797677722608,1.981,459.592,0,True,False
1771,298.4,0.31,35.41748687568848,1.605,497.55,0,False,False
1772,298.4,0.45299999999999996,40.51775282789377,1.446,655.038,1,False,True
1773,298.4,0.479,46.97443572850649,1.508,722.332,0,False,True
1774,298.5,0.595,46.06107570911496,1.384,823.48,0,False,True
1775,298.5,0.373,84.33982970899484,1.519,566.587,0,False,True
1776,298.5,0.48100000000000004,50.30030526044716,1.404,675.3240000000001,0,True,False
1777,298.5,0.311,41.371039167969954,1.564,486.404,1,False,False
1778,298.6,0.368,62.2781272083879,1.555,572.2399999999999,0,False,False
1779,298.6,0.54,77.89787276987542,1.325,715.5,0,True,False
1780,298.6,0.44,68.90301883938376,1.488,654.72,0,False,True
1781,298.5,0.32299999999999995,49.804104456772514,1.595,515.185,0,True,False
1782,298.5,0.28600000000000003,63.08080798957275,1.662,475.33200000000005,1,False,True
1783,298.4,0.374,70.74279871002045,1.571,587.554,1,False,False
1784,298.3,0.41,71.40522461838711,1.553,636.73,1,False,False
1785,298.3,0.038,68.32692276488444,2.886,109.66799999999999,0,False,False
1786,298.2,0.382,78.5405212387809,1.538,587.5160000000001,0,False,True
1787,298.4,0.33,78.50527291720522,1.618,533.94,0,False,False
1788,298.4,0.45899999999999996,63.946827970350164,1.364,626.076,0,False,False
1789,298.3,0.473,56.49281845556061,1.442,682.0659999999999,0,True,False
1790,298.2,0.6729999999999999,67.078514778255,1.313,883.6489999999999,0,False,False
1791,298.2,0.23600000000000002,75.91060006852317,1.847,435.89200000000005,0,True,False
1792,298.1,0.408,35.28260524205923,1.524,621.7919999999999,0,False,False
1793,298.1,0.48,84.59985045074257,1.445,693.6,0,False,False
1794,298.1,0.282,44.14468861645996,1.761,496.602,0,False,False
1795,298.1,0.435,58.51244928299881,1.514,658.59,1,True,False
1796,298.1,0.38299999999999995,78.60148674214334,1.498,573.7339999999999,0,True,False
1797,298.1,0.371,46.25201995220997,1.542,572.082,0,False,False
1798,298.0,0.418,58.839761195019165,1.508,630.3439999999999,1,True,False
1799,298.0,0.529,41.62910900905896,1.431,756.9989999999999,0,True,False
1800,298.0,0.451,54.753816269409626,1.427,643.577,0,True,False
1801,298.0,0.363,43.856772739650125,1.524,553.212,0,False,True
1802,298.0,0.436,53.18138743855785,1.427,622.172,0,False,False
1803,298.1,0.441,53.6732108396361,1.496,659.7360000000001,0,True,False
1804,298.1,0.40299999999999997,84.65853947991664,1.388,559.3639999999999,1,True,False
1805,298.1,0.48100000000000004,84.74065146518862,1.495,719.095,0,True,False
1806,298.1,0.562,40.73931393303062,1.376,773.312,0,False,True
1807,298.0,0.322,71.29843896641736,1.593,512.946,0,False,False
1808,298.0,0.289,37.587273983455056,1.654,478.006,0,True,False
1809,298.1,0.128,36.50960076685943,2.567,328.57599999999996,0,True,False
1810,298.1,0.27,40.26669471224822,1.767,477.09,0,True,False
1811,298.1,0.5379999999999999,83.2742828503967,1.364,733.832,0,False,False
1812,298.1,0.312,82.04317739473487,1.569,489.52799999999996,0,False,True
1813,298.2,0.368,44.69639101403402,1.476,543.168,0,True,False
1814,298.1,0.45,43.08361677768558,1.479,665.55,0,True,False
1815,298.1,0.341,47.02675432579735,1.65,562.65,0,True,False
1816,298.1,0.363,60.77734970375711,1.565,568.0949999999999,0,False,True
1817,298.1,0.465,63.485231601770494,1.46,678.9,0,True,False
1818,298.1,0.276,46.079671521972365,1.664,459.264,0,False,True
1819,298.1,0.409,72.83113940449726,1.435,586.915,1,False,False
1820,298.1,0.192,50.47765847013254,2.066,396.67199999999997,1,True,False
1821,298.1,0.43700000000000006,81.10656627647052,1.493,652.441,0,True,False
1822,298.1,0.433,67.83613532283653,1.354,586.2819999999999,0,True,False
1823,298.1,0.39399999999999996,56.817559715180586,1.488,586.2719999999999,0,False,False
1824,298.1,0.48700000000000004,74.49560008514227,1.414,688.618,0,False,True
1825,298.1,0.574,75.89573130233325,1.391,798.434,0,False,False
1826,298.0,0.278,49.52408028044718,1.784,495.95200000000006,0,False,False
1827,297.8,0.401,51.985727191804216,1.516,607.9159999999999,0,True,False
1828,297.9,0.478,81.79775768643017,1.42,678.76,0,False,True
1829,297.8,0.563,43.237051918163594,1.351,760.613,0,False,True
1830,297.8,0.23,37.10752084814671,1.88,432.4,0,True,False
1831,297.8,0.24,57.70276613047746,1.859,446.16,0,False,True
1832,297.8,0.54,75.06049501218145,1.315,710.1,0,False,False
1833,297.8,0.517,73.58340531553729,1.33,687.61,0,False,False
1834,297.8,0.61,80.97653144564163,1.327,809.47,1,False,False
1835,297.8,0.381,61.660033218452014,1.498,570.738,0,False,True
1836,297.8,0.358,40.003233578326665,1.555,556.6899999999999,1,False,False
1837,297.7,0.358,64.4344487168008,1.518,543.444,0,True,False
1838,297.7,0.43,73.91978071766059,1.392,598.56,0,True,False
1839,297.8,0.396,39.66640601349132,1.456,576.576,0,False,True
1840,297.7,0.302,43.63287005487949,1.715,517.93,0,True,False
1841,297.7,0.43700000000000006,35.61453305778355,1.405,613.9850000000001,0,True,False
1842,297.7,0.37799999999999995,64.68262897234052,1.668,630.5039999999999,0,False,False
1843,297.7,0.225,79.33671959729523,1.855,417.375,0,False,False
1844,297.6,0.392,68.53316580010497,1.496,586.432,0,False,False
1845,297.6,0.449,84.1020043795491,1.471,660.4789999999999,0,False,True
1846,297.7,0.4,38.15168262498808,1.444,577.6,1,True,False
1847,297.7,0.386,80.15005425757481,1.514,584.404,0,True,False
1848,297.8,0.507,75.70341436933404,1.412,715.8840000000001,0,True,False
1849,297.7,0.441,50.71207602497525,1.429,630.189,0,False,True
1850,297.7,0.327,83.67632759186259,1.668,545.436,0,False,False
1851,297.7,0.528,49.39688740857075,1.372,724.4159999999999,0,True,False
1852,297.7,0.49200000000000005,79.46523619141092,1.365,671.58,0,False,True
1853,297.6,0.391,79.03742885370947,1.526,596.6659999999999,0,False,True
1854,297.6,0.406,72.88288083014862,1.486,603.316,0,False,True
1855,297.6,0.426,63.1735236906426,1.47,626.22,0,False,True
1856,297.7,0.628,41.0001374808444,1.249,784.372,1,True,False
1857,297.8,0.261,61.59858672482491,1.752,457.27200000000005,0,False,True
1858,297.7,0.365,52.839812782746726,1.643,599.695,0,False,False
1859,297.8,0.361,74.6108516577676,1.488,537.168,0,False,True
1860,297.8,0.45799999999999996,72.90646032484224,1.355,620.5899999999999,0,False,False
1861,297.8,0.303,80.53062536863027,1.607,486.921,0,False,True
1862,297.9,0.303,35.74150812158539,1.609,487.52700000000004,0,False,False
1863,297.9,0.444,75.4551608411523,1.517,673.548,0,True,False
1864,297.9,0.395,81.92310265623344,1.517,599.215,1,False,False
1865,297.9,0.376,74.4650224554075,1.546,581.296,0,False,True
1866,297.9,0.34700000000000003,41.50972299351834,1.567,543.749,1,False,True
1867,298.1,0.289,39.063955242044386,1.662,480.318,0,True,False
1868,298.1,0.418,36.04226199038504,1.502,627.836,0,True,False
1869,298.3,0.569,66.43726129140356,1.361,774.409,0,True,False
1870,298.3,0.327,66.48363259299437,1.63,533.0100000000001,0,False,False
1871,298.3,0.423,84.34568571091062,1.486,628.578,0,False,True
1872,298.3,0.215,54.90215870520478,1.84,395.6,0,True,False
1873,298.3,0.584,51.595314244874835,1.326,774.3839999999999,0,False,False
1874,298.4,0.578,66.22124635921962,1.367,790.1259999999999,0,False,True
1875,298.4,0.327,76.2804336253797,1.598,522.546,0,False,False
1876,298.3,0.501,81.83869747615009,1.363,682.863,0,False,False
1877,298.3,0.62,75.15620830895193,1.242,770.04,0,False,False
1878,298.2,0.33799999999999997,56.33369903079024,1.566,529.308,0,False,False
1879,298.1,0.47700000000000004,66.7457117656032,1.424,679.248,1,True,False
1880,298.2,0.33799999999999997,77.81496633580585,1.608,543.5039999999999,0,False,False
1881,298.1,0.29100000000000004,59.53048441558697,1.705,496.155,0,False,False
1882,298.0,0.45799999999999996,45.83433218526963,1.548,708.9839999999999,0,False,True
1883,298.0,0.434,43.48617198739365,1.581,686.154,1,False,False
1884,298.0,0.467,35.00788722890284,1.472,687.4240000000001,0,False,True
1885,298.0,0.26,70.91189974906422,1.792,465.92,0,True,False
1886,298.0,0.32799999999999996,40.55486044229953,1.683,552.0239999999999,0,False,False
1887,297.9,0.40700000000000003,47.19195498479702,1.503,611.721,0,True,False
1888,297.9,0.324,49.89381657613967,1.642,532.0079999999999,0,True,False
1889,297.8,0.243,63.018993006838414,1.902,462.186,1,False,False
1890,297.7,0.402,54.89786386478846,1.432,575.664,0,False,True
1891,297.8,0.408,68.7336996011581,1.512,616.896,1,True,False
1892,297.7,0.29,37.781932966435136,1.764,511.56,0,False,False
1893,297.8,0.436,41.19695971322197,1.438,626.9680000000001,1,False,True
1894,297.8,0.299,59.96057517666334,1.631,487.6689999999999,1,True,False
1895,297.9,0.233,51.84823939234149,1.88,438.04,0,False,False
1896,297.9,0.5429999999999999,49.790668137567984,1.344,729.7919999999999,0,False,False
1897,297.9,0.358,38.35140395187614,1.574,563.492,0,False,False
1898,297.8,0.41200000000000003,79.78595873740008,1.418,584.216,0,True,False
1899,297.8,0.541,69.59092930625255,1.372,742.252,0,True,False
1900,297.8,0.4,41.08090784098247,1.388,555.2,0,False,True
1901,297.9,0.36,38.25229788685703,1.493,537.48,0,False,False
1902,297.9,0.401,83.74362667156215,1.505,603.505,0,True,False
1903,298.0,0.29100000000000004,69.05862752197524,1.694,492.954,1,False,True
1904,297.9,0.204,55.872803554687074,1.968,401.472,0,True,False
1905,298.0,0.35600000000000004,70.08655203778923,1.569,558.564,0,False,False
1906,297.9,0.29100000000000004,72.81658932400796,1.687,490.91700000000003,0,True,False
1907,297.9,0.524,73.99811011943896,1.43,749.32,0,False,True
1908,297.9,0.424,58.89386528265288,1.504,637.696,0,True,False
1909,297.9,0.20199999999999999,56.4941379062424,1.977,399.35400000000004,0,True,False
1910,298.0,0.456,35.55140421344502,1.435,654.36,0,True,False
1911,298.0,0.368,81.3278557570919,1.547,569.2959999999999,0,True,False
1912,298.1,0.5720000000000001,65.16539391944715,1.316,752.752,0,False,True
1913,298.0,0.349,45.1576968594984,1.621,565.7289999999999,0,False,True
1914,298.0,0.402,80.98017097107183,1.492,599.784,0,True,False
1915,298.0,0.32299999999999995,80.74659508851482,1.643,530.689,0,False,False
1916,298.0,0.387,84.4592082183048,1.492,577.404,0,False,False
1917,298.0,0.508,78.70282815694894,1.387,704.5959999999999,0,False,True
1918,298.1,0.473,84.88921939100324,1.463,691.9989999999999,1,False,False
1919,298.1,0.4,47.23430940616363,1.496,598.4,0,True,False
1920,298.2,0.3,77.1124792599617,1.658,497.4,0,False,False
1921,298.1,0.175,76.15141543978822,2.161,378.175,0,False,False
1922,298.1,0.32,46.54701796103669,1.665,532.8,0,True,False
1923,298.0,0.266,39.921877450049536,1.716,456.4560000000001,0,False,False
1924,298.0,0.341,83.97102568387999,1.529,521.389,0,True,False
1925,297.9,0.507,49.80122757603052,1.353,685.971,0,False,True
1926,297.9,0.377,78.5445895233903,1.537,579.4490000000001,0,True,False
1927,298.0,0.308,35.206357733730194,1.606,494.648,0,False,False
1928,298.0,0.478,36.05124036098011,1.314,628.092,1,False,False
1929,298.0,0.299,58.29356543481842,1.623,485.277,0,False,False
1930,298.0,0.509,46.935734196753174,1.483,754.847,0,True,False
1931,298.1,0.37,69.4920641717982,1.569,580.53,0,False,False
1932,298.2,0.217,63.27821627839772,1.969,427.27299999999997,1,False,False
1933,298.1,0.293,38.87428987252457,1.686,493.99800000000005,0,False,False
1934,298.1,0.35100000000000003,43.13141481578585,1.638,574.938,0,False,False
1935,298.1,0.33299999999999996,54.40246350292071,1.698,565.434,0,False,False
1936,298.1,0.551,44.280203197771655,1.377,758.727,0,False,True
1937,298.1,0.184,74.61111736219644,2.129,391.736,0,True,False
1938,298.2,0.424,55.803511777664,1.411,598.264,0,False,True
1939,298.1,0.408,39.671593342124964,1.517,618.936,0,False,False
1940,298.1,0.539,59.21714511360624,1.303,702.317,0,True,False
1941,298.1,0.35600000000000004,39.54190905307071,1.578,561.768,0,True,False
1942,298.1,0.5820000000000001,41.446865270990855,1.425,829.35,0,True,False
1943,298.1,0.424,46.980491601410264,1.456,617.344,0,False,True
1944,298.1,0.309,77.97638526237449,1.704,526.536,0,False,False
1945,298.1,0.273,81.23062661664859,1.791,488.94300000000004,0,False,True
1946,298.1,0.32799999999999996,76.31288646660346,1.616,530.048,0,False,False
1947,298.2,0.349,51.70386087089236,1.622,566.078,1,False,False
1948,298.2,0.499,48.622322055441586,1.462,729.538,0,True,False
1949,298.1,0.45799999999999996,62.45778453951196,1.41,645.78,0,True,False
1950,298.1,0.419,71.09265802665561,1.543,646.5169999999999,0,False,False
1951,298.0,0.47600000000000003,84.66863940800874,1.479,704.0040000000001,0,True,False
1952,298.0,0.22699999999999998,41.57853559394631,1.839,417.453,1,True,False
1953,298.0,0.605,37.46459995119022,1.266,765.93,0,False,False
1954,297.9,0.349,69.71779444976355,1.593,555.957,1,False,False
1955,297.9,0.469,76.61128917519528,1.459,684.271,0,False,True
1956,297.9,0.552,77.31743899332116,1.308,722.0160000000001,0,False,True
1957,297.9,0.46799999999999997,68.92317745385803,1.364,638.352,1,False,False
1958,297.9,0.359,82.70079020595935,1.618,580.862,0,False,False
1959,297.9,0.43200000000000005,60.550238177229346,1.464,632.448,0,False,False
1960,297.8,0.494,80.69073991681063,1.352,667.888,1,False,True
1961,297.8,0.514,83.39060684957616,1.446,743.2439999999999,0,True,False
1962,297.8,0.512,77.35787285015539,1.448,741.3760000000001,0,False,False
1963,297.8,0.486,50.48792816293103,1.391,676.0260000000001,0,False,True
1964,297.7,0.433,44.81078255851476,1.379,597.107,0,True,False
1965,297.8,0.469,62.40600324909092,1.405,658.945,0,False,False
1966,297.8,0.331,57.650737519009425,1.581,523.311,1,False,False
1967,297.9,0.405,78.88791710963665,1.515,613.575,0,True,False
1968,297.9,0.37799999999999995,40.00158355335768,1.589,600.6419999999999,0,True,False
1969,298.0,0.508,47.88700306557593,1.281,650.7479999999999,1,True,False
1970,297.8,0.313,72.58994722593542,1.631,510.50300000000004,0,True,False
1971,297.9,0.67,39.749332248865606,1.202,805.34,0,True,False
1972,297.9,0.527,51.03822070108501,1.298,684.046,0,False,True
1973,297.9,0.307,54.35776970269916,1.612,494.884,1,True,False
1974,297.9,0.253,66.1296898281345,1.747,441.991,1,False,False
1975,298.0,0.48700000000000004,42.90663228596823,1.45,706.15,0,True,False
1976,298.0,0.456,78.03022451748548,1.422,648.432,1,False,True
1977,298.1,0.474,57.377111773313715,1.419,672.6059999999999,0,True,False
1978,298.1,0.307,80.85108559402782,1.633,501.33099999999996,0,False,False
1979,298.0,0.436,58.39349568169658,1.442,628.712,1,False,True
1980,298.0,0.45799999999999996,48.75201294703667,1.42,650.3599999999999,0,False,True
1981,298.0,0.585,42.091441434383746,1.301,761.085,0,True,False
1982,298.0,0.45,35.18725473556424,1.385,623.25,0,False,True
1983,298.0,0.413,61.60787424924178,1.487,614.131,0,False,False
1984,298.0,0.444,40.35783484634617,1.459,647.7959999999999,0,False,False
1985,298.0,0.455,54.58638818155891,1.387,631.085,0,True,False
1986,298.1,0.408,64.46358806185434,1.537,627.096,1,True,False
1987,298.1,0.429,48.784294845135015,1.498,642.6419999999999,1,False,False
1988,298.2,0.312,43.761214618305765,1.599,498.888,0,False,False
1989,298.3,0.392,73.73608113046708,1.42,556.6400000000001,0,False,False
1990,298.2,0.23399999999999999,82.33955861408103,1.785,417.69,0,False,False
1991,298.2,0.48100000000000004,40.0220208930983,1.423,684.4630000000001,0,False,True
1992,298.2,0.366,42.7795162192504,1.583,579.378,0,True,False
1993,298.2,0.466,83.00063286263594,1.375,640.75,0,False,False
1994,298.3,0.425,36.889211090612314,1.463,621.775,0,True,False
1995,298.2,0.451,83.8816168275236,1.403,632.753,0,False,True
1996,298.3,0.47100000000000003,35.23222415424944,1.451,683.421,0,False,False
1997,298.4,0.382,78.68343278256657,1.416,540.912,0,False,True
1998,298.3,0.413,50.36625904938748,1.672,690.536,0,True,False
1999,298.3,0.308,81.92944290886483,1.637,504.19599999999997,0,True,False
2000,298.4,0.37799999999999995,50.84726443177927,1.54,582.1199999999999,0,True,False
2001,298.4,0.531,67.7153160767028,1.279,679.1490000000001,0,True,False
2002,298.4,0.349,39.00162848829683,1.604,559.7959999999999,0,True,False
2003,298.5,0.271,47.11649057268695,1.654,448.23400000000004,0,False,True
2004,298.5,0.375,73.68396732396253,1.564,586.5,0,True,False
2005,298.5,0.475,61.43429268394098,1.451,689.225,0,True,False
2006,298.5,0.38,81.39845308935224,1.504,571.52,0,False,True
2007,298.5,0.505,56.43757041706772,1.381,697.405,0,False,False
2008,298.6,0.344,78.49061829069615,1.562,537.328,1,False,True
2009,298.5,0.247,57.447771873911876,1.811,447.31699999999995,0,True,False
2010,298.6,0.287,83.96241393509926,1.717,492.779,0,False,False
2011,298.6,0.605,82.99171906994384,1.278,773.19,1,True,False
2012,298.7,0.302,51.45683527780402,1.616,488.032,0,True,False
2013,298.6,0.46399999999999997,79.29618352084016,1.397,648.208,0,False,True
2014,298.6,0.429,77.38056871078246,1.485,637.065,0,True,False
2015,298.6,0.597,45.534019866378145,1.31,782.07,0,False,False
2016,298.5,0.6629999999999999,66.21452003916349,1.301,862.563,0,False,False
2017,298.5,0.44,38.63411577949074,1.458,641.52,0,True,False
2018,298.7,0.425,76.83553602917308,1.483,630.275,0,False,True
2019,298.7,0.46399999999999997,43.727294175174826,1.375,638.0,1,True,False
2020,298.7,0.27,38.540735069288225,1.66,448.2,0,False,False
2021,298.7,0.33299999999999996,55.01095477694056,1.56,519.4799999999999,0,False,True
2022,298.7,0.42200000000000004,63.84610692998217,1.48,624.5600000000001,0,False,False
2023,298.7,0.469,77.74584792798855,1.373,643.937,0,False,True
2024,298.7,0.542,83.71212627608682,1.444,782.648,0,True,False
2025,298.7,0.247,56.974625628493186,1.722,425.334,0,False,False
2026,298.7,0.39899999999999997,38.02234614926351,1.469,586.131,0,True,False
2027,298.7,0.529,72.45577895129352,1.36,719.44,0,False,False
2028,298.7,0.258,63.25866281119687,1.75,451.5,0,False,True
2029,298.7,0.466,57.39456724222316,1.349,628.634,0,True,False
2030,298.7,0.35200000000000004,50.46344393960948,1.668,587.1360000000001,1,False,False
2031,298.9,0.495,60.11992639217678,1.4,693.0,0,True,False
2032,298.8,0.628,51.933980222851545,1.331,835.868,0,False,False
2033,298.8,0.42200000000000004,72.85059338736801,1.444,609.368,0,False,False
2034,298.8,0.47600000000000003,62.194684824632056,1.359,646.884,1,False,True
2035,298.8,0.474,78.8423887077056,1.425,675.45,1,False,False
2036,298.9,0.342,62.1771957324721,1.469,502.398,0,True,False
2037,299.0,0.228,46.913120666996505,1.892,431.376,0,True,False
2038,299.0,0.19899999999999998,77.55459411160723,1.94,386.06,0,True,False
2039,299.0,0.552,62.860952246502194,1.405,775.56,0,True,False
2040,299.0,0.396,45.34205190717806,1.449,573.804,0,True,False
2041,299.1,0.29600000000000004,66.17539049781111,1.686,499.05600000000004,0,False,True
2042,299.1,0.272,52.88583824712138,1.68,456.96,0,False,False
2043,299.1,0.524,77.2202806146033,1.397,732.028,0,False,False
2044,299.2,0.303,57.66498693232714,1.597,483.89099999999996,0,True,False
2045,299.3,0.41100000000000003,71.32206790537083,1.47,604.17,0,False,True
2046,299.3,0.313,39.776810381811856,1.703,533.039,0,False,False
2047,299.3,0.455,54.80121731511731,1.388,631.54,0,True,False
2048,299.3,0.242,84.16207182361993,1.775,429.55,0,False,False
2049,299.3,0.415,75.42301447385742,1.465,607.975,1,False,False
2050,299.3,0.379,42.99704011834643,1.586,601.0939999999999,0,True,False
2051,299.5,0.292,48.888202473862755,1.675,489.1,0,False,False
2052,299.4,0.444,51.49079044281805,1.47,652.68,0,False,False
2053,299.5,0.40399999999999997,67.51827802477229,1.477,596.708,0,True,False
2054,299.5,0.61,72.84973797448278,1.382,843.02,1,False,True
2055,299.6,0.298,72.47633044039549,1.605,478.29,0,False,True
2056,299.6,0.32899999999999996,60.49370281532014,1.643,540.547,0,False,False
2057,299.5,0.541,75.54102689190756,1.333,721.153,0,False,False
2058,299.5,0.423,56.853904137873755,1.52,642.9599999999999,1,False,False
2059,299.5,0.24,41.1940282647781,1.902,456.48,0,False,False
2060,299.5,0.444,63.222092082690665,1.386,615.384,0,False,False
2061,299.6,0.27699999999999997,82.61506923005533,1.803,499.431,0,True,False
2062,299.7,0.507,74.64968256962557,1.359,689.013,0,False,False
2063,299.7,0.42700000000000005,63.935032384612114,1.477,630.679,0,False,True
2064,299.7,0.534,67.34028301745485,1.321,705.414,0,False,False
2065,299.6,0.414,81.52810135177863,1.453,601.5419999999999,0,True,False
2066,299.7,0.451,56.41713972174803,1.419,639.969,0,False,True
2067,299.7,0.36200000000000004,51.56970694713187,1.512,547.344,0,True,False
2068,299.7,0.368,83.86207825002245,1.553,571.5039999999999,1,True,False
2069,299.7,0.391,78.17215667551667,1.534,599.794,1,True,False
2070,299.7,0.41,51.152179230930116,1.553,636.73,0,True,False
2071,299.7,0.49700000000000005,58.18902986804614,1.352,671.9440000000001,0,False,True
2072,299.7,0.6,55.75390645038995,1.313,787.8,1,False,False
2073,299.6,0.355,42.4547839335717,1.57,557.35,0,True,False
2074,299.6,0.311,82.89096619066295,1.677,521.547,0,False,True
2075,299.5,0.315,55.21562156098794,1.602,504.63,1,False,True
2076,299.5,0.588,78.7664541318954,1.39,817.32,0,False,True
2077,299.4,0.36,44.467811384033254,1.544,555.84,0,True,False
2078,299.4,0.312,62.39354053186099,1.701,530.712,0,False,False
2079,299.4,0.284,36.19806925621349,1.692,480.52799999999996,0,False,True
2080,299.3,0.379,73.21102419211543,1.523,577.217,0,False,True
2081,299.3,0.154,64.04569491231392,2.28,351.12,1,True,False
2082,299.4,0.47100000000000003,66.27947917348763,1.485,699.435,0,True,False
2083,299.4,0.361,37.58604412773267,1.513,546.193,0,False,False
2084,299.4,0.282,45.55191651043077,1.743,491.526,0,False,True
2085,299.5,0.462,38.71654361767901,1.442,666.2040000000001,0,False,False
2086,299.5,0.467,49.44571579019059,1.462,682.7540000000001,0,False,False
2087,299.4,0.49700000000000005,66.37195038410755,1.439,715.183,0,True,False
2088,299.5,0.366,63.30929921586876,1.577,577.182,1,False,False
2089,299.6,0.46399999999999997,65.60749108066952,1.331,617.5840000000001,0,False,True
2090,299.5,0.225,62.462563568894716,1.941,436.725,0,True,False
2091,299.5,0.473,48.651439783792966,1.393,658.8889999999999,0,False,True
2092,299.4,0.42100000000000004,47.22537486722126,1.433,603.293,0,False,True
2093,299.4,0.48200000000000004,41.85298417682906,1.444,696.008,0,True,False
2094,299.4,0.39,77.45354374517461,1.564,609.96,0,False,False
2095,299.4,0.436,65.82396792706223,1.377,600.3720000000001,1,True,False
2096,299.4,0.415,44.325550625202986,1.525,632.875,0,False,True
2097,299.5,0.562,43.86046899106198,1.387,779.4940000000001,0,False,False
2098,299.4,0.475,78.65178007630684,1.326,629.85,0,False,False
2099,299.4,0.59,72.13654318816597,1.401,826.59,0,False,True
2100,299.4,0.318,67.96995399526857,1.596,507.528,0,True,False
2101,299.3,0.46,55.34320537696499,1.471,676.66,0,False,True
2102,299.3,0.37799999999999995,48.098778213925875,1.528,577.584,0,False,False
2103,299.3,0.62,83.97253815564119,1.325,821.5,0,True,False
2104,299.3,0.467,74.86197875114001,1.376,642.5920000000001,0,False,False
2105,299.3,0.353,50.08896115681382,1.6,564.8,0,False,True
2106,299.3,0.44,77.37823981392474,1.495,657.8,0,True,False
2107,299.4,0.28600000000000003,72.94659743073407,1.645,470.47,0,False,True
2108,299.4,0.473,49.85402749389992,1.417,670.2409999999999,0,False,True
2109,299.4,0.517,56.32764271208198,1.415,731.555,0,True,False
2110,299.3,0.434,44.297672269551335,1.496,649.264,0,False,True
2111,299.3,0.35,40.55262221890547,1.508,527.8,0,True,False
2112,299.4,0.479,71.13810164198483,1.436,687.8439999999999,1,True,False
2113,299.5,0.226,48.37559286769333,1.852,418.552,0,True,False
2114,299.5,0.225,76.00296828731268,1.863,419.175,0,False,True
2115,299.4,0.441,84.7804355757213,1.373,605.493,1,False,False
2116,299.4,0.473,38.83099069648243,1.404,664.092,1,True,False
2117,299.4,0.449,58.65175625418502,1.381,620.069,1,False,False
2118,299.4,0.293,75.10312796554015,1.762,516.266,0,False,False
2119,299.3,0.43,74.44754482706168,1.429,614.47,1,True,False
2120,299.3,0.247,72.99985791654842,1.858,458.926,0,False,True
2121,299.2,0.213,52.44974676509555,1.908,406.404,0,False,True
2122,299.2,0.374,57.69266278425262,1.503,562.122,0,False,False
2123,299.2,0.389,64.74841786707351,1.523,592.447,1,False,True
2124,299.3,0.384,83.69702917866286,1.491,572.544,0,False,False
2125,299.2,0.391,51.37736354692464,1.43,559.13,0,False,True
2126,299.3,0.6940000000000001,81.15719438584289,1.258,873.0520000000001,0,False,False
2127,299.3,0.465,48.4678459090247,1.449,673.785,0,False,False
2128,299.3,0.406,84.45372327368523,1.425,578.55,1,True,False
2129,299.4,0.243,68.51318434137958,1.8,437.4,0,False,True
2130,299.4,0.337,58.175574017927545,1.607,541.559,0,False,False
2131,299.4,0.5820000000000001,65.66952140318024,1.391,809.562,0,True,False
2132,299.4,0.45399999999999996,48.62655845201034,1.432,650.1279999999999,0,True,False
2133,299.4,0.284,48.708692875573334,1.66,471.44,0,False,False
2134,299.3,0.297,40.67772719217469,1.732,514.404,0,False,False
2135,299.3,0.46299999999999997,40.702514885269935,1.473,681.9989999999999,0,False,False
2136,299.3,0.478,52.38358707344557,1.511,722.258,0,False,True
2137,299.2,0.415,73.14277389481859,1.588,659.02,0,True,False
2138,299.3,0.311,65.39855837990812,1.623,504.75300000000004,0,False,False
2139,299.3,0.306,40.12922801655104,1.734,530.604,0,True,False
2140,299.3,0.47600000000000003,77.61182624879555,1.415,673.54,1,False,True
2141,299.3,0.466,65.06838134950331,1.419,661.2540000000001,0,False,True
2142,299.3,0.349,83.04277883923899,1.577,550.3729999999999,0,False,False
2143,299.3,0.603,68.50927337056038,1.376,829.7280000000001,0,False,False
2144,299.3,0.49,43.75874318520905,1.442,706.58,0,True,False
2145,299.4,0.405,58.68916811539111,1.451,587.655,1,False,False
2146,299.3,0.45799999999999996,67.42487987736021,1.55,709.9,0,False,True
2147,299.3,0.32899999999999996,36.413235052498884,1.647,541.8629999999999,0,False,False
2148,299.4,0.337,35.745513207740395,1.55,522.35,0,True,False
2149,299.4,0.341,41.4701500299284,1.583,539.803,0,False,False
2150,299.4,0.322,47.58322175227354,1.613,519.3860000000001,0,False,True
2151,299.3,0.355,56.477456176033776,1.636,580.78,0,True,False
2152,299.3,0.515,59.37202368798942,1.289,663.835,0,True,False
2153,299.3,0.284,41.90138044689484,1.648,468.032,1,False,False
2154,299.3,0.45399999999999996,68.66957895579154,1.397,634.2379999999999,0,False,True
2155,299.3,0.248,64.80690308482674,1.767,438.216,1,True,False
2156,299.3,0.47700000000000004,49.72320494205801,1.341,639.657,0,True,False
2157,299.4,0.415,35.6829941717646,1.457,604.655,0,True,False
2158,299.4,0.198,38.88239576766453,1.939,383.922,0,True,False
2159,299.5,0.49700000000000005,54.58473877554197,1.399,695.303,0,False,False
2160,299.5,0.313,42.698717558284194,1.602,501.426,0,False,False
2161,299.4,0.41,53.84098030739854,1.507,617.87,0,False,False
2162,299.4,0.405,66.40913022551776,1.464,592.92,0,False,False
2163,299.5,0.42100000000000004,62.36187139396418,1.336,562.456,0,True,False
2164,299.6,0.39799999999999996,46.55879415686971,1.422,565.956,0,False,True
2165,299.6,0.36700000000000005,52.19112456293762,1.54,565.1800000000001,0,False,False
2166,299.5,0.478,65.70155992243252,1.476,705.528,1,False,True
2167,299.6,0.23399999999999999,78.04275140217243,1.867,436.87799999999993,0,False,False
2168,299.6,0.413,72.66067193694386,1.588,655.8439999999999,0,True,False
2169,299.5,0.495,62.67000134167075,1.42,702.9,0,False,False
2170,299.5,0.49200000000000005,53.11464991582431,1.415,696.18,0,True,False
2171,299.4,0.433,53.25256387709027,1.5,649.4999999999999,0,False,False
2172,299.5,0.446,78.9708655132198,1.502,669.8919999999999,0,True,False
2173,299.5,0.23,36.96217880202732,1.816,417.68,0,True,False
2174,299.5,0.41600000000000004,84.39913222101305,1.495,621.92,0,False,True
2175,299.6,0.33399999999999996,68.21877054257811,1.572,525.048,0,True,False
2176,299.5,0.359,69.05688495361952,1.59,570.81,0,False,True
2177,299.6,0.483,36.89989186523711,1.387,669.9209999999999,0,True,False
2178,299.6,0.47700000000000004,65.27646374456361,1.393,664.461,0,False,False
2179,299.6,0.373,59.23890300452235,1.602,597.5459999999999,1,False,False
2180,299.6,0.33299999999999996,40.28894534470335,1.601,533.1329999999999,0,False,False
2181,299.6,0.363,48.896100538467955,1.597,579.711,1,True,False
2182,299.5,0.44299999999999995,79.51572281068256,1.548,685.7639999999999,0,True,False
2183,299.5,0.618,62.499420793297645,1.314,812.052,0,True,False
2184,299.6,0.39799999999999996,55.670828758695436,1.577,627.646,0,True,False
2185,299.8,0.434,38.634107792040545,1.475,640.15,1,False,False
2186,299.8,0.324,70.70607637011528,1.63,528.12,0,False,True
2187,299.7,0.429,70.14254116980163,1.445,619.905,0,False,True
2188,299.8,0.474,65.70218034862818,1.439,682.0859999999999,0,False,True
2189,299.7,0.441,60.513132311032464,1.42,626.22,1,False,True
2190,299.7,0.41600000000000004,56.68922011036864,1.554,646.464,0,False,False
2191,299.6,0.44299999999999995,64.66355464939961,1.471,651.6529999999999,0,True,False
2192,299.6,0.336,46.669772586420336,1.648,553.7280000000001,0,False,True
2193,299.6,0.488,82.06295320888239,1.472,718.3359999999999,0,False,False
2194,299.5,0.429,64.43972645901148,1.448,621.192,0,False,False
2195,299.6,0.353,50.559622217718825,1.568,553.5039999999999,0,True,False
2196,299.6,0.308,57.48399254425786,1.613,496.80400000000003,0,False,False
2197,299.7,0.354,75.28423944384463,1.551,549.054,0,False,False
2198,299.7,0.49200000000000005,43.08080303651487,1.412,694.7040000000001,0,False,True
2199,299.7,0.41,49.64178112301302,1.478,605.98,0,False,False
2200,299.8,0.58,68.97540113682777,1.268,735.44,0,True,False
2201,299.8,0.35600000000000004,50.774460324111196,1.546,550.3760000000001,0,False,True
2202,299.8,0.361,74.6250840930733,1.567,565.687,0,True,False
2203,299.9,0.35700000000000004,41.522674358868045,1.548,552.6360000000001,0,False,False
2204,299.8,0.308,73.13430852273044,1.614,497.112,0,True,False
2205,299.7,0.461,38.41758574252831,1.352,623.272,0,False,False
2206,299.9,0.34600000000000003,35.62963063337474,1.624,561.904,0,False,True
2207,299.9,0.52,79.91117594160811,1.436,746.72,0,True,False
2208,299.8,0.375,64.06696084661493,1.591,596.625,0,False,True
2209,299.8,0.426,52.591344854340576,1.435,611.31,0,True,False
2210,299.8,0.494,46.62973184819252,1.386,684.684,0,False,True
2211,299.7,0.541,65.8442891630408,1.401,757.941,0,False,True
2212,299.6,0.64,60.45010917683691,1.245,796.8,0,False,True
2213,299.7,0.4,84.57988877649926,1.475,590.0,0,True,False
2214,299.7,0.39399999999999996,84.16079933268729,1.473,580.362,0,False,True
2215,299.7,0.44799999999999995,66.75122830708048,1.355,607.04,1,False,False
2216,299.7,0.496,57.143525305294524,1.468,728.128,1,True,False
2217,299.7,0.308,59.557048456733106,1.645,506.66,0,False,True
2218,299.7,0.5529999999999999,69.1239533118431,1.347,744.891,0,True,False
2219,299.7,0.335,40.07872721176907,1.713,573.855,0,False,True
2220,299.6,0.484,51.41760369053591,1.435,694.54,1,True,False
2221,299.6,0.261,38.76361205018019,1.736,453.09600000000006,0,False,False
2222,299.6,0.604,38.66803797584598,1.372,828.688,0,False,False
2223,299.7,0.33,44.791962094711685,1.605,529.65,0,True,False
2224,299.6,0.485,59.26266272966134,1.413,685.305,0,True,False
2225,299.7,0.319,74.23871605813946,1.645,524.755,0,True,False
2226,299.7,0.49,59.27479455829363,1.465,717.85,0,False,False
2227,299.6,0.278,51.77383052804349,1.685,468.43,1,True,False
2228,299.5,0.204,39.11764951683791,1.965,400.86,0,False,False
2229,299.4,0.418,62.51477615915648,1.542,644.556,0,True,False
2230,299.4,0.308,48.56342932415884,1.681,517.748,0,True,False
2231,299.5,0.457,65.74670889585737,1.446,660.822,0,False,False
2232,299.4,0.564,83.85938695662091,1.415,798.06,0,True,False
2233,299.5,0.305,40.56571607387751,1.672,509.96,0,False,True
2234,299.5,0.13,45.60626993609699,2.549,331.37,1,False,True
2235,299.4,0.405,58.65472690496874,1.492,604.26,0,False,False
2236,299.4,0.42700000000000005,83.43069076729648,1.455,621.2850000000001,0,False,False
2237,299.3,0.431,73.59048881349977,1.422,612.8820000000001,1,False,True
2238,299.3,0.506,79.9114596581415,1.403,709.918,1,True,False
2239,299.3,0.496,51.68574242378965,1.474,731.104,0,True,False
2240,299.2,0.5,84.60192368892973,1.381,690.5,0,True,False
2241,299.2,0.447,40.14164080320787,1.457,651.279,0,False,True
2242,299.2,0.289,37.64864530230504,1.711,494.4789999999999,0,True,False
2243,299.2,0.29,77.7801313527014,1.667,483.43,1,False,False
2244,299.2,0.35,81.36324351034932,1.465,512.75,0,False,True
2245,299.3,0.375,39.52926787730509,1.542,578.25,0,False,True
2246,299.3,0.423,40.67137133729207,1.438,608.2739999999999,0,False,False
2247,299.3,0.474,36.658707887788694,1.406,666.444,0,True,False
2248,299.2,0.485,40.22537813213621,1.396,677.06,0,False,True
2249,299.3,0.606,45.470990840014046,1.304,790.224,1,False,False
2250,299.2,0.465,83.50383094550006,1.442,670.53,0,True,False
2251,299.2,0.48700000000000004,68.39301111198402,1.396,679.852,1,True,False
2252,299.1,0.434,73.9276512759271,1.424,618.016,0,False,True
2253,299.1,0.428,73.8069701845761,1.451,621.0279999999999,0,False,False
2254,299.2,0.541,61.753687488960736,1.386,749.826,0,False,True
2255,299.1,0.469,74.87444888565085,1.325,621.425,0,False,True
2256,299.1,0.337,64.79037661949849,1.559,525.383,0,False,False
2257,299.1,0.381,50.72730488016788,1.489,567.309,0,False,False
2258,299.1,0.252,63.055505438420035,1.892,476.784,0,False,False
2259,299.1,0.603,61.675429306725675,1.319,795.357,0,True,False
2260,299.1,0.523,76.17265268796604,1.431,748.413,0,False,False
2261,299.1,0.365,84.08636086908295,1.521,555.165,0,False,True
2262,299.1,0.452,55.55212827104653,1.435,648.6200000000001,0,False,False
2263,299.1,0.424,73.16953392206798,1.533,649.992,0,False,True
2264,299.2,0.43,39.98815020190668,1.529,657.47,0,False,False
2265,299.2,0.435,73.84156847241442,1.415,615.525,0,False,False
2266,299.2,0.512,53.57084559966161,1.33,680.96,0,False,False
2267,299.2,0.606,36.96950814448434,1.381,836.8860000000001,0,False,False
2268,299.2,0.524,53.16230892810886,1.37,717.88,0,False,False
2269,299.2,0.466,65.53213754608224,1.438,670.1080000000001,0,True,False
2270,299.3,0.48200000000000004,40.96250838407333,1.314,633.3480000000001,0,False,False
2271,299.3,0.48100000000000004,81.20172462151274,1.437,691.197,1,True,False
2272,299.2,0.261,38.88362066364193,1.821,475.28100000000006,0,True,False
2273,299.3,0.521,81.50033599165832,1.448,754.408,0,False,False
2274,299.3,0.327,70.35687589678432,1.589,519.6030000000001,1,False,False
2275,299.3,0.337,51.48560877071018,1.52,512.2400000000001,1,False,True
2276,299.3,0.37,54.53751738545466,1.605,593.85,0,False,False
2277,299.3,0.542,72.04046823663721,1.393,755.0060000000001,0,False,False
2278,299.3,0.444,65.07355504406037,1.408,625.1519999999999,1,False,False
2279,299.3,0.35600000000000004,68.58214607274726,1.459,519.404,0,False,False
2280,299.4,0.39,54.458230825674,1.525,594.75,0,True,False
2281,299.4,0.57,59.390674090379946,1.39,792.3,0,True,False
2282,299.3,0.389,84.49337420189467,1.536,597.5039999999999,0,True,False
2283,299.4,0.47600000000000003,45.696143524985885,1.459,694.484,1,False,False
2284,299.2,0.511,55.89280932610657,1.387,708.757,0,True,False
2285,299.2,0.534,49.591159378698364,1.378,735.852,0,True,False
2286,299.4,0.5670000000000001,73.25557552199248,1.381,783.0269999999999,0,True,False
2287,299.4,0.605,73.20063128328604,1.289,779.845,0,False,True
2288,299.4,0.268,49.62227304986979,1.746,467.92800000000005,0,True,False
2289,299.4,0.391,39.06951583164914,1.541,602.5310000000001,1,False,False
2290,299.4,0.37799999999999995,35.5716338336102,1.504,568.512,0,True,False
2291,299.5,0.519,56.37252666212427,1.321,685.5989999999999,0,False,False
2292,299.5,0.209,55.516879716788544,1.886,394.1739999999999,0,True,False
2293,299.6,0.532,84.41949393199314,1.422,756.5040000000001,0,True,False
2294,299.5,0.38299999999999995,58.490103784883985,1.52,582.16,0,False,False
2295,299.4,0.326,47.820918478771034,1.627,530.402,0,True,False
2296,299.4,0.37200000000000005,79.56147205157336,1.512,562.464,0,True,False
2297,299.4,0.42700000000000005,59.553397482678925,1.553,663.1310000000001,0,True,False
2298,299.3,0.26,64.9587817605289,1.802,468.52,0,True,False
2299,299.3,0.376,39.78343552141063,1.482,557.2320000000001,0,True,False
2300,299.4,0.629,54.14582036648871,1.446,909.534,0,True,False
2301,299.3,0.505,82.21118372368935,1.371,692.355,0,False,True
2302,299.2,0.35700000000000004,64.47526920877127,1.586,566.202,0,False,False
2303,299.2,0.39799999999999996,52.22509275712308,1.515,602.9699999999999,0,False,False
2304,299.2,0.536,66.28335903157965,1.374,736.464,0,True,False
2305,299.1,0.39799999999999996,80.52055447890581,1.455,579.0899999999999,0,False,True
2306,299.2,0.475,48.69953002362951,1.342,637.45,0,True,False
2307,299.1,0.578,60.25583592353372,1.26,728.28,0,True,False
2308,299.0,0.335,82.93453269558776,1.623,543.705,0,False,False
2309,299.1,0.555,43.61980716492263,1.371,760.905,1,True,False
2310,299.1,0.314,70.98319627983557,1.611,505.8539999999999,0,True,False
2311,299.0,0.475,65.72405041014912,1.535,729.125,0,False,False
2312,299.1,0.385,68.98375655703174,1.491,574.035,0,False,True
2313,299.1,0.36200000000000004,52.56098153337848,1.441,521.642,0,False,False
2314,299.1,0.266,50.69396867418825,1.725,458.85,0,False,False
2315,299.2,0.47200000000000003,69.21048352941852,1.368,645.696,1,False,True
2316,299.2,0.379,45.77716425522727,1.526,578.354,0,True,False
2317,299.2,0.392,55.98273724295026,1.542,604.464,0,True,False
2318,299.2,0.311,44.4087323026459,1.605,499.155,0,True,False
2319,299.2,0.514,35.415242056166484,1.405,722.17,0,False,False
2320,299.2,0.335,83.50286800190347,1.7,569.5,0,False,False
2321,299.2,0.391,56.58514893282096,1.44,563.04,0,False,True
2322,299.2,0.525,83.46748072099126,1.314,689.85,1,False,False
2323,299.2,0.419,42.0161759883913,1.514,634.366,0,False,False
2324,299.2,0.47,64.3683389728743,1.401,658.47,0,True,False
2325,299.3,0.299,45.04870163956198,1.636,489.16399999999993,0,False,True
2326,299.3,0.33899999999999997,74.50370634816375,1.603,543.4169999999999,0,False,True
2327,299.4,0.526,74.18514943804877,1.487,782.1619999999999,0,False,True
2328,299.3,0.503,40.63035745196559,1.42,714.26,0,True,False
2329,299.3,0.363,80.60322264381946,1.579,573.177,0,False,False
2330,299.3,0.405,44.73148236016123,1.484,601.02,1,True,False
2331,299.3,0.493,65.64886707946802,1.39,685.27,0,True,False
2332,299.3,0.536,84.2816810043852,1.384,741.8240000000001,0,True,False
2333,299.2,0.504,79.11982673831818,1.378,694.512,0,False,False
2334,299.2,0.452,82.82819642805845,1.445,653.1400000000001,0,False,False
2335,299.2,0.435,52.12993856090597,1.445,628.575,1,True,False
2336,299.2,0.39399999999999996,40.27878211097317,1.509,594.5459999999999,1,True,False
2337,299.2,0.46799999999999997,44.417343664472504,1.434,671.112,1,False,False
2338,299.2,0.239,60.02474475383069,1.877,448.60299999999995,0,True,False
2339,299.3,0.28,74.6614839136661,1.651,462.28,1,True,False
2340,299.2,0.413,42.50768220919376,1.466,605.458,1,False,False
2341,299.1,0.40700000000000003,67.98657661303785,1.479,601.953,0,False,True
2342,299.1,0.46399999999999997,51.17888020197559,1.409,653.776,0,True,False
2343,299.2,0.282,52.06010361960767,1.674,472.068,0,True,False
2344,299.1,0.614,68.09588650789632,1.305,801.27,0,True,False
2345,299.2,0.264,58.34997097666101,1.755,463.32,0,False,True
2346,299.2,0.387,75.6016646512997,1.475,570.825,0,False,False
2347,299.2,0.47700000000000004,42.79592548314135,1.402,668.7540000000001,0,False,False
2348,299.2,0.43,74.49741348835192,1.41,606.3,0,True,False
2349,299.2,0.418,38.211762402871045,1.436,600.2479999999999,0,False,False
2350,299.3,0.42200000000000004,44.70269401228025,1.386,584.892,0,True,False
2351,299.3,0.264,67.80748572515827,1.744,460.416,0,False,False
2352,299.2,0.484,77.74628282555356,1.393,674.212,1,False,True
2353,299.3,0.45399999999999996,47.63398138696745,1.422,645.588,1,False,False
2354,299.2,0.228,51.359580291445646,1.841,419.74800000000005,1,False,True
2355,299.3,0.377,61.856037414336996,1.433,540.2410000000001,0,False,False
2356,299.3,0.606,45.57864032446511,1.305,790.83,0,True,False
2357,299.3,0.395,75.55781307937528,1.498,591.71,0,False,True
2358,299.3,0.261,73.68183225028804,1.772,462.492,0,True,False
2359,299.2,0.425,42.26458559828908,1.381,586.925,1,False,False
2360,299.3,0.385,58.1914865908316,1.413,544.005,0,True,False
2361,299.2,0.532,73.74138833273108,1.388,738.416,0,True,False
2362,299.2,0.354,51.866476555170735,1.631,577.3739999999999,0,False,False
2363,299.3,0.414,66.65534113588659,1.52,629.28,1,True,False
2364,299.3,0.45399999999999996,37.51065607287864,1.51,685.54,0,False,False
2365,299.2,0.49700000000000005,65.4344380264659,1.366,678.9019999999999,0,False,False
2366,299.4,0.22899999999999998,42.63264900003035,1.845,422.505,0,True,False
2367,299.3,0.447,76.52916625572257,1.485,663.795,0,True,False
2368,299.3,0.39399999999999996,52.77247317902392,1.496,589.424,0,False,False
2369,299.3,0.42200000000000004,49.077693136409785,1.468,619.4960000000001,1,True,False
2370,299.2,0.22699999999999998,77.04444883557426,1.856,421.31199999999995,0,False,False
2371,299.2,0.341,37.50720115359051,1.62,552.42,0,False,False
2372,299.3,0.44799999999999995,54.830439966717236,1.409,631.232,1,False,True
2373,299.3,0.494,53.500177028751565,1.404,693.5759999999999,0,False,False
2374,299.2,0.513,49.24001871247754,1.35,692.55,1,False,False
2375,299.2,0.38,80.58771660007386,1.538,584.44,1,False,False
2376,299.2,0.327,72.54641967583612,1.476,482.65200000000004,0,True,False
2377,299.2,0.518,38.19615820959694,1.364,706.552,0,True,False
2378,299.2,0.455,70.7343724717477,1.582,719.81,0,False,True
2379,299.1,0.561,61.3649566564397,1.348,756.2280000000001,1,False,False
2380,299.1,0.461,80.04339472007896,1.45,668.45,1,False,True
2381,299.0,0.609,50.64728086741792,1.242,756.378,0,False,True
2382,299.1,0.349,63.70809998047915,1.493,521.057,0,False,True
2383,299.1,0.314,60.0377637370493,1.601,502.71399999999994,0,False,True
2384,299.1,0.33299999999999996,59.478045311380285,1.568,522.1439999999999,1,False,False
2385,299.1,0.38,57.80526997586063,1.506,572.28,0,True,False
2386,299.1,0.341,45.281473776614064,1.524,519.684,0,False,False
2387,299.1,0.379,72.78549612461964,1.543,584.797,0,True,False
2388,299.2,0.47200000000000003,57.566801636964435,1.474,695.7280000000001,0,False,False
2389,299.2,0.373,82.92581375013029,1.526,569.198,1,False,False
2390,299.2,0.27,48.04042135963881,1.867,504.09,0,False,False
2391,299.2,0.41200000000000003,69.13719198135206,1.487,612.644,0,True,False
2392,299.2,0.326,82.03585398195543,1.58,515.08,0,True,False
2393,299.2,0.5,68.17291615080462,1.34,670.0,0,False,False
2394,299.2,0.41600000000000004,78.56364538086973,1.544,642.304,0,True,False
2395,299.2,0.40299999999999997,76.3740479878503,1.488,599.664,0,False,True
2396,299.2,0.289,53.00588577445019,1.742,503.43799999999993,0,True,False
2397,299.1,0.342,65.00619699697482,1.592,544.464,1,True,False
2398,299.2,0.38799999999999996,42.813066990567776,1.582,613.816,0,True,False
2399,299.2,0.43200000000000005,61.776294134779974,1.49,643.6800000000001,1,False,False
2400,299.2,0.358,46.52109859071686,1.594,570.6519999999999,0,False,False
2401,299.2,0.55,72.18684074762228,1.462,804.1,0,True,False
2402,299.2,0.47600000000000003,61.40292109460623,1.367,650.692,0,True,False
2403,299.2,0.51,55.56136813158302,1.325,675.75,0,False,False
2404,299.2,0.514,48.439854808348876,1.448,744.2719999999999,0,True,False
2405,299.1,0.203,84.93492409206434,2.008,407.624,0,False,False
2406,299.1,0.389,38.585526044246635,1.498,582.722,0,False,False
2407,299.1,0.41600000000000004,37.178034028621,1.437,597.792,0,True,False
2408,299.1,0.451,45.86287002469323,1.499,676.0490000000001,0,True,False
2409,299.0,0.526,83.55362293139098,1.356,713.2560000000001,0,False,True
2410,299.1,0.46799999999999997,83.96190841599923,1.539,720.252,0,False,False
2411,299.1,0.321,67.74638673860679,1.689,542.169,0,False,False
2412,299.0,0.381,79.00533336032024,1.559,593.979,0,True,False
2413,299.1,0.467,45.69808654203977,1.408,657.5360000000001,1,False,False
2414,299.0,0.23,83.60210470883118,1.886,433.78,0,True,False
2415,299.1,0.434,42.139242506978235,1.415,614.11,1,False,False
2416,299.1,0.35600000000000004,40.05625940908291,1.587,564.9720000000001,0,False,True
2417,299.0,0.386,40.610576962363645,1.571,606.4060000000001,1,True,False
2418,298.9,0.366,63.65639616362823,1.576,576.816,0,True,False
2419,298.9,0.344,74.04872003590262,1.66,571.04,0,True,False
2420,298.9,0.49200000000000005,53.333358893731656,1.328,653.3760000000001,0,True,False
2421,298.8,0.447,83.89479938930633,1.45,648.1500000000001,0,True,False
2422,298.9,0.15,56.721006905916475,2.384,357.6,1,True,False
2423,298.8,0.534,42.522427538660814,1.443,770.562,0,False,True
2424,298.9,0.2,58.29833740930684,2.022,404.4,0,False,False
2425,298.9,0.23800000000000002,68.95185827112199,1.828,435.064,0,True,False
2426,298.8,0.535,76.61128902521894,1.472,787.52,0,False,True
2427,298.9,0.636,57.93841449782964,1.372,872.592,0,True,False
2428,298.9,0.23800000000000002,64.68034130245837,1.855,441.49,0,False,True
2429,299.0,0.47200000000000003,48.36723560794267,1.377,649.944,0,True,False
2430,298.9,0.489,67.2958263202757,1.432,700.248,0,False,True
2431,298.9,0.478,84.29859719751718,1.335,638.1299999999999,0,False,False
2432,298.9,0.513,37.452678629389695,1.411,723.8430000000001,0,False,True
2433,298.9,0.435,79.32653353525839,1.51,656.85,0,False,True
2434,299.0,0.44,63.11412513837614,1.441,634.04,0,True,False
2435,299.0,0.42700000000000005,47.604932978114995,1.358,579.8660000000001,0,False,True
2436,298.9,0.304,82.7444855004629,1.686,512.544,1,True,False
2437,299.0,0.304,59.16771515294495,1.662,505.24799999999993,0,True,False
2438,299.1,0.401,51.58451258366928,1.426,571.826,1,True,False
2439,299.1,0.536,44.07488141354206,1.33,712.88,0,False,False
2440,299.1,0.316,47.2226105128331,1.693,534.988,1,True,False
2441,299.1,0.479,76.64245207957214,1.426,683.054,0,False,False
2442,299.1,0.31,65.7205004658583,1.676,519.56,0,False,False
2443,299.1,0.517,80.66228097441581,1.332,688.6440000000001,0,False,True
2444,299.1,0.35,46.59842260788929,1.647,576.45,0,False,True
2445,299.2,0.682,41.05692869244508,1.267,864.094,1,False,False
2446,299.2,0.551,35.3043765487795,1.375,757.625,0,True,False
2447,299.3,0.489,60.39310188079969,1.422,695.3580000000001,0,True,False
2448,299.3,0.48700000000000004,84.91534651909942,1.408,685.696,0,True,False
2449,299.4,0.425,69.74826344093195,1.44,612.0,1,True,False
2450,299.3,0.252,50.419729598257305,1.772,446.54400000000004,0,True,False
2451,299.2,0.37799999999999995,78.84292915130858,1.492,563.976,0,True,False
2452,299.2,0.305,74.086113299398,1.65,503.25,0,False,True
2453,299.1,0.146,35.770758303826966,2.329,340.034,0,False,False
2454,299.0,0.308,75.84302402705111,1.648,507.584,1,True,False
2455,299.0,0.317,50.0263378619248,1.653,524.001,0,False,False
2456,299.0,0.223,42.483673229180056,1.946,433.958,0,True,False
2457,299.1,0.366,46.31654198685373,1.555,569.13,0,False,False
2458,299.0,0.322,58.42899021875695,1.661,534.8420000000001,1,False,False
2459,299.0,0.45899999999999996,56.243396353400556,1.434,658.2059999999999,0,False,False
2460,299.0,0.542,49.44436496871134,1.297,702.974,1,False,False
2461,299.0,0.46399999999999997,43.61091611035164,1.466,680.2239999999999,0,False,True
2462,298.9,0.39799999999999996,73.11153948210847,1.517,603.766,0,False,True
2463,298.9,0.345,84.50548918674585,1.742,600.99,0,False,False
2464,298.9,0.391,73.88957902098451,1.58,617.78,0,False,False
2465,298.9,0.429,49.79684838357706,1.534,658.0859999999999,1,False,False
2466,298.9,0.40700000000000003,47.24044807060667,1.481,602.767,0,True,False
2467,299.0,0.377,45.88329380329691,1.429,538.7330000000001,0,True,False
2468,298.9,0.335,41.834753724451815,1.574,527.29,1,True,False
2469,298.9,0.40399999999999997,62.566527484615065,1.524,615.696,0,False,False
2470,299.0,0.375,65.27001859766722,1.507,565.125,0,False,False
2471,298.9,0.447,70.27513303315686,1.467,655.7490000000001,0,True,False
2472,298.9,0.511,69.0106685466834,1.301,664.811,0,False,True
2473,298.9,0.551,49.616665564169125,1.429,787.3790000000001,1,False,True
2474,298.9,0.376,51.51555026984233,1.555,584.68,0,False,False
2475,298.9,0.406,69.0757267721169,1.503,610.2180000000001,0,False,False
2476,298.9,0.431,52.47238203918141,1.459,628.8290000000001,0,False,True
2477,298.9,0.424,45.63115948096565,1.449,614.376,0,True,False
2478,298.9,0.573,53.71680768483698,1.387,794.7509999999999,0,False,True
2479,298.9,0.5,48.60420787889888,1.456,728.0,0,True,False
2480,299.0,0.34700000000000003,39.41563606092889,1.604,556.5880000000001,0,False,True
2481,299.0,0.324,76.50694511383267,1.734,561.816,0,True,False
2482,299.0,0.478,77.65556945785181,1.378,658.684,0,False,True
2483,298.9,0.418,45.987515008343976,1.504,628.672,0,False,True
2484,298.9,0.498,38.238609976260086,1.402,698.1959999999999,0,True,False
2485,298.8,0.377,71.94137186755898,1.524,574.548,0,False,False
2486,298.8,0.355,45.576431293170685,1.593,565.515,0,False,True
2487,298.9,0.284,54.67177447184301,1.772,503.24799999999993,1,False,False
2488,298.9,0.31,38.206762611869166,1.623,503.13,0,False,True
2489,298.9,0.507,46.313479237921754,1.356,687.492,0,False,False
2490,298.9,0.41600000000000004,74.64511391648179,1.5,624.0,1,True,False
2491,299.1,0.466,75.2198223457601,1.566,729.7560000000001,0,True,False
2492,299.1,0.434,45.35424124438552,1.445,627.13,0,True,False
2493,299.0,0.585,51.79569225533447,1.382,808.47,1,False,True
2494,299.0,0.457,41.71192095468718,1.418,648.0260000000001,0,True,False
2495,299.1,0.536,38.70863151424612,1.329,712.344,0,False,False
2496,299.1,0.41,84.60858572242047,1.491,611.31,0,False,False
2497,299.2,0.374,67.77969756224196,1.573,588.302,1,False,False
2498,299.2,0.423,62.104825459915936,1.521,643.3829999999999,1,False,True
2499,299.1,0.47200000000000003,73.27492502026499,1.467,692.4240000000001,1,False,True
2500,299.1,0.484,77.0038579843862,1.325,641.3,0,False,False
2501,299.1,0.32299999999999995,75.33573840223637,1.617,522.2909999999999,0,False,True
2502,299.1,0.42700000000000005,35.82697246449383,1.476,630.2520000000001,0,False,True
2503,299.2,0.489,44.340394909524925,1.515,740.835,0,False,False
2504,299.2,0.47200000000000003,67.74526510589155,1.408,664.576,1,False,True
2505,299.2,0.456,53.78796739019815,1.468,669.408,0,True,False
2506,299.2,0.48700000000000004,84.12413255305535,1.387,675.469,0,True,False
2507,299.2,0.34700000000000003,68.2702396319127,1.503,521.541,0,False,True
2508,299.2,0.47100000000000003,82.82744543646032,1.41,664.11,0,False,False
2509,299.0,0.306,45.07232408228969,1.615,494.19,0,False,True
2510,299.0,0.359,78.19785140575115,1.511,542.4490000000001,0,False,True
2511,299.1,0.5379999999999999,51.06761529076127,1.405,755.89,0,True,False
2512,299.0,0.41100000000000003,84.47824041189034,1.526,627.186,0,False,True
2513,298.9,0.38299999999999995,42.884433603657364,1.53,585.9899999999999,1,False,False
2514,299.0,0.325,60.81699094191633,1.583,514.475,0,False,False
2515,298.9,0.187,74.6422266918561,2.069,386.90299999999996,0,False,False
2516,298.8,0.35,56.632124030201794,1.49,521.5,1,False,True
2517,298.8,0.29,58.404203009382336,1.736,503.44,0,True,False
2518,298.8,0.444,84.31778977528705,1.395,619.38,0,False,False
2519,298.9,0.496,56.26540751505767,1.425,706.8,0,False,False
2520,298.8,0.324,65.20360502995318,1.631,528.444,0,False,False
2521,298.8,0.41200000000000003,37.726983033757534,1.535,632.4200000000001,0,False,False
2522,298.8,0.344,77.110504010513,1.584,544.896,0,True,False
2523,298.8,0.382,67.40840244897717,1.543,589.426,0,True,False
2524,298.8,0.35200000000000004,55.20100514314068,1.635,575.5200000000001,0,True,False
2525,298.8,0.455,35.80847699772599,1.446,657.93,0,False,True
2526,298.8,0.35100000000000003,64.5834410296752,1.598,560.898,0,True,False
2527,298.8,0.35,35.63289142420811,1.501,525.35,0,True,False
2528,298.8,0.508,35.060180695450896,1.45,736.6,0,False,True
2529,298.8,0.259,65.80492810746773,1.73,448.07,0,True,False
2530,298.8,0.337,44.45085336672771,1.571,529.427,0,False,True
2531,298.9,0.517,44.594377485904765,1.438,743.446,0,False,False
2532,298.8,0.387,67.66357829163718,1.51,584.3700000000001,0,False,True
2533,298.9,0.449,37.68485939696871,1.389,623.661,1,True,False
2534,298.8,0.336,50.670278073727815,1.49,500.64,0,True,False
2535,298.9,0.266,42.47159510710095,1.729,459.914,0,False,False
2536,299.0,0.384,64.0088184898267,1.495,574.08,0,False,True
2537,298.9,0.539,68.0882577363698,1.281,690.459,0,False,False
2538,298.9,0.48100000000000004,71.05679267995217,1.353,650.793,0,True,False
2539,299.1,0.501,47.76156084592827,1.429,715.9290000000001,1,False,True
2540,299.1,0.42100000000000004,39.4624875818292,1.413,594.873,0,False,True
2541,299.1,0.38299999999999995,38.93418284709489,1.502,575.266,1,False,False
2542,299.1,0.326,56.307577422536184,1.553,506.278,0,False,True
2543,299.2,0.264,82.29222045313576,1.712,451.96799999999996,0,False,True
2544,299.3,0.235,45.88645171235123,1.786,419.71,1,False,False
2545,299.2,0.214,47.837080067077466,1.951,417.51399999999995,0,True,False
2546,299.2,0.363,40.04444010529295,1.541,559.3829999999999,1,False,False
2547,299.2,0.34299999999999997,65.27851369469651,1.605,550.5149999999999,1,True,False
2548,299.2,0.381,68.99364369735875,1.578,601.2180000000001,0,False,False
2549,299.3,0.375,67.146560408038,1.44,540.0,0,False,False
2550,299.4,0.423,78.05651215223907,1.489,629.847,0,True,False
2551,299.4,0.484,59.32129175130359,1.366,661.1439999999999,0,True,False
2552,299.3,0.37200000000000005,41.722852038353224,1.541,573.2520000000001,0,True,False
2553,299.3,0.40700000000000003,49.470256535220635,1.552,631.664,0,False,True
2554,299.3,0.40299999999999997,68.1214986710676,1.473,593.6189999999999,0,False,True
2555,299.3,0.379,65.65609868707799,1.531,580.249,0,True,False
2556,299.3,0.37200000000000005,61.55015648714813,1.511,562.0920000000001,0,False,True
2557,299.3,0.479,69.14822093443436,1.449,694.0709999999999,0,False,False
2558,299.4,0.5,66.86954251866497,1.44,720.0,0,True,False
2559,299.2,0.239,79.0662444732476,1.881,449.55899999999997,0,True,False
2560,299.3,0.504,64.30081887391484,1.447,729.288,0,False,False
2561,299.4,0.62,73.93006793502782,1.326,822.12,0,False,True
2562,299.4,0.317,47.435357798323395,1.607,509.41900000000004,0,False,False
2563,299.3,0.391,68.9091292294534,1.551,606.441,1,True,False
2564,299.3,0.37200000000000005,80.10970591913379,1.496,556.5120000000001,0,True,False
2565,299.3,0.38,54.28661639499166,1.493,567.34,0,False,False
2566,299.4,0.505,73.95520936693234,1.304,658.52,0,True,False
2567,299.3,0.41600000000000004,71.23946505977176,1.42,590.72,0,True,False
2568,299.4,0.24600000000000002,37.976309843591125,1.766,434.43600000000004,0,True,False
2569,299.6,0.431,64.0754154812036,1.45,624.95,0,False,True
2570,299.5,0.226,41.50946746004012,1.872,423.07200000000006,0,False,True
2571,299.6,0.265,83.36595861152955,1.713,453.945,0,False,False
2572,299.5,0.409,75.5703751350328,1.497,612.2729999999999,1,False,True
2573,299.4,0.447,40.486190062356,1.352,604.344,0,True,False
2574,299.5,0.415,41.08759988238392,1.499,622.085,0,False,False
2575,299.5,0.193,64.72369274563096,1.972,380.596,0,True,False
2576,299.5,0.49200000000000005,52.24445870865917,1.422,699.6240000000001,0,False,False
2577,299.5,0.415,36.745292953655465,1.523,632.045,0,False,True
2578,299.5,0.415,62.08207539165265,1.563,648.645,0,False,False
2579,299.4,0.466,54.39225498429235,1.391,648.206,0,True,False
2580,299.3,0.247,40.05382461858713,1.795,443.365,0,False,False
2581,299.3,0.537,75.09601961279913,1.293,694.341,0,True,False
2582,299.2,0.607,80.75383826394031,1.345,816.415,0,False,True
2583,299.2,0.337,72.8296967007065,1.615,544.2550000000001,0,False,False
2584,299.2,0.508,76.12111550081386,1.342,681.7359999999999,0,False,False
2585,299.1,0.467,45.824528363305866,1.502,701.4340000000001,0,False,False
2586,299.0,0.354,48.17864754593005,1.62,573.48,0,False,False
2587,299.0,0.428,45.426377014959385,1.537,657.8359999999999,0,True,False
2588,299.0,0.168,73.25317156827819,2.248,377.664,0,False,False
2589,299.0,0.28600000000000003,82.39585394672486,1.706,487.91600000000005,0,True,False
2590,299.0,0.166,70.84186033669513,2.25,373.5,1,False,False
2591,299.0,0.486,79.0733382439778,1.396,678.456,0,False,True
2592,298.9,0.46399999999999997,66.93495474415863,1.522,706.2080000000001,1,False,True
2593,298.9,0.45399999999999996,54.382995027939955,1.539,698.7059999999999,0,False,False
2594,298.9,0.54,56.28808074651526,1.415,764.1,0,False,False
2595,298.8,0.37,38.76607160837024,1.446,535.02,0,True,False
2596,298.8,0.41100000000000003,36.572859762301306,1.486,610.746,0,False,True
2597,299.0,0.386,69.77378020945386,1.426,550.436,1,True,False
2598,299.0,0.389,56.92144460055903,1.449,563.661,0,False,False
2599,299.1,0.675,62.610753402731476,1.32,891.0,0,True,False
2600,299.2,0.396,62.883062381120816,1.447,573.0120000000001,0,True,False
2601,299.3,0.473,48.86879066666507,1.422,672.6059999999999,0,False,False
2602,299.3,0.521,58.79462554147453,1.399,728.8790000000001,1,True,False
2603,299.4,0.415,58.538011083385115,1.427,592.205,0,False,False
2604,299.3,0.46299999999999997,54.42136106139285,1.334,617.6419999999999,0,True,False
2605,299.3,0.456,76.03376917005352,1.385,631.56,0,True,False
2606,299.4,0.374,57.5582001843798,1.552,580.448,1,False,False
2607,299.4,0.375,65.18222622529939,1.534,575.25,0,True,False
2608,299.4,0.486,79.7760060190413,1.448,703.7280000000001,1,True,False
2609,299.5,0.447,78.31168114294613,1.409,629.823,0,False,False
2610,299.4,0.345,79.52111018895826,1.621,559.245,0,True,False
2611,299.4,0.409,48.5002498232507,1.547,632.723,0,False,True
2612,299.4,0.221,36.749124415403145,1.957,432.49700000000007,0,True,False
2613,299.4,0.142,48.05333999476646,2.421,343.782,0,True,False
2614,299.3,0.38299999999999995,48.93536728103543,1.571,601.693,0,False,False
2615,299.3,0.368,80.46801633624841,1.634,601.312,0,True,False
2616,299.3,0.387,67.46213664189852,1.516,586.692,0,True,False
2617,299.4,0.665,39.08519798011144,1.207,802.655,1,True,False
2618,299.4,0.359,41.76892980055506,1.67,599.53,0,True,False
2619,299.4,0.486,42.78380627709877,1.461,710.046,0,False,True
2620,299.4,0.408,66.52108740844616,1.569,640.1519999999999,0,True,False
2621,299.4,0.35700000000000004,71.77070127535015,1.556,555.4920000000001,0,False,True
2622,299.5,0.415,77.98219552826981,1.506,624.99,1,False,True
2623,299.6,0.303,82.03182754031215,1.642,497.526,0,False,False
2624,299.6,0.621,45.08522786932209,1.283,796.743,0,False,True
2625,299.7,0.46799999999999997,50.488624236202455,1.375,643.4999999999999,0,True,False
2626,299.7,0.39899999999999997,47.01614403724153,1.399,558.201,0,False,True
2627,299.7,0.298,52.93807837330689,1.65,491.7,0,True,False
2628,299.8,0.532,80.73325537118747,1.346,716.072,0,False,False
2629,299.9,0.512,63.75562834696808,1.41,721.92,0,False,False
2630,300.0,0.37799999999999995,71.90959486622495,1.586,599.5079999999999,0,True,False
2631,300.0,0.396,59.5059618063391,1.372,543.312,1,False,False
2632,300.0,0.424,36.44289566680623,1.529,648.2959999999999,0,False,False
2633,300.0,0.28600000000000003,38.20977429989072,1.652,472.47200000000004,1,True,False
2634,300.1,0.39799999999999996,61.896151563394284,1.532,609.736,1,True,False
2635,300.0,0.32,70.93945174100128,1.554,497.28,0,False,False
2636,299.9,0.51,45.76652637643657,1.462,745.62,0,False,False
2637,299.9,0.613,71.0954786996152,1.254,768.702,0,False,True
2638,299.9,0.49700000000000005,75.53328867417562,1.294,643.118,0,False,True
2639,299.8,0.275,55.59487391810556,1.739,478.225,0,False,True
2640,299.8,0.478,72.32096164220525,1.412,674.9359999999999,0,False,False
2641,299.9,0.562,55.201497516423,1.372,771.0640000000001,0,True,False
2642,299.8,0.467,68.917531472751,1.42,663.14,0,True,False
2643,299.8,0.40299999999999997,73.19985246597716,1.542,621.4259999999999,0,False,True
2644,299.8,0.48100000000000004,84.59633091540553,1.401,673.8810000000001,0,False,False
2645,299.8,0.425,52.269833103179806,1.51,641.75,0,True,False
2646,299.9,0.385,55.552039028730576,1.547,595.595,0,True,False
2647,299.8,0.43200000000000005,43.28100297050857,1.453,627.696,1,False,True
2648,299.8,0.456,45.20365292009035,1.408,642.048,0,False,False
2649,299.8,0.516,69.6697501299189,1.436,740.9760000000001,0,False,False
2650,299.9,0.382,80.85227950772381,1.582,604.3240000000001,0,False,False
2651,299.9,0.593,54.730247583062024,1.28,759.04,0,True,False
2652,299.9,0.204,43.992222341777065,2.008,409.63199999999995,0,True,False
2653,299.9,0.235,49.2549749691497,1.772,416.42,0,True,False
2654,299.9,0.261,57.75258524040693,1.779,464.319,1,True,False
2655,299.9,0.355,49.53251646826842,1.567,556.285,0,False,True
2656,299.8,0.27,46.67895415609331,1.751,472.77,0,False,False
2657,299.9,0.513,71.79922443785398,1.349,692.0369999999999,0,False,True
2658,300.0,0.408,35.39224606203116,1.425,581.4,0,False,True
2659,300.0,0.445,61.96152636682416,1.395,620.775,0,True,False
2660,299.8,0.321,74.6883403514877,1.595,511.995,0,False,False
2661,299.8,0.564,48.31141431587341,1.291,728.1239999999999,1,False,False
2662,299.9,0.428,65.16457553060087,1.509,645.852,0,False,True
2663,299.9,0.381,68.4450052809309,1.483,565.023,0,True,False
2664,299.9,0.311,67.7512348202545,1.62,503.82,0,False,False
2665,299.9,0.42200000000000004,57.292481709935885,1.487,627.514,0,False,False
2666,299.8,0.159,52.32889939378896,2.256,358.704,0,True,False
2667,299.7,0.27699999999999997,76.79620365139067,1.691,468.407,0,True,False
2668,299.8,0.35200000000000004,72.92229784999321,1.663,585.3760000000001,1,False,False
2669,299.8,0.311,51.06275867069563,1.64,510.04,0,False,False
2670,299.7,0.37799999999999995,40.1509597221103,1.494,564.732,0,True,False
2671,299.8,0.462,38.59037727227346,1.467,677.7540000000001,1,False,False
2672,299.7,0.419,39.713798894946805,1.399,586.181,0,True,False
2673,299.7,0.426,64.14346805960214,1.445,615.57,0,False,False
2674,299.8,0.409,37.58310879144948,1.48,605.32,0,True,False
2675,299.7,0.37200000000000005,51.84634374820192,1.546,575.1120000000001,0,False,True
2676,299.7,0.358,72.65998509571148,1.574,563.492,0,True,False
2677,299.7,0.342,49.7174083257689,1.592,544.464,0,True,False
2678,299.8,0.396,73.16540385900649,1.495,592.02,0,True,False
2679,299.8,0.431,72.27335191035277,1.447,623.657,0,True,False
2680,299.8,0.444,47.29135663166082,1.476,655.344,0,False,False
2681,299.8,0.271,71.44110900463727,1.641,444.71100000000007,1,True,False
2682,299.8,0.322,72.38883191360503,1.545,497.49000000000007,0,False,True
2683,299.9,0.444,54.872696283351345,1.364,605.616,0,True,False
2684,299.8,0.285,45.52102418707591,1.59,453.15,0,True,False
2685,299.8,0.374,61.063540344593456,1.46,546.04,0,True,False
2686,299.8,0.325,81.06987940000982,1.609,522.925,1,True,False
2687,299.8,0.275,66.9808366216031,1.633,449.075,0,True,False
2688,299.9,0.528,43.64612488136306,1.348,711.7439999999999,0,False,False
2689,299.9,0.539,69.137846236676,1.322,712.558,0,False,False
2690,300.0,0.301,56.36015136409173,1.641,493.94100000000003,0,False,False
2691,300.0,0.26,64.57643986776864,1.728,449.28,0,False,False
2692,300.0,0.47700000000000004,71.7032017511554,1.431,682.587,1,False,False
2693,300.1,0.304,60.74736757572224,1.641,498.8639999999999,0,True,False
2694,300.1,0.361,75.69919872866544,1.622,585.542,1,False,False
2695,300.1,0.38,71.10777896583139,1.625,617.5,0,False,True
2696,300.0,0.22699999999999998,65.75366700092553,1.869,424.263,1,False,False
2697,300.0,0.46,42.53964079161757,1.452,667.92,0,False,False
2698,300.0,0.287,76.79745554557842,1.618,464.366,1,True,False
2699,300.0,0.2,81.7952792659908,2.01,402.0,0,False,True
2700,299.9,0.609,41.84825619046474,1.363,830.067,1,False,True
2701,299.9,0.40399999999999997,59.41205647167153,1.473,595.092,0,False,False
2702,299.9,0.508,47.94443709852523,1.333,677.164,0,False,True
2703,299.8,0.259,72.72616537127823,1.76,455.84,0,True,False
2704,299.8,0.5820000000000001,71.081481800235,1.372,798.5040000000001,1,True,False
2705,299.7,0.344,42.04425602851994,1.608,553.1519999999999,0,False,True
2706,299.7,0.648,78.85136356308186,1.326,859.248,0,False,True
2707,299.6,0.371,44.04865319890011,1.56,578.76,0,True,False
2708,299.6,0.361,74.86295128240538,1.539,555.5790000000001,0,True,False
2709,299.6,0.153,57.849017981400245,2.266,346.69800000000004,0,True,False
2710,299.6,0.358,51.41361467790756,1.641,587.478,0,True,False
2711,299.6,0.392,42.91196313371068,1.574,617.008,0,False,True
2712,299.6,0.506,43.38071280733147,1.407,711.942,0,False,False
2713,299.7,0.555,68.094527735045,1.302,722.61,1,True,False
2714,299.6,0.308,62.52151939735603,1.651,508.50800000000004,1,True,False
2715,299.6,0.552,41.10427108256164,1.366,754.0319999999999,0,True,False
2716,299.5,0.28600000000000003,40.63489302191626,1.701,486.48600000000005,0,True,False
2717,299.5,0.446,38.615528738639576,1.498,668.1080000000001,0,False,False
2718,299.5,0.45299999999999996,72.1883673686772,1.422,644.1659999999999,0,False,True
2719,299.5,0.473,70.59410426146445,1.357,641.861,0,False,True
2720,299.5,0.292,37.921549542728755,1.69,493.48,0,True,False
2721,299.6,0.391,63.01350377984865,1.559,609.569,0,False,True
2722,299.6,0.324,39.2338077621345,1.553,503.17199999999997,0,False,True
2723,299.6,0.348,80.18728853044709,1.558,542.184,0,False,True
2724,299.7,0.519,80.35587095900662,1.362,706.878,0,False,False
2725,299.8,0.42700000000000005,69.9116494906565,1.47,627.69,0,True,False
2726,299.8,0.348,81.3094460719725,1.555,541.1399999999999,0,True,False
2727,299.8,0.429,75.57265152068453,1.423,610.467,0,True,False
2728,299.7,0.385,76.42692879635247,1.434,552.09,0,True,False
2729,299.7,0.255,63.48539252849666,1.779,453.645,0,True,False
2730,299.7,0.546,50.302959910808795,1.417,773.682,0,False,False
2731,299.6,0.45899999999999996,45.88995575582108,1.425,654.075,0,False,False
2732,299.7,0.32899999999999996,51.36000110194646,1.597,525.413,0,False,False
2733,299.7,0.574,66.4247715044531,1.346,772.6039999999999,0,True,False
2734,299.7,0.40399999999999997,43.63282679161995,1.422,574.4879999999999,0,False,True
2735,299.7,0.32799999999999996,47.93201183186608,1.572,515.616,0,False,True
2736,299.7,0.45399999999999996,58.40304313977322,1.412,641.048,0,False,True
2737,299.7,0.364,46.652504926230776,1.576,573.664,0,False,True
2738,299.7,0.41200000000000003,64.43218348580308,1.508,621.296,0,False,False
2739,299.8,0.444,81.1588014228165,1.496,664.2239999999999,0,False,True
2740,299.8,0.354,72.40446828515633,1.572,556.4879999999999,1,True,False
2741,299.6,0.428,68.32133070744565,1.525,652.6999999999999,0,True,False
2742,299.6,0.519,64.13607379918894,1.378,715.182,0,True,False
2743,299.6,0.514,59.39739546285324,1.369,703.6659999999999,0,True,False
2744,299.6,0.45299999999999996,44.32819298173298,1.476,668.628,0,True,False
2745,299.7,0.3,79.73552277134328,1.62,486.0,0,False,False
2746,299.7,0.385,47.42680010064181,1.603,617.155,0,False,True
2747,299.7,0.461,39.56544387890804,1.411,650.471,1,False,False
2748,299.7,0.316,72.50075896143477,1.616,510.65600000000006,0,True,False
2749,299.7,0.35100000000000003,43.78077671655832,1.631,572.4810000000001,0,False,True
2750,299.7,0.289,53.5947999770588,1.685,486.965,0,False,False
2751,299.7,0.406,36.414246414548984,1.456,591.136,0,True,False
2752,299.7,0.501,41.853397127022404,1.417,709.9169999999999,1,False,False
2753,299.7,0.247,43.660181537995605,1.851,457.19699999999995,0,True,False
2754,299.7,0.278,37.7205063875089,1.715,476.77,0,True,False
2755,299.6,0.32299999999999995,67.83284783114226,1.63,526.4899999999999,1,False,True
2756,299.7,0.38799999999999996,76.85038979015586,1.478,573.4639999999999,0,True,False
2757,299.7,0.29600000000000004,53.66577031829705,1.781,527.176,0,False,False
2758,299.8,0.361,78.72882383591003,1.439,519.479,1,False,True
2759,299.7,0.45299999999999996,45.667328728006325,1.412,639.636,0,False,False
2760,299.7,0.41100000000000003,51.26952117806198,1.483,609.513,0,True,False
2761,299.8,0.426,42.53684965155842,1.4,596.4,0,True,False
2762,299.8,0.6509999999999999,66.02795977094993,1.299,845.6489999999999,1,True,False
2763,299.8,0.444,55.99347954351534,1.479,656.6759999999999,1,False,False
2764,299.8,0.475,65.66416734209494,1.491,708.225,0,False,False
2765,299.9,0.528,73.08374526970917,1.389,733.3919999999999,1,True,False
2766,299.9,0.5479999999999999,62.28515080164742,1.399,766.6519999999999,0,False,True
2767,299.9,0.26,66.3815177450894,1.889,491.14,0,False,False
2768,300.0,0.21899999999999997,81.76251571971665,1.925,421.575,0,True,False
2769,300.0,0.302,49.953215480442154,1.675,505.85,0,False,False
2770,300.0,0.381,52.95819693169766,1.477,562.7370000000001,0,False,False
2771,300.0,0.45899999999999996,70.88516808546684,1.364,626.076,0,True,False
2772,299.9,0.39399999999999996,65.56527585276933,1.451,571.694,0,True,False
2773,299.9,0.41200000000000003,43.92664522698574,1.467,604.404,1,False,True
2774,299.9,0.225,53.80736550052451,1.858,418.05,0,False,False
2775,300.1,0.397,58.39190065623575,1.559,618.923,1,False,False
2776,300.1,0.47700000000000004,55.96949189841946,1.56,744.12,1,False,False
2777,300.1,0.47600000000000003,43.91374041610204,1.453,691.628,0,True,False
2778,300.1,0.41700000000000004,81.22150458921311,1.464,610.488,0,True,False
2779,300.0,0.502,73.1159380846988,1.308,656.6160000000001,0,False,False
2780,300.1,0.509,59.067791605392614,1.353,688.677,0,True,False
2781,300.2,0.358,69.00305141534183,1.556,557.048,0,True,False
2782,300.2,0.17800000000000002,79.8641336067761,2.183,388.574,0,False,True
2783,300.2,0.418,41.80870711807856,1.491,623.2379999999999,0,False,True
2784,300.2,0.35100000000000003,47.518652535348885,1.528,536.328,0,False,True
2785,300.2,0.527,62.13506236283225,1.43,753.61,0,False,True
2786,300.2,0.326,74.95051856761793,1.495,487.37,0,True,False
2787,300.2,0.28300000000000003,36.81274477207637,1.63,461.29,0,False,True
2788,300.3,0.384,84.20090750981802,1.524,585.216,1,True,False
2789,300.3,0.524,57.74533014411986,1.326,694.824,0,False,True
2790,300.3,0.44,52.96155703108615,1.438,632.72,1,False,True
2791,300.4,0.45899999999999996,49.6362218919886,1.356,622.404,0,False,False
2792,300.4,0.433,43.71783538254358,1.416,613.1279999999999,0,False,True
2793,300.4,0.326,74.5786954465014,1.584,516.384,0,False,False
2794,300.3,0.318,82.77070823730483,1.597,507.846,0,True,False
2795,300.4,0.439,55.682237742269905,1.553,681.7669999999999,0,False,False
2796,300.3,0.494,82.62103473767282,1.405,694.07,1,False,False
2797,300.2,0.353,76.18988077175172,1.539,543.2669999999999,0,True,False
2798,300.3,0.537,59.05255637381592,1.398,750.7260000000001,0,False,False
2799,300.3,0.396,68.70130895630663,1.568,620.928,0,False,True
2800,300.3,0.446,56.74920895852315,1.404,626.184,0,True,False
2801,300.2,0.457,62.936170410627625,1.5,685.5,0,False,True
2802,300.2,0.28800000000000003,37.90231685092519,1.642,472.89599999999996,0,False,True
2803,300.3,0.466,69.81317376502665,1.509,703.1940000000001,0,False,True
2804,300.2,0.502,37.64123222420684,1.343,674.186,0,False,True
2805,300.1,0.401,75.85424734598247,1.45,581.45,1,False,False
2806,300.0,0.435,76.24734647302787,1.46,635.1,0,False,True
2807,300.0,0.41200000000000003,46.85386437781073,1.364,561.9680000000001,0,False,True
2808,299.9,0.419,51.183139051790015,1.452,608.3879999999999,0,True,False
2809,299.9,0.418,59.06551892791467,1.471,614.8779999999999,0,False,False
2810,299.9,0.34600000000000003,64.83314534662408,1.598,552.908,0,False,False
2811,299.8,0.248,49.367683087099834,1.772,439.45599999999996,0,True,False
2812,299.9,0.256,64.62432023159624,1.761,450.81600000000003,0,False,False
2813,300.0,0.40700000000000003,49.889353661464945,1.413,575.091,0,False,False
2814,300.0,0.226,37.774536053553035,1.887,426.46200000000005,0,True,False
2815,300.0,0.565,35.12637749159545,1.395,788.175,0,False,False
2816,300.1,0.316,40.05755289592143,1.569,495.80400000000003,0,False,True
2817,300.1,0.473,74.61253500820091,1.434,678.2819999999999,0,False,False
2818,300.2,0.41100000000000003,83.07156561916685,1.417,582.3870000000001,0,True,False
2819,300.2,0.284,56.34830996406096,1.729,491.036,0,True,False
2820,300.2,0.511,60.63419767249714,1.356,692.916,1,True,False
2821,300.2,0.488,42.342408453671304,1.436,700.768,0,False,True
2822,300.3,0.425,62.55156763400785,1.419,603.075,0,True,False
2823,300.3,0.381,42.23274510034884,1.593,606.933,0,False,False
2824,300.3,0.622,65.56071655994151,1.32,821.04,0,True,False
2825,300.3,0.424,81.6629333790427,1.448,613.952,0,True,False
2826,300.3,0.335,44.78492696515198,1.47,492.45,1,False,True
2827,300.3,0.331,73.2281859028551,1.612,533.572,0,False,False
2828,300.4,0.516,36.175121140916204,1.412,728.592,0,True,False
2829,300.4,0.239,53.77486206608105,1.875,448.125,0,False,False
2830,300.3,0.36,40.53742539152545,1.612,580.32,0,True,False
2831,300.4,0.41600000000000004,52.62377207978497,1.411,586.976,0,False,False
2832,300.3,0.479,43.676845981944176,1.49,713.71,0,False,False
2833,300.4,0.40299999999999997,53.66524950614437,1.467,591.201,0,True,False
2834,300.3,0.264,55.876140305376516,1.807,477.04799999999994,0,True,False
2835,300.3,0.46,50.02955613904592,1.368,629.28,0,True,False
2836,300.3,0.32,67.83109747365646,1.572,503.04,0,False,True
2837,300.3,0.44299999999999995,80.94260256294548,1.458,645.8939999999999,0,False,True
2838,300.3,0.303,55.02976870526362,1.699,514.797,0,True,False
2839,300.3,0.395,44.61715782375107,1.478,583.81,0,False,True
2840,300.4,0.42100000000000004,48.536137909799166,1.362,573.402,0,True,False
2841,300.4,0.389,77.70004117481845,1.487,578.443,1,True,False
2842,300.3,0.294,63.581986163507395,1.705,501.27,1,False,True
2843,300.3,0.535,57.75055161534786,1.345,719.575,0,False,True
2844,300.3,0.402,42.48183607544634,1.532,615.864,0,False,True
2845,300.3,0.35200000000000004,57.4863654161891,1.65,580.8000000000001,1,False,False
2846,300.3,0.544,48.92460016786933,1.398,760.512,0,True,False
2847,300.3,0.44799999999999995,82.15815639266745,1.412,632.576,0,False,True
2848,300.4,0.396,79.20350547078657,1.525,603.9,0,True,False
2849,300.3,0.579,39.1951270914099,1.391,805.3889999999999,0,False,False
2850,300.4,0.282,60.83267446306215,1.766,498.01199999999994,0,True,False
2851,300.4,0.35,46.2529172757336,1.671,584.85,0,False,False
2852,300.5,0.488,55.53885447621453,1.373,670.0239999999999,0,True,False
2853,300.5,0.501,78.84239991257283,1.347,674.847,0,True,False
2854,300.5,0.391,61.37572599442724,1.539,601.749,0,False,True
2855,300.5,0.408,51.71076466853799,1.47,599.7599999999999,0,True,False
2856,300.5,0.37,45.39441770524985,1.528,565.36,0,False,False
2857,300.5,0.452,75.01624297032447,1.471,664.8919999999999,0,True,False
2858,300.4,0.37200000000000005,66.22590076821736,1.528,568.416,0,True,False
2859,300.5,0.515,58.40327302131156,1.417,729.755,0,True,False
2860,300.6,0.434,45.8742176931489,1.549,672.266,0,True,False
2861,300.6,0.49200000000000005,51.71231870785657,1.463,719.796,0,False,True
2862,300.7,0.436,82.99217133692594,1.479,644.844,0,True,False
2863,300.6,0.23,61.00449688029172,1.867,429.41,0,False,True
2864,300.6,0.441,55.03496406216264,1.471,648.711,0,False,False
2865,300.6,0.47600000000000003,61.071102117416196,1.38,656.88,0,False,False
2866,300.7,0.327,73.94942529498044,1.623,530.721,0,False,False
2867,300.8,0.207,52.00544682514344,1.997,413.379,0,False,False
2868,300.7,0.485,43.935306046630444,1.39,674.15,0,False,True
2869,300.8,0.466,64.24680591695238,1.418,660.788,0,True,False
2870,300.8,0.358,68.26020517405337,1.519,543.802,0,True,False
2871,300.8,0.397,70.63590014792749,1.519,603.043,0,False,True
2872,300.7,0.37200000000000005,79.09937953830648,1.536,571.392,0,False,True
2873,300.8,0.287,53.55870603445565,1.68,482.16,0,False,True
2874,300.6,0.379,38.76774481144459,1.555,589.345,0,False,False
2875,300.6,0.496,82.9174291815471,1.471,729.6160000000001,0,False,True
2876,300.5,0.23800000000000002,56.750596371873755,1.877,446.726,0,False,False
2877,300.5,0.305,66.16287548365656,1.578,481.29,0,False,False
2878,300.5,0.321,68.31526615641462,1.655,531.255,0,True,False
2879,300.5,0.34299999999999997,62.32568543506018,1.502,515.186,0,False,False
2880,300.6,0.632,45.262876486813504,1.367,863.9440000000001,1,True,False
2881,300.7,0.37200000000000005,72.75715250580707,1.541,573.2520000000001,0,True,False
2882,300.6,0.37,75.18759871520408,1.588,587.56,0,False,True
2883,300.6,0.32799999999999996,62.64877930087199,1.684,552.352,0,True,False
2884,300.6,0.4,59.42805802924208,1.437,574.8,1,True,False
2885,300.6,0.424,40.696909156399265,1.409,597.4159999999999,1,True,False
2886,300.5,0.499,39.19758307498919,1.32,658.68,0,False,True
2887,300.5,0.342,51.97824227817644,1.635,559.1700000000001,0,False,False
2888,300.5,0.276,50.54230777586966,1.691,466.71600000000007,0,False,False
2889,300.6,0.5,82.68282254816356,1.365,682.5,0,False,True
2890,300.7,0.382,74.18113712217149,1.523,581.7860000000001,0,False,True
2891,300.6,0.324,67.996214762953,1.593,516.132,0,True,False
2892,300.6,0.307,60.88240445088025,1.682,516.374,0,False,False
2893,300.7,0.5429999999999999,43.36837653633257,1.329,721.6469999999999,0,False,True
2894,300.7,0.35200000000000004,83.9228336092142,1.568,551.936,0,False,False
2895,300.7,0.248,53.7520349120105,1.733,429.784,0,True,False
2896,300.7,0.48100000000000004,40.34628012236224,1.473,708.513,0,False,True
2897,300.7,0.313,59.689944785787304,1.633,511.129,0,False,False
2898,300.6,0.402,78.69990058065416,1.53,615.0600000000001,0,True,False
2899,300.6,0.402,79.36455008886648,1.55,623.1,0,False,False
2900,300.6,0.406,35.548295802822366,1.41,572.46,0,True,False
2901,300.5,0.335,79.31478723756999,1.574,527.29,0,True,False
2902,300.6,0.40299999999999997,48.57421087499293,1.425,574.275,0,False,True
2903,300.6,0.35200000000000004,36.94861819842115,1.541,542.432,1,True,False
2904,300.7,0.267,77.38951351814372,1.733,462.711,1,False,False
2905,300.6,0.135,78.19333779941041,2.496,336.96,0,False,False
2906,300.6,0.364,64.8115539921175,1.552,564.928,0,True,False
2907,300.6,0.387,63.72168786481792,1.409,545.283,0,False,True
2908,300.6,0.35700000000000004,75.65601363107098,1.581,564.417,1,True,False
2909,300.7,0.599,74.31547763551399,1.251,749.3489999999999,0,True,False
2910,300.7,0.441,79.5052736721352,1.5,661.5,0,True,False
2911,300.6,0.38799999999999996,62.63737237983517,1.576,611.4879999999999,0,True,False
2912,300.7,0.44,83.38235463664043,1.352,594.88,0,True,False
2913,300.7,0.303,84.80734154666692,1.661,503.283,0,False,False
2914,300.7,0.34600000000000003,40.82723049993163,1.541,533.186,0,False,True
2915,300.6,0.205,77.47718797770611,1.888,387.04,0,True,False
2916,300.5,0.621,59.99111288742945,1.255,779.355,0,False,False
2917,300.6,0.41600000000000004,54.3783169149916,1.411,586.976,1,False,False
2918,300.6,0.39,65.65361549413575,1.516,591.24,1,False,True
2919,300.6,0.34,37.79827786310035,1.492,507.28,0,False,False
2920,300.6,0.3,60.323055938353995,1.726,517.8,0,True,False
2921,300.7,0.337,78.54452850133333,1.598,538.5260000000001,0,True,False
2922,300.8,0.311,45.67307580694844,1.657,515.327,1,False,False
2923,300.8,0.381,56.319494738471256,1.481,564.261,0,False,True
2924,300.7,0.513,81.97404438574378,1.397,716.661,0,True,False
2925,300.8,0.44299999999999995,56.428191890284864,1.461,647.223,0,True,False
2926,300.7,0.511,52.91838161661992,1.388,709.268,0,False,True
2927,300.7,0.524,57.02683240616891,1.507,789.668,0,False,True
2928,300.7,0.498,60.97263832587782,1.421,707.658,0,False,True
2929,300.8,0.5489999999999999,66.59956720657344,1.258,690.6419999999999,0,False,True
2930,300.8,0.39,75.03464004583655,1.482,577.98,0,True,False
2931,300.7,0.513,57.60511028821571,1.403,719.7389999999999,0,False,False
2932,300.8,0.45399999999999996,75.87404675450702,1.373,623.342,0,False,False
2933,300.9,0.42100000000000004,61.68603306760403,1.46,614.66,1,True,False
2934,300.8,0.27899999999999997,51.92402551839888,1.751,488.52899999999994,1,False,False
2935,300.8,0.423,67.89754140597071,1.546,653.958,0,False,False
2936,300.8,0.282,70.88611273717457,1.68,473.76,1,True,False
2937,300.9,0.488,62.90244878147438,1.394,680.2719999999999,0,False,True
2938,300.7,0.26,37.83074865673617,1.81,470.6,0,False,False
2939,300.7,0.345,43.49414375804125,1.479,510.255,0,False,True
2940,300.9,0.414,49.264886044511414,1.431,592.434,0,True,False
2941,300.9,0.14400000000000002,49.131280297574655,2.355,339.12,0,True,False
2942,300.7,0.198,68.67104001234352,1.996,395.208,0,False,False
2943,300.7,0.499,35.91743308368163,1.461,729.039,0,True,False
2944,300.7,0.19699999999999998,72.784088852476,2.007,395.379,0,False,False
2945,300.7,0.349,48.26712374034666,1.505,525.245,0,False,True
2946,300.7,0.205,50.50109231080512,1.925,394.625,1,True,False
2947,300.7,0.305,61.39549139719621,1.622,494.71,0,False,False
2948,300.7,0.29,45.79628004694788,1.592,461.68,0,False,False
2949,300.7,0.245,79.22356567877637,1.85,453.25,0,True,False
2950,300.7,0.48700000000000004,39.26843896632826,1.47,715.89,0,False,True
2951,300.7,0.46399999999999997,57.21911811505325,1.445,670.48,0,False,True
2952,300.7,0.311,77.47111347274449,1.685,524.035,0,False,False
2953,300.7,0.305,65.79219472106179,1.667,508.435,0,False,False
2954,300.7,0.354,49.61647579213167,1.578,558.612,0,False,False
2955,300.6,0.28,56.03801038882304,1.691,473.48,0,False,True
2956,300.7,0.43799999999999994,70.33471901712574,1.439,630.2819999999999,0,False,False
2957,300.8,0.387,83.66303716819496,1.404,543.3480000000001,0,False,False
2958,300.8,0.45799999999999996,79.65693591897167,1.498,686.084,0,False,True
2959,300.8,0.445,52.12164041911884,1.481,659.045,0,True,False
2960,300.7,0.35,84.90989396439288,1.589,556.15,0,False,True
2961,300.7,0.44299999999999995,35.175233176552915,1.467,649.881,0,True,False
2962,300.6,0.32799999999999996,36.381487790420756,1.654,542.512,1,True,False
2963,300.7,0.39899999999999997,76.1920257585597,1.508,601.692,0,True,False
2964,300.7,0.43,44.9731343416526,1.439,618.77,0,False,True
2965,300.7,0.303,38.03846341981205,1.692,512.6759999999999,0,False,True
2966,300.7,0.249,46.85740366182511,1.838,457.662,0,False,False
2967,300.6,0.402,56.30500769904301,1.601,643.6020000000001,0,False,False
2968,300.6,0.516,71.52831352167024,1.369,706.4040000000001,0,False,False
2969,300.6,0.452,66.21677632756027,1.312,593.024,0,False,True
2970,300.6,0.441,46.88106087802102,1.468,647.388,0,False,False
2971,300.6,0.39399999999999996,60.16352240502922,1.452,572.088,0,True,False
2972,300.7,0.439,81.31070526992843,1.393,611.5269999999999,0,True,False
2973,300.6,0.442,75.75038884918789,1.432,632.944,0,False,True
2974,300.6,0.46,51.15948924158967,1.51,694.6,0,False,False
2975,300.6,0.37200000000000005,84.11322806778482,1.521,565.812,0,True,False
2976,300.5,0.462,70.43102002175655,1.36,628.32,1,True,False
2977,300.5,0.255,38.12246778333909,1.881,479.655,0,False,True
2978,300.4,0.503,36.75803566443194,1.413,710.7389999999999,0,True,False
2979,300.5,0.36200000000000004,43.4203974505015,1.642,594.404,0,False,False
2980,300.5,0.385,71.39279340250734,1.542,593.67,0,False,True
2981,300.4,0.39299999999999996,44.18694629212139,1.447,568.6709999999999,0,False,False
2982,300.4,0.40399999999999997,60.57433846044168,1.53,618.12,0,True,False
2983,300.5,0.27699999999999997,39.66300600904159,1.795,497.215,1,False,False
2984,300.6,0.574,81.04430789150976,1.29,740.46,0,False,True
2985,300.6,0.304,52.19803067917837,1.639,498.256,0,False,False
2986,300.7,0.315,80.40660282803154,1.596,502.74,0,False,True
2987,300.6,0.48,82.24378209552722,1.455,698.4,0,True,False
2988,300.6,0.289,35.30643236568404,1.659,479.45099999999996,0,False,False
2989,300.6,0.425,58.2067593599366,1.532,651.1,0,False,False
2990,300.6,0.424,36.232802785344646,1.502,636.848,0,False,True
2991,300.6,0.28600000000000003,80.43463831514529,1.688,482.76800000000003,0,True,False
2992,300.5,0.509,60.9203772367288,1.341,682.569,0,False,True
2993,300.5,0.294,38.74720063492484,1.685,495.39,0,False,False
2994,300.5,0.5589999999999999,40.51383641382834,1.37,765.83,0,True,False
2995,300.5,0.525,54.17545122463695,1.461,767.025,0,True,False
2996,300.5,0.374,82.01170964364448,1.55,579.7,0,False,True
2997,300.5,0.37799999999999995,69.64545757840403,1.508,570.0239999999999,0,True,False
2998,300.5,0.627,78.38094330945663,1.345,843.315,1,True,False
2999,300.5,0.345,53.32283231699898,1.616,557.52,0,True,False
3000,300.5,0.61,37.16068497749992,1.395,850.95,0,False,True
3001,300.5,0.728,83.7158818602207,1.324,963.872,0,False,False
3002,300.5,0.439,35.85864953311848,1.445,634.355,0,False,True
3003,300.5,0.389,82.38258265405446,1.555,604.895,0,True,False
3004,300.6,0.424,53.43387119245723,1.449,614.376,0,False,False
3005,300.5,0.532,35.50452025109408,1.466,779.9119999999999,0,False,False
3006,300.5,0.374,69.45786158622542,1.503,562.122,0,False,True
3007,300.4,0.35700000000000004,84.0270152015677,1.488,531.216,0,False,True
3008,300.4,0.502,83.28128614187963,1.314,659.628,1,True,False
3009,300.4,0.38,43.04685056012092,1.547,587.86,0,False,False
3010,300.4,0.39799999999999996,44.06239030330775,1.466,583.468,1,True,False
3011,300.3,0.371,63.276945730983,1.537,570.2270000000001,1,False,False
3012,300.2,0.515,66.86524132141622,1.434,738.51,0,True,False
3013,300.4,0.447,71.97089568329328,1.432,640.104,0,True,False
3014,300.5,0.484,44.05251802360738,1.39,672.76,0,True,False
3015,300.5,0.428,82.95035433822173,1.58,676.24,0,False,False
3016,300.5,0.305,66.93696281446189,1.589,484.645,0,True,False
3017,300.5,0.488,77.35234594352775,1.441,703.2080000000001,0,False,False
3018,300.5,0.517,62.00328576420859,1.305,674.685,0,False,False
3019,300.5,0.359,55.713842379494125,1.566,562.194,0,True,False
3020,300.5,0.542,83.8591453297498,1.379,747.418,0,False,True
3021,300.4,0.381,64.1060685409918,1.543,587.883,0,True,False
3022,300.5,0.496,78.34367913995894,1.421,704.816,0,False,False
3023,300.5,0.306,82.66461981831449,1.76,538.56,0,False,False
3024,300.4,0.292,68.76773135043297,1.711,499.61199999999997,0,True,False
3025,300.5,0.41600000000000004,62.44693392593375,1.465,609.44,0,True,False
3026,300.5,0.502,35.17554254553253,1.366,685.732,0,True,False
3027,300.4,0.21899999999999997,37.0009820369503,1.888,413.472,0,False,True
3028,300.5,0.23600000000000002,45.04256080255582,1.777,419.37200000000007,0,False,False
3029,300.5,0.556,44.300421592799765,1.379,766.724,0,False,False
3030,300.4,0.513,47.737939759992265,1.525,782.325,0,False,False
3031,300.4,0.34,50.24673188488304,1.563,531.42,0,True,False
3032,300.5,0.433,53.00327467753641,1.389,601.437,0,False,False
3033,300.6,0.429,56.026884503443824,1.447,620.7629999999999,0,False,True
3034,300.6,0.228,39.94331692280073,1.934,440.95200000000006,0,True,False
3035,300.6,0.43799999999999994,37.1180965976391,1.47,643.8599999999999,0,True,False
3036,300.6,0.426,68.69722245365116,1.428,608.328,0,True,False
3037,300.4,0.48100000000000004,61.866741242153886,1.319,634.439,0,False,False
3038,300.5,0.243,57.20721011100598,1.887,458.541,0,False,True
3039,300.4,0.504,66.72199705841761,1.349,679.896,0,True,False
3040,300.3,0.314,76.38397036017702,1.665,522.81,1,False,False
3041,300.3,0.387,56.38464545581023,1.474,570.438,1,True,False
3042,300.4,0.389,67.05597325259896,1.543,600.227,0,False,True
3043,300.2,0.439,82.67861119175794,1.459,640.501,0,True,False
3044,300.3,0.379,76.98122479307804,1.551,587.829,0,False,False
3045,300.2,0.214,56.30004052512047,1.981,423.93399999999997,0,False,False
3046,300.2,0.353,67.23584189073715,1.526,538.678,0,False,False
3047,300.2,0.4,43.853546095796986,1.501,600.4,0,False,False
3048,300.2,0.38299999999999995,63.026109244754494,1.558,596.7139999999999,0,True,False
3049,300.2,0.43200000000000005,84.06641455692214,1.532,661.8240000000001,0,True,False
3050,300.1,0.5589999999999999,60.91575576012612,1.326,741.2339999999999,1,True,False
3051,300.2,0.513,81.38191495950736,1.431,734.1030000000001,0,True,False
3052,300.2,0.493,55.36674602516304,1.366,673.438,0,False,False
3053,300.1,0.425,84.94224135923156,1.421,603.925,0,True,False
3054,300.2,0.35600000000000004,63.96100176137789,1.506,536.136,0,True,False
3055,300.2,0.48700000000000004,37.113449711796726,1.342,653.554,0,False,False
3056,300.1,0.376,64.3377398345694,1.427,536.552,0,False,True
3057,300.2,0.299,48.72863478397983,1.667,498.43299999999994,1,False,False
3058,300.1,0.467,36.62406610179474,1.4,653.8000000000001,0,True,False
3059,300.0,0.321,76.04266523473316,1.709,548.589,0,True,False
3060,300.0,0.45799999999999996,48.7864818490378,1.368,626.544,0,False,True
3061,300.0,0.23800000000000002,74.82742770232493,1.882,447.916,0,True,False
3062,300.1,0.5870000000000001,49.41087914779335,1.353,794.211,0,True,False
3063,299.9,0.4,44.716317693688715,1.553,621.2,0,False,False
3064,300.0,0.45399999999999996,83.69677870522136,1.431,649.674,0,False,False
3065,300.1,0.304,53.08226638775098,1.731,526.2239999999999,0,False,False
3066,300.1,0.27699999999999997,65.06881057215801,1.687,467.29900000000004,0,True,False
3067,300.1,0.44299999999999995,65.49907464072358,1.457,645.451,0,True,False
3068,300.1,0.37,63.02367410867509,1.533,567.21,0,False,True
3069,300.0,0.318,80.73478717606073,1.622,515.7959999999999,1,True,False
3070,300.0,0.282,68.72205356834343,1.791,505.06199999999995,0,False,False
3071,300.0,0.28300000000000003,55.18665020524651,1.631,461.57300000000004,0,False,False
3072,300.0,0.16899999999999998,78.11901922621371,2.174,367.406,0,False,False
3073,300.1,0.5820000000000001,44.05314495579822,1.314,764.748,0,True,False
3074,300.1,0.469,62.211837880520875,1.478,693.182,0,True,False
3075,300.1,0.273,82.52751859718782,1.783,486.759,0,False,False
3076,300.1,0.461,66.26988149402064,1.385,638.485,0,False,True
3077,300.0,0.436,75.8484225237438,1.444,629.5840000000001,0,False,True
3078,300.1,0.23,67.67803627725965,1.841,423.43,0,True,False
3079,300.1,0.562,76.96854317689451,1.349,758.138,0,True,False
3080,300.1,0.56,82.22439399226218,1.34,750.4,0,False,True
3081,299.9,0.43200000000000005,48.64608637663684,1.539,664.8480000000001,0,False,False
3082,300.0,0.218,43.48305406283595,1.932,421.176,0,False,True
3083,300.0,0.439,59.199537516627,1.407,617.673,1,True,False
3084,300.1,0.285,70.09312134121079,1.712,487.92,0,False,False
3085,300.1,0.552,46.35956265911081,1.329,733.6080000000001,0,False,False
3086,300.1,0.429,35.205072521508356,1.441,618.189,0,False,False
3087,300.0,0.321,52.14675579183527,1.61,516.81,0,False,False
3088,300.0,0.452,83.44296677338943,1.474,666.248,0,True,False
3089,300.0,0.308,69.74837303029233,1.624,500.19200000000006,0,False,False
3090,300.1,0.382,55.066272197061195,1.52,580.6400000000001,0,True,False
3091,300.1,0.45799999999999996,44.62880486734202,1.448,663.184,0,False,False
3092,300.0,0.297,52.804483687737346,1.558,462.726,0,False,True
3093,300.0,0.163,43.491971665062394,2.293,373.759,0,True,False
3094,300.0,0.512,40.31529106564757,1.397,715.2640000000001,1,False,True
3095,300.0,0.22,80.33711862862769,1.972,433.84,0,True,False
3096,299.9,0.365,84.88251691877367,1.574,574.51,0,False,False
3097,299.9,0.389,43.205721979789516,1.56,606.84,0,False,True
3098,299.9,0.498,37.72612794391399,1.353,673.794,0,True,False
3099,299.9,0.512,51.48655535731062,1.389,711.168,0,True,False
3100,299.9,0.43799999999999994,58.08295903807077,1.513,662.694,0,False,False
3101,299.8,0.42100000000000004,45.24106235379273,1.578,664.3380000000001,0,True,False
3102,299.8,0.373,50.071245589927926,1.467,547.191,0,False,False
3103,299.9,0.483,45.043536784582884,1.412,681.9959999999999,0,False,True
3104,299.8,0.303,73.71302842162257,1.668,505.404,0,False,False
3105,299.8,0.298,70.62889716236305,1.678,500.04400000000004,0,True,False
3106,299.8,0.354,66.74757578804909,1.612,570.6479999999999,0,False,False
3107,299.8,0.39899999999999997,54.36089285396024,1.485,592.515,0,False,False
3108,299.8,0.39399999999999996,80.4520470657118,1.456,573.664,0,True,False
3109,299.8,0.387,83.476627076751,1.504,582.048,0,False,False
3110,299.9,0.44299999999999995,43.6819656312706,1.491,660.513,0,False,False
3111,299.9,0.332,46.1506320705939,1.525,506.30000000000007,0,False,False
3112,300.0,0.27899999999999997,61.281551400018486,1.759,490.76099999999997,0,True,False
3113,299.8,0.5670000000000001,39.56252846411226,1.355,768.285,1,False,False
3114,299.9,0.568,56.822419941155644,1.345,763.96,1,True,False
3115,299.9,0.305,64.0895632388855,1.683,513.315,1,True,False
3116,299.9,0.348,61.103678556866655,1.658,576.9839999999999,0,False,True
3117,300.0,0.344,51.5454291539013,1.566,538.704,0,False,False
3118,300.1,0.439,62.12229030386034,1.469,644.891,0,True,False
3119,300.2,0.469,82.94004771294239,1.458,683.802,0,True,False
3120,300.1,0.23600000000000002,45.3008702145688,1.858,438.48800000000006,0,True,False
3121,300.1,0.408,67.74156791970017,1.563,637.704,0,True,False
3122,300.1,0.179,37.16983470780259,2.141,383.2389999999999,0,True,False
3123,300.0,0.46,38.320820224071745,1.473,677.58,0,True,False
3124,300.0,0.385,62.59141121117925,1.498,576.73,0,False,False
3125,300.1,0.397,40.246959016397476,1.568,622.4960000000001,0,False,False
3126,300.1,0.27399999999999997,36.11733942134287,1.694,464.156,0,False,False
3127,300.0,0.35700000000000004,43.57564988240111,1.499,535.143,0,False,False
3128,300.0,0.28300000000000003,63.24245854997872,1.717,485.911,0,True,False
3129,300.1,0.428,70.16704772594662,1.462,625.736,0,False,True
3130,300.1,0.345,45.123928207069,1.642,566.49,1,False,True
3131,300.1,0.254,68.41297186040873,1.76,447.04,0,False,True
3132,300.1,0.327,44.123816554961465,1.66,542.82,0,False,True
3133,300.1,0.406,65.67287133156286,1.557,632.142,0,False,True
3134,300.2,0.49200000000000005,55.59798399478994,1.442,709.464,0,False,False
3135,300.2,0.515,67.68997546668083,1.359,699.885,1,True,False
3136,300.4,0.525,84.75263762396236,1.342,704.55,0,False,False
3137,300.4,0.5479999999999999,81.8908482616281,1.435,786.38,0,False,False
3138,300.4,0.365,35.21408789180518,1.567,571.955,0,False,False
3139,300.4,0.435,79.27193821811528,1.376,598.56,0,False,False
3140,300.4,0.387,38.324539758738325,1.513,585.5310000000001,1,True,False
3141,300.4,0.128,82.65232930799225,2.563,328.064,0,True,False
3142,300.5,0.451,49.091283954984235,1.521,685.971,0,False,True
3143,300.6,0.34700000000000003,54.10174152056355,1.658,575.326,0,False,False
3144,300.6,0.424,39.581910258786394,1.419,601.656,1,False,False
3145,300.6,0.363,40.613637916445484,1.478,536.5139999999999,1,True,False
3146,300.5,0.435,71.33702826146597,1.415,615.525,0,True,False
3147,300.5,0.265,82.21661178741458,1.78,471.7,0,False,True
3148,300.4,0.428,65.53742474771548,1.44,616.3199999999999,0,False,False
3149,300.4,0.397,70.79250077634055,1.448,574.8560000000001,1,False,True
3150,300.4,0.35200000000000004,73.09848722985768,1.5,528.0000000000001,0,False,False
3151,300.4,0.32899999999999996,48.14071372764708,1.513,497.777,0,False,False
3152,300.5,0.43799999999999994,37.26148154601075,1.428,625.4639999999999,0,True,False
3153,300.5,0.423,35.09363719595843,1.473,623.079,0,False,False
3154,300.5,0.493,52.532464147700935,1.483,731.1189999999999,0,False,False
3155,300.4,0.425,47.073211409960805,1.534,651.95,0,False,False
3156,300.5,0.54,38.11588625245928,1.367,738.18,1,False,False
3157,300.4,0.369,43.976414624683336,1.467,541.323,0,False,True
3158,300.4,0.42200000000000004,41.224944913397394,1.488,627.936,0,True,False
3159,300.4,0.301,80.74391903086851,1.679,505.379,0,False,True
3160,300.4,0.475,42.01336067295845,1.409,669.275,0,True,False
3161,300.4,0.512,61.88242319938396,1.367,699.9040000000001,1,False,False
3162,300.4,0.631,64.65529775560823,1.314,829.1340000000001,0,True,False
3163,300.5,0.4,62.17447288543169,1.48,592.0,0,True,False
3164,300.4,0.389,39.9528217107994,1.549,602.561,0,False,False
3165,300.4,0.313,50.93991808752756,1.685,527.405,0,True,False
3166,300.4,0.345,37.56351662315766,1.536,529.92,1,False,False
3167,300.4,0.377,54.783495704815806,1.539,580.203,0,False,True
3168,300.4,0.451,44.4299465635796,1.384,624.184,1,True,False
3169,300.4,0.303,63.08162666421899,1.614,489.04200000000003,0,False,True
3170,300.4,0.355,69.64041969245503,1.675,594.625,0,False,False
3171,300.4,0.32299999999999995,61.60599301023532,1.685,544.2549999999999,0,False,False
3172,300.4,0.569,56.711834830569785,1.386,788.6339999999999,0,True,False
3173,300.3,0.413,54.366671042834625,1.488,614.544,0,True,False
3174,300.3,0.326,77.0845884048502,1.624,529.424,0,True,False
3175,300.3,0.34600000000000003,45.9684032532635,1.6,553.6,0,True,False
3176,300.3,0.447,71.71091697644344,1.468,656.196,0,True,False
3177,300.3,0.45399999999999996,72.87411623700595,1.435,651.49,0,False,False
3178,300.2,0.33399999999999996,55.96000036353672,1.564,522.376,0,False,True
3179,300.2,0.536,49.86502996128197,1.329,712.344,0,False,True
3180,300.1,0.368,58.52707430229876,1.57,577.7599999999999,0,False,False
3181,300.2,0.488,39.660696294634924,1.433,699.304,0,True,False
3182,300.2,0.37,37.2965016114545,1.527,564.99,0,True,False
3183,300.1,0.503,40.580159972594586,1.443,725.829,0,True,False
3184,300.1,0.32,44.357251573111306,1.616,517.12,0,True,False
3185,300.1,0.31,60.20884101690215,1.654,512.74,0,False,False
3186,300.1,0.271,77.45683180805611,1.685,456.635,0,False,False
3187,300.2,0.488,46.78211659998435,1.456,710.528,0,True,False
3188,300.2,0.278,81.7581005373389,1.752,487.056,0,True,False
3189,300.1,0.51,82.74539544675017,1.438,733.38,0,False,True
3190,300.1,0.337,82.94523024226027,1.551,522.687,0,False,True
3191,300.1,0.301,76.87813673381619,1.599,481.29900000000004,0,True,False
3192,300.1,0.337,53.19125203988603,1.732,583.684,0,False,True
3193,300.1,0.39799999999999996,38.63419555013115,1.418,564.3639999999999,0,False,True
3194,300.0,0.445,63.440936588324746,1.401,623.445,0,True,False
3195,300.0,0.517,62.93407219686169,1.454,751.7180000000001,0,True,False
3196,300.0,0.324,77.49878835547977,1.635,529.74,0,False,False
3197,300.0,0.40299999999999997,84.79955254730527,1.489,600.067,0,False,True
3198,300.0,0.406,60.407865328007375,1.465,594.79,0,False,True
3199,300.0,0.457,52.26020155198921,1.463,668.591,0,True,False
3200,300.1,0.354,44.29508557781335,1.56,552.24,0,True,False
3201,300.1,0.444,35.239991240868534,1.454,645.576,0,False,False
3202,300.2,0.47,60.45568462444396,1.479,695.13,0,False,False
3203,300.2,0.434,62.77593333512979,1.43,620.62,1,True,False
3204,300.1,0.38,76.24692399086987,1.533,582.54,0,False,True
3205,300.1,0.5479999999999999,60.228848394640025,1.404,769.3919999999999,0,False,False
3206,300.1,0.384,80.82341743330284,1.548,594.432,0,False,True
3207,300.1,0.33,66.40417382857177,1.612,531.96,0,False,True
3208,300.2,0.312,77.01681191105416,1.642,512.304,1,False,False
3209,300.2,0.42200000000000004,42.41508674038735,1.406,593.332,0,False,False
3210,300.3,0.314,77.76680651511573,1.587,498.318,0,False,False
3211,300.3,0.47600000000000003,68.75719272219243,1.364,649.264,0,True,False
3212,300.3,0.514,43.51165162191653,1.462,751.4680000000001,0,False,False
3213,300.3,0.324,44.48817790730054,1.649,534.276,0,True,False
3214,300.4,0.29,81.32503095221107,1.752,508.08,0,False,False
3215,300.4,0.512,36.61076802251864,1.396,714.752,0,True,False
3216,300.5,0.163,58.1267471647853,2.179,355.177,0,True,False
3217,300.5,0.276,50.673764496705076,1.653,456.228,0,True,False
3218,300.6,0.214,68.2538719999214,2.025,433.35,0,True,False
3219,300.6,0.536,76.98146937844959,1.426,764.336,0,False,False
3220,300.6,0.384,53.018906077828476,1.503,577.1519999999999,0,False,False
3221,300.7,0.365,56.34510436614186,1.525,556.625,0,False,False
3222,300.6,0.491,84.0958892250707,1.423,698.693,0,True,False
3223,300.7,0.447,74.19582548396014,1.435,641.445,0,True,False
3224,300.6,0.365,79.86020654658958,1.495,545.675,0,True,False
3225,300.6,0.33799999999999997,56.93811103258149,1.557,526.266,0,True,False
3226,300.6,0.40700000000000003,46.70381019920576,1.474,599.918,1,False,True
3227,300.5,0.46,55.593173269322584,1.465,673.9,0,True,False
3228,300.5,0.349,70.80459589157567,1.589,554.561,0,True,False
3229,300.5,0.46799999999999997,40.47152024179897,1.475,690.3,0,True,False
3230,300.6,0.43200000000000005,48.523455280825445,1.442,622.944,0,True,False
3231,300.6,0.36,37.33179502307952,1.556,560.16,0,False,False
3232,300.7,0.45299999999999996,56.61738691690658,1.425,645.525,0,False,False
3233,300.7,0.38299999999999995,76.37228679898067,1.58,605.1399999999999,0,True,False
3234,300.8,0.40700000000000003,36.23318441490054,1.474,599.918,0,True,False
3235,300.8,0.384,68.7661763403583,1.489,571.776,0,True,False
3236,300.8,0.205,81.62479372568697,1.946,398.93,0,True,False
3237,300.8,0.624,46.846393075559114,1.342,837.408,0,True,False
3238,300.9,0.268,69.68174203638242,1.758,471.144,0,False,True
3239,300.9,0.256,83.75509505501002,1.724,441.344,0,False,False
3240,301.0,0.485,83.11390300762315,1.43,693.55,0,False,False
3241,300.9,0.35200000000000004,46.746459651457165,1.612,567.424,0,False,False
3242,300.9,0.434,40.01655266060344,1.469,637.5459999999999,0,False,False
3243,300.9,0.424,42.4141268947958,1.384,586.816,0,False,False
3244,301.0,0.281,70.10178342410711,1.724,484.444,1,False,False
3245,301.0,0.48,71.28794377266378,1.397,670.56,0,False,False
3246,301.0,0.327,68.71182808140995,1.588,519.2760000000001,1,True,False
3247,301.0,0.42,51.803919387111904,1.468,616.56,0,False,False
3248,301.0,0.311,43.48884698790611,1.594,495.73400000000004,0,False,False
3249,301.0,0.39299999999999996,64.03805459761266,1.511,593.823,1,False,True
3250,301.1,0.389,59.18402228789333,1.493,580.7769999999999,0,False,False
3251,301.2,0.27,71.44170735611517,1.709,461.43,1,False,False
3252,301.1,0.361,57.06800393428107,1.501,541.861,0,True,False
3253,301.1,0.308,51.93198473432342,1.668,513.744,1,False,False
3254,301.1,0.489,49.67392886795072,1.502,734.4780000000001,0,True,False
3255,301.0,0.584,45.573516002487324,1.288,752.192,0,True,False
3256,301.0,0.429,48.28731880933307,1.491,639.639,1,True,False
3257,301.1,0.396,39.74152194220507,1.519,601.524,0,False,False
3258,301.2,0.19699999999999998,52.34285054644448,1.984,390.84799999999996,0,True,False
3259,301.2,0.32899999999999996,36.82849061814791,1.643,540.547,0,True,False
3260,301.2,0.316,44.320692358316336,1.625,513.5,0,False,True
3261,301.3,0.17800000000000002,72.33852223097145,2.068,368.10400000000004,1,True,False
3262,301.3,0.397,51.27344943383113,1.469,583.193,0,False,False
3263,301.3,0.363,68.41185084886719,1.558,565.554,0,False,False
3264,301.3,0.5479999999999999,70.84420877986386,1.344,736.512,0,True,False
3265,301.3,0.441,64.05926713660568,1.455,641.655,0,False,True
3266,301.3,0.536,82.93488706826992,1.355,726.28,0,True,False
3267,301.3,0.568,36.07199333115566,1.269,720.7919999999999,0,False,False
3268,301.3,0.415,71.9326325294071,1.55,643.25,0,False,False
3269,301.3,0.37799999999999995,82.9393321970204,1.525,576.4499999999999,0,False,False
3270,301.3,0.324,78.11358646764697,1.696,549.5039999999999,1,False,False
3271,301.4,0.218,43.39463459025067,1.937,422.26599999999996,0,True,False
3272,301.4,0.321,51.341015312586606,1.689,542.169,0,True,False
3273,301.3,0.308,43.62259199382327,1.593,490.644,0,False,False
3274,301.3,0.36,65.0654181907352,1.565,563.4,0,False,False
3275,301.3,0.314,70.60939909897462,1.665,522.81,0,False,True
3276,301.3,0.363,50.85368846815291,1.532,556.116,0,False,True
3277,301.3,0.409,61.97532869921477,1.438,588.1419999999999,0,False,True
3278,301.3,0.41600000000000004,69.54602850355975,1.531,636.896,0,False,False
3279,301.3,0.408,56.06699083055241,1.506,614.448,0,True,False
3280,301.2,0.524,77.70077652277297,1.382,724.168,0,False,True
3281,301.2,0.508,73.57749676439086,1.456,739.648,0,False,False
3282,301.2,0.456,38.23327719252853,1.445,658.92,0,True,False
3283,301.2,0.409,66.05626495454145,1.515,619.635,1,False,True
3284,301.2,0.455,46.76627754798748,1.449,659.295,0,False,True
3285,301.2,0.507,62.87591323336376,1.362,690.5340000000001,1,False,False
3286,301.2,0.297,82.84442213164832,1.687,501.039,0,True,False
3287,301.2,0.376,78.95310022761251,1.618,608.368,0,True,False
3288,301.2,0.326,55.22582015575659,1.558,507.908,0,False,True
3289,301.3,0.31,49.575692917217665,1.662,515.22,1,False,True
3290,301.2,0.5660000000000001,46.72028722041295,1.295,732.97,0,True,False
3291,301.2,0.423,61.625743487826,1.385,585.8549999999999,1,True,False
3292,301.2,0.455,40.71242266290282,1.479,672.945,0,False,True
3293,301.3,0.44299999999999995,62.46375040641243,1.4,620.1999999999999,0,True,False
3294,301.2,0.545,35.0666819745396,1.357,739.565,0,False,False
3295,301.1,0.341,51.19248153729224,1.657,565.037,1,False,True
3296,301.1,0.434,45.99671569152906,1.496,649.264,0,True,False
3297,301.2,0.43200000000000005,83.5609394980391,1.379,595.7280000000001,0,False,False
3298,301.2,0.386,71.36211597849895,1.548,597.528,0,True,False
3299,301.2,0.381,52.48266902311188,1.499,571.119,0,True,False
3300,301.3,0.45799999999999996,39.642254326531024,1.39,636.6199999999999,0,False,True
3301,301.3,0.384,60.8400297345312,1.538,590.592,0,False,False
3302,301.3,0.47700000000000004,45.67239406630212,1.365,651.105,0,False,True
3303,301.3,0.486,61.82147729491789,1.503,730.4580000000001,0,False,False
3304,301.2,0.499,76.76811770894463,1.39,693.61,1,True,False
3305,301.2,0.457,65.78962760506927,1.497,684.1290000000001,0,True,False
3306,301.3,0.483,66.68942097725011,1.577,761.6909999999999,0,True,False
3307,301.4,0.5429999999999999,62.05151445314057,1.432,777.5759999999999,1,True,False
3308,301.4,0.39899999999999997,81.36328163157046,1.563,623.637,0,True,False
3309,301.4,0.434,81.59513422103016,1.433,621.922,0,True,False
3310,301.3,0.501,60.636160053677614,1.384,693.3840000000001,0,False,False
3311,301.3,0.467,50.28797435717522,1.346,628.582,0,False,False
3312,301.3,0.447,57.979350293972196,1.459,652.173,0,False,False
3313,301.4,0.289,44.32789560978078,1.639,473.671,0,False,False
3314,301.4,0.319,66.81721576590446,1.737,554.103,0,True,False
3315,301.4,0.435,60.004616789111665,1.489,647.715,0,True,False
3316,301.5,0.43,40.165023890663996,1.492,641.56,1,False,False
3317,301.4,0.606,44.88238905598077,1.217,737.502,0,False,False
3318,301.5,0.287,58.981597809976336,1.636,469.532,0,True,False
3319,301.4,0.49700000000000005,79.37944953594291,1.436,713.692,0,False,True
3320,301.4,0.306,63.319536031554875,1.689,516.8340000000001,0,False,True
3321,301.5,0.16399999999999998,69.07675001042354,2.289,375.39599999999996,0,False,False
3322,301.5,0.41,51.95142748719549,1.522,624.02,0,True,False
3323,301.5,0.529,63.57056965221172,1.351,714.679,0,False,True
3324,301.5,0.36700000000000005,57.36899113190337,1.589,583.163,0,False,False
3325,301.5,0.341,67.95649563115803,1.578,538.0980000000001,0,False,True
3326,301.5,0.337,37.52877830395052,1.587,534.819,0,False,True
3327,301.5,0.20199999999999999,59.66501081194796,1.962,396.324,0,False,True
3328,301.5,0.142,49.79963125719835,2.432,345.344,0,False,False
3329,301.6,0.439,51.30925306389546,1.418,622.502,0,True,False
3330,301.6,0.297,83.04587157790307,1.683,499.851,0,False,False
3331,301.7,0.507,44.13474063556914,1.385,702.195,0,False,False
3332,301.7,0.445,50.562262628929844,1.559,693.755,0,False,False
3333,301.7,0.316,60.494628786543586,1.671,528.0360000000001,0,True,False
3334,301.6,0.495,78.15134740748118,1.343,664.785,0,True,False
3335,301.6,0.342,55.833504160318526,1.548,529.416,1,False,True
3336,301.7,0.312,72.19326404440855,1.705,531.96,1,False,False
3337,301.6,0.354,77.81870491074011,1.535,543.39,0,False,True
3338,301.6,0.341,50.500817791092445,1.564,533.3240000000001,0,False,True
3339,301.6,0.409,54.637509176935495,1.51,617.59,0,False,False
3340,301.6,0.452,52.82781118441781,1.492,674.3840000000001,0,False,False
3341,301.5,0.441,76.64279043089606,1.452,640.332,0,False,True
3342,301.4,0.52,37.21734309768006,1.329,691.08,0,False,False
3343,301.5,0.524,50.421054441434,1.382,724.168,1,False,False
3344,301.5,0.364,68.9704278797565,1.628,592.592,0,True,False
3345,301.4,0.27899999999999997,63.27217497826713,1.706,475.97399999999993,0,False,False
3346,301.3,0.341,56.81446796468471,1.594,543.554,0,False,False
3347,301.3,0.243,61.99741136106922,1.761,427.923,0,True,False
3348,301.3,0.418,44.87922929141591,1.529,639.122,0,True,False
3349,301.3,0.40700000000000003,56.53583108040052,1.532,623.524,0,True,False
3350,301.4,0.278,60.085149208817455,1.673,465.094,0,True,False
3351,301.4,0.626,80.05945609773008,1.285,804.41,0,True,False
3352,301.4,0.314,48.041758140198816,1.68,527.52,0,False,False
3353,301.4,0.34600000000000003,78.39142510824664,1.61,557.06,0,False,True
3354,301.6,0.316,67.21207004129909,1.632,515.712,0,False,False
3355,301.6,0.402,36.01704155338005,1.559,626.7180000000001,0,True,False
3356,301.5,0.49,71.23156684496968,1.367,669.83,1,True,False
3357,301.6,0.578,36.77759387745275,1.355,783.19,0,False,False
3358,301.6,0.517,84.86905634069066,1.414,731.038,0,True,False
3359,301.5,0.366,78.6318343845599,1.522,557.052,0,False,True
3360,301.5,0.419,49.86718737700228,1.525,638.975,1,False,False
3361,301.5,0.465,47.87056150983527,1.394,648.21,0,False,True
3362,301.5,0.40700000000000003,54.07205410528044,1.519,618.2330000000001,0,True,False
3363,301.4,0.439,52.80834826572215,1.445,634.355,0,False,False
3364,301.4,0.433,53.61689091926905,1.555,673.315,1,True,False
3365,301.4,0.395,50.913827305974024,1.633,645.035,0,False,True
3366,301.4,0.303,66.05667034241657,1.63,493.89,0,False,False
3367,301.4,0.32299999999999995,43.2131831860312,1.692,546.516,0,True,False
3368,301.5,0.262,77.29906462230065,1.79,468.98,0,True,False
3369,301.5,0.585,75.62012420156577,1.35,789.75,0,True,False
3370,301.5,0.08,58.82416039276352,2.76,220.8,0,False,False
3371,301.4,0.322,77.63649826392738,1.584,510.048,0,True,False
3372,301.4,0.218,47.35725350151466,1.989,433.60200000000003,1,False,False
3373,301.4,0.44299999999999995,35.87827278519835,1.431,633.933,0,True,False
3374,301.4,0.35200000000000004,65.96039625149115,1.568,551.936,0,False,False
3375,301.4,0.506,57.89547034823577,1.376,696.2560000000001,0,False,True
3376,301.4,0.469,63.35822731479353,1.459,684.271,0,False,True
3377,301.5,0.475,79.96697045092014,1.385,657.875,0,False,True
3378,301.5,0.29600000000000004,83.49627867829717,1.591,470.93600000000004,0,True,False
3379,301.5,0.331,66.72265698778016,1.568,519.008,0,True,False
3380,301.4,0.377,73.20277949262191,1.459,550.043,0,False,False
3381,301.4,0.363,39.19042167435821,1.59,577.17,0,True,False
3382,301.3,0.47600000000000003,43.03577924457528,1.376,654.976,0,False,False
3383,301.3,0.385,71.66024024764883,1.51,581.35,1,True,False
3384,301.4,0.336,56.56827281940009,1.674,562.464,1,True,False
3385,301.3,0.40700000000000003,57.29826352022029,1.426,580.3820000000001,1,True,False
3386,301.5,0.436,50.430384081771834,1.466,639.1759999999999,0,False,True
3387,301.5,0.387,65.36781917388718,1.474,570.438,0,True,False
3388,301.6,0.653,44.25825227081013,1.29,842.37,1,False,False
3389,301.7,0.48,66.34581396569479,1.435,688.8,0,True,False
3390,301.5,0.532,43.68994285676199,1.416,753.312,0,False,False
3391,301.5,0.40399999999999997,38.19130173548568,1.599,645.996,0,True,False
3392,301.5,0.473,51.51788443495305,1.466,693.418,0,False,True
3393,301.5,0.473,46.55701710049239,1.408,665.9839999999999,0,False,True
3394,301.5,0.48100000000000004,79.44958192781661,1.49,716.69,0,True,False
3395,301.5,0.423,37.747672693431326,1.405,594.3149999999999,0,False,True
3396,301.4,0.33299999999999996,43.830684628706145,1.647,548.451,0,False,True
3397,301.4,0.35,62.435980279152474,1.459,510.65,0,False,True
3398,301.4,0.307,59.053359542373684,1.648,505.936,0,False,True
3399,301.4,0.307,37.292600918735076,1.675,514.225,0,True,False
3400,301.4,0.342,35.36262140075722,1.605,548.9100000000001,0,False,False
3401,301.4,0.444,84.4033970980575,1.536,681.9839999999999,0,True,False
3402,301.4,0.34299999999999997,67.94173501794191,1.617,554.631,0,True,False
3403,301.4,0.5329999999999999,53.270306545077844,1.347,717.9509999999999,0,False,True
3404,301.3,0.527,58.521612383162065,1.337,704.599,0,True,False
3405,301.3,0.309,48.327506022714346,1.695,523.755,0,False,False
3406,301.3,0.325,52.24368918466049,1.635,531.375,0,False,True
3407,301.2,0.44,67.4522233634107,1.47,646.8,0,False,True
3408,301.2,0.498,79.14058994336854,1.381,687.738,0,False,True
3409,301.2,0.41600000000000004,44.20650115405924,1.382,574.912,0,True,False
3410,301.2,0.3,77.01807526926594,1.697,509.1,0,True,False
3411,301.2,0.397,41.077831475913456,1.451,576.047,0,False,False
3412,301.3,0.557,45.74961117941956,1.419,790.383,0,True,False
3413,301.3,0.556,36.8587644024823,1.313,730.028,1,True,False
3414,301.3,0.363,42.04059310464997,1.56,566.28,1,True,False
3415,301.3,0.41200000000000003,80.86515727320253,1.555,640.6600000000001,0,False,True
3416,301.4,0.369,57.971937330918934,1.579,582.651,0,False,False
3417,301.5,0.446,38.883293088917675,1.435,640.01,1,True,False
3418,301.6,0.337,82.98634190194807,1.621,546.277,1,False,False
3419,301.6,0.40399999999999997,78.94961538793251,1.555,628.22,0,True,False
3420,301.5,0.33799999999999997,72.73412604340706,1.611,544.5179999999999,0,True,False
3421,301.6,0.235,81.6736395973779,1.834,430.99,0,False,True
3422,301.5,0.298,46.00647104178821,1.612,480.376,0,False,False
3423,301.5,0.341,76.81846465050432,1.629,555.489,0,False,True
3424,301.4,0.35200000000000004,69.49955981771531,1.496,526.5920000000001,0,True,False
3425,301.5,0.32899999999999996,78.48796247838442,1.593,524.097,0,False,True
3426,301.5,0.335,74.84557828713149,1.623,543.705,1,False,False
3427,301.5,0.48700000000000004,52.32475315884125,1.38,672.06,0,False,False
3428,301.6,0.344,73.71992685086278,1.562,537.328,0,False,False
3429,301.6,0.494,48.122815149244516,1.391,687.154,0,False,True
3430,301.5,0.34299999999999997,51.429608151402746,1.551,531.9929999999999,0,False,False
3431,301.6,0.262,40.39528586114881,1.821,477.102,1,False,False
3432,301.6,0.436,81.75383079902343,1.429,623.044,0,False,True
3433,301.6,0.207,49.550168170014075,2.012,416.48400000000004,0,False,True
3434,301.6,0.23600000000000002,61.03112325857259,1.924,454.064,0,False,False
3435,301.5,0.441,54.56664182330964,1.412,622.692,0,False,False
3436,301.5,0.5489999999999999,82.99640602917508,1.389,762.5609999999999,0,True,False
3437,301.5,0.48100000000000004,51.75245854692412,1.466,705.1460000000001,0,True,False
3438,301.5,0.158,73.92729107113445,2.297,362.926,0,False,False
3439,301.4,0.375,77.770807731559,1.471,551.625,0,False,True
3440,301.4,0.414,56.7803248740483,1.492,617.688,0,False,True
3441,301.3,0.415,53.908590722646565,1.46,605.9,1,True,False
3442,301.4,0.39399999999999996,72.38729104663139,1.559,614.246,0,False,False
3443,301.4,0.525,80.6447990153117,1.495,784.875,1,True,False
3444,301.5,0.39,72.74658665361191,1.535,598.65,0,False,True
3445,301.5,0.507,46.35631827959328,1.381,700.1669999999999,1,False,True
3446,301.6,0.361,79.41538737188526,1.599,577.239,0,False,False
3447,301.6,0.495,54.37908337184166,1.4,693.0,0,False,True
3448,301.7,0.345,63.81147058889671,1.624,560.28,0,False,False
3449,301.6,0.366,76.57178096463555,1.478,540.948,0,False,False
3450,301.7,0.33299999999999996,44.41973837002461,1.605,534.4649999999999,0,True,False
3451,301.6,0.434,74.22550678387765,1.506,653.604,0,False,False
3452,301.6,0.439,64.80813989553387,1.455,638.745,1,False,False
3453,301.6,0.32299999999999995,79.66708209138041,1.602,517.446,0,False,False
3454,301.5,0.544,43.59852009217715,1.425,775.2,1,True,False
3455,301.5,0.218,56.03411185204642,1.918,418.124,0,False,True
3456,301.4,0.415,76.64215464334188,1.611,668.565,0,True,False
3457,301.4,0.386,35.96158517283801,1.61,621.46,0,False,False
3458,301.5,0.12,40.61006833828214,2.639,316.68,0,False,False
3459,301.5,0.466,84.52826063783674,1.329,619.314,0,False,False
3460,301.5,0.542,49.01970892951753,1.27,688.34,0,False,False
3461,301.5,0.41600000000000004,83.77715968619768,1.415,588.64,0,True,False
3462,301.6,0.495,44.126577550433694,1.33,658.35,0,True,False
3463,301.6,0.271,53.054722150366786,1.786,484.0060000000001,0,False,False
3464,301.6,0.255,72.64347222517853,1.809,461.295,0,False,False
3465,301.7,0.597,67.88892036190893,1.303,777.8910000000001,0,True,False
3466,301.8,0.457,64.05611999645278,1.383,632.0310000000001,0,False,False
3467,301.7,0.569,61.49495879025038,1.447,823.3430000000001,0,False,False
3468,301.8,0.442,77.172022183237,1.461,645.7620000000001,0,False,False
3469,301.8,0.18600000000000003,46.74742814166964,2.092,389.112,1,False,True
3470,301.8,0.479,57.12354634967592,1.429,684.4909999999999,0,True,False
3471,301.8,0.265,42.77261460782287,1.736,460.04,0,True,False
3472,301.8,0.493,64.79707978653522,1.441,710.413,0,False,True
3473,301.8,0.433,47.52722121356601,1.523,659.459,1,False,False
3474,301.8,0.33399999999999996,51.69210321716929,1.691,564.794,0,False,False
3475,301.9,0.353,58.562535831176405,1.557,549.621,0,False,True
3476,301.8,0.33399999999999996,36.33852928515639,1.644,549.096,1,False,True
3477,301.8,0.43799999999999994,39.59689679604188,1.522,666.636,0,False,True
3478,301.8,0.41700000000000004,69.29646103541097,1.547,645.099,0,False,False
3479,301.8,0.308,56.44849903587536,1.597,491.876,0,False,False
3480,301.8,0.31,78.23951109999477,1.619,501.89,0,False,False
3481,301.9,0.5820000000000001,69.73360018220998,1.4,814.8,0,True,False
3482,302.0,0.315,35.405047082366124,1.663,523.845,0,False,False
3483,301.9,0.376,65.83561653835675,1.54,579.04,0,True,False
3484,301.9,0.42700000000000005,39.68624330298582,1.455,621.2850000000001,1,False,True
3485,301.9,0.39,74.04665898952472,1.519,592.41,0,False,False
3486,301.9,0.47700000000000004,84.5753844139251,1.427,680.6790000000001,0,False,False
3487,301.9,0.298,61.559939712075575,1.65,491.7,0,True,False
3488,301.8,0.38799999999999996,69.13897500970651,1.508,585.1039999999999,0,True,False
3489,301.9,0.5479999999999999,46.86570804473757,1.379,755.692,0,True,False
3490,301.9,0.36700000000000005,56.879887187689675,1.542,565.914,0,False,False
3491,301.9,0.284,77.80476661181919,1.763,500.69199999999995,0,True,False
3492,301.9,0.34299999999999997,43.37114738731256,1.59,545.3699999999999,0,False,False
3493,301.9,0.636,48.2767802806881,1.336,849.696,1,False,True
3494,301.9,0.354,57.27168376430151,1.638,579.852,0,False,True
3495,301.9,0.457,70.61244459220069,1.356,619.692,1,False,False
3496,301.9,0.474,53.79419773978369,1.384,656.016,0,True,False
3497,301.9,0.48,81.38661398915019,1.309,628.32,0,False,True
3498,301.9,0.331,39.72285256343596,1.642,543.5020000000001,0,False,True
3499,301.9,0.5489999999999999,53.540209877242376,1.289,707.661,0,True,False
3500,301.9,0.43799999999999994,70.44770617142109,1.353,592.6139999999999,0,False,False
3501,301.9,0.26,46.29933828307462,1.871,486.46,0,True,False
3502,301.9,0.636,67.82065671148365,1.291,821.076,1,False,True
3503,301.8,0.446,43.210847911367296,1.346,600.316,0,False,True
3504,301.7,0.47600000000000003,37.79901424308432,1.493,710.668,0,True,False
3505,301.7,0.413,41.05078583743244,1.524,629.4119999999999,0,False,True
3506,301.6,0.267,81.49923915670674,1.726,460.842,0,False,False
3507,301.6,0.47200000000000003,62.587544146977564,1.435,677.32,1,False,True
3508,301.7,0.344,74.81728877398245,1.502,516.688,0,False,False
3509,301.7,0.33,51.632725045252556,1.608,530.64,0,False,True
3510,301.8,0.272,64.63293239427233,1.771,481.712,0,True,False
3511,301.7,0.426,59.74760668524958,1.474,627.924,0,True,False
3512,301.8,0.53,82.2868979701147,1.322,700.66,0,True,False
3513,301.8,0.495,72.37873180270552,1.393,689.535,0,False,True
3514,301.9,0.525,71.52713157482896,1.417,743.925,0,False,True
3515,301.9,0.498,37.31766347171398,1.43,712.14,0,False,True
3516,301.9,0.4,62.48348345018455,1.605,642.0,0,False,True
3517,302.0,0.478,58.34957269509074,1.402,670.156,0,True,False
3518,302.0,0.35200000000000004,81.39211333030973,1.55,545.6,0,True,False
3519,301.9,0.449,47.86709940947661,1.376,617.8240000000001,0,True,False
3520,301.9,0.325,48.49167266455471,1.569,509.925,1,True,False
3521,301.9,0.322,55.56731244407502,1.669,537.418,0,True,False
3522,301.9,0.389,47.1684856703188,1.541,599.449,1,False,False
3523,301.8,0.325,41.45919589043747,1.651,536.575,1,True,False
3524,301.8,0.39299999999999996,77.87074233254003,1.521,597.7529999999999,0,True,False
3525,301.8,0.48200000000000004,62.91382622019579,1.365,657.93,0,True,False
3526,301.8,0.317,78.06813594782834,1.609,510.05299999999994,0,True,False
3527,301.8,0.376,76.5567382701848,1.47,552.72,0,False,True
3528,301.9,0.389,49.10211773948355,1.573,611.8969999999999,0,False,True
3529,302.0,0.531,62.386872216213696,1.378,731.7180000000001,0,False,True
3530,301.9,0.39,39.160885137003525,1.567,611.13,0,False,False
3531,301.9,0.43700000000000006,80.76259420153792,1.441,629.7170000000001,0,True,False
3532,301.9,0.332,55.21313575325766,1.641,544.812,1,False,True
3533,301.9,0.40299999999999997,54.68380919445107,1.486,598.858,0,True,False
3534,302.0,0.36200000000000004,50.13776853089766,1.563,565.806,1,True,False
3535,302.0,0.26,58.033187235535195,1.769,459.94,0,True,False
3536,301.9,0.299,47.587969327272404,1.672,499.92799999999994,0,True,False
3537,302.0,0.342,53.74261363984023,1.632,558.144,0,True,False
3538,302.0,0.215,74.9973524292441,1.98,425.7,1,True,False
3539,302.0,0.36,76.71277517925859,1.635,588.6,0,False,False
3540,302.0,0.325,50.20912388142581,1.686,547.95,0,True,False
3541,301.9,0.314,58.450721527639395,1.574,494.236,1,True,False
3542,301.8,0.434,78.69098881400262,1.546,670.9639999999999,0,False,True
3543,301.8,0.247,37.633666591484854,1.899,469.05299999999994,0,True,False
3544,301.8,0.365,79.45724809978927,1.449,528.885,1,True,False
3545,301.9,0.37,45.959217282616585,1.483,548.71,1,False,True
3546,301.8,0.386,68.92696221071878,1.576,608.336,0,True,False
3547,301.9,0.519,64.12758481923001,1.317,683.523,0,True,False
3548,301.9,0.48100000000000004,62.647037409462605,1.467,705.627,1,False,False
3549,301.9,0.345,77.96801123764106,1.616,557.52,1,True,False
3550,301.8,0.604,40.078607182233064,1.299,784.5959999999999,0,False,False
3551,301.9,0.415,52.3514012662818,1.432,594.28,0,False,True
3552,301.9,0.242,61.91263731723828,1.799,435.35799999999995,0,True,False
3553,301.8,0.523,75.56444269730198,1.358,710.2339999999999,0,False,False
3554,301.8,0.37799999999999995,45.82215417058357,1.618,611.6039999999999,0,False,False
3555,301.9,0.43200000000000005,75.14649206871381,1.525,658.8,0,True,False
3556,301.8,0.377,54.98192412469679,1.551,584.7270000000001,0,False,False
3557,301.9,0.315,44.44569282168477,1.735,546.525,0,True,False
3558,301.8,0.433,72.94932202217413,1.309,566.797,0,False,False
3559,301.7,0.262,39.54494507372739,1.743,456.666,0,True,False
3560,301.7,0.299,60.738368703772146,1.659,496.041,0,False,False
3561,301.8,0.324,38.19378919309442,1.68,544.32,1,True,False
3562,301.7,0.385,52.82089275788938,1.486,572.11,1,False,True
3563,301.7,0.43799999999999994,65.05383995031963,1.471,644.298,0,True,False
3564,301.8,0.358,62.805777074360655,1.465,524.4699999999999,1,False,False
3565,301.7,0.42200000000000004,55.23277089523333,1.492,629.624,0,False,False
3566,301.8,0.52,56.45239969860579,1.42,738.4,0,False,False
3567,301.8,0.623,46.33847766753833,1.295,806.785,1,False,False
3568,301.8,0.341,57.79412942120514,1.548,527.868,0,False,False
3569,301.8,0.547,82.66274278604172,1.372,750.484,0,False,True
3570,301.8,0.359,77.52264588918952,1.552,557.168,0,False,True
3571,301.8,0.46299999999999997,42.26164345381719,1.441,667.183,0,True,False
3572,301.7,0.27699999999999997,36.48903936604604,1.691,468.407,0,False,False
3573,301.8,0.507,81.67621563583154,1.451,735.6569999999999,1,False,True
3574,301.8,0.484,61.33748749403738,1.452,702.768,0,False,True
3575,301.7,0.46,61.89189115746539,1.406,646.76,1,False,True
3576,301.7,0.391,74.03589978532611,1.567,612.697,1,True,False
3577,301.6,0.41700000000000004,50.73444869356633,1.599,666.783,0,True,False
3578,301.6,0.39,59.09537844180011,1.455,567.45,0,False,False
3579,301.7,0.359,83.43314565733688,1.625,583.375,0,False,False
3580,301.8,0.11800000000000001,68.60743434662035,2.672,315.29600000000005,0,False,False
3581,301.8,0.319,42.6872515997893,1.65,526.35,0,False,False
3582,301.8,0.402,41.661337399217665,1.459,586.518,1,False,True
3583,301.8,0.505,45.21323791665027,1.395,704.475,0,True,False
3584,301.8,0.293,73.33558372103587,1.751,513.043,0,False,True
3585,301.8,0.6890000000000001,49.768850192030804,1.192,821.288,0,False,False
3586,301.9,0.25,36.06944233375399,1.947,486.75,0,True,False
3587,301.8,0.349,82.2087181752831,1.593,555.957,0,False,False
3588,301.8,0.386,43.485670819745536,1.478,570.508,1,False,True
3589,301.7,0.445,35.47790930740343,1.505,669.725,1,True,False
3590,301.7,0.13699999999999998,46.85658011916615,2.465,337.705,0,True,False
3591,301.8,0.46799999999999997,46.75143935590668,1.403,656.6039999999999,0,False,True
3592,301.7,0.414,56.10026254228615,1.458,603.612,0,True,False
3593,301.6,0.45399999999999996,81.01949157500184,1.369,621.526,0,False,False
3594,301.6,0.449,78.9592458889549,1.377,618.2729999999999,0,False,False
3595,301.6,0.457,57.8447277491214,1.452,663.5640000000001,0,False,False
3596,301.6,0.41100000000000003,55.54499524959033,1.517,623.4870000000001,0,False,False
3597,301.7,0.5,62.75045432374256,1.354,677.0,0,True,False
3598,301.7,0.33,47.172700598588285,1.724,568.92,0,False,False
3599,301.7,0.532,37.609249598318144,1.399,744.268,0,True,False
3600,301.7,0.505,81.96120680856033,1.388,700.94,0,False,False
3601,301.7,0.34700000000000003,44.33494924385864,1.523,528.4810000000001,0,True,False
3602,301.7,0.431,44.92003646228582,1.377,593.4870000000001,0,False,False
3603,301.7,0.452,58.62301644269738,1.417,640.484,0,True,False
3604,301.7,0.4,59.58066724201653,1.542,616.8,1,True,False
3605,301.8,0.33299999999999996,35.921710485037096,1.557,518.481,0,True,False
3606,301.7,0.319,42.397736938698536,1.641,523.4789999999999,0,True,False
3607,301.7,0.55,53.907740928037086,1.318,724.9,1,False,True
3608,301.6,0.33799999999999997,69.18653467552696,1.638,553.6439999999999,0,True,False
3609,301.7,0.21600000000000003,46.42092284159679,1.954,422.064,0,False,True
3610,301.7,0.325,56.150722312088135,1.644,534.3,0,False,True
3611,301.7,0.324,62.86725323582334,1.594,516.456,0,False,False
3612,301.7,0.46399999999999997,79.42962473116461,1.405,651.92,0,True,False
3613,301.7,0.37799999999999995,51.30352511635617,1.622,613.116,0,True,False
3614,301.7,0.39399999999999996,41.67791329317418,1.557,613.458,0,False,True
3615,301.8,0.33299999999999996,59.46361129488041,1.606,534.798,0,True,False
3616,301.8,0.316,72.3360800842031,1.647,520.452,1,True,False
3617,301.8,0.42200000000000004,40.49298785263667,1.413,596.2860000000001,0,False,False
3618,301.8,0.41600000000000004,56.23417458484802,1.529,636.064,0,False,True
3619,301.9,0.46299999999999997,35.88925706312417,1.448,670.424,0,False,True
3620,301.9,0.442,36.677959082362555,1.435,634.2700000000001,0,True,False
3621,301.9,0.418,59.14766816083328,1.474,616.132,0,False,False
3622,301.9,0.29100000000000004,49.90986490754647,1.657,482.18700000000007,0,True,False
3623,302.0,0.39899999999999997,77.2553649502706,1.509,602.091,0,True,False
3624,302.0,0.364,65.10771530632272,1.53,556.92,0,False,True
3625,302.0,0.359,57.69664808714952,1.587,569.733,0,True,False
3626,302.1,0.434,55.39676855271482,1.467,636.678,0,True,False
3627,302.2,0.53,59.86227400947816,1.36,720.8,0,True,False
3628,302.2,0.306,37.02194156063307,1.588,485.92800000000005,1,False,True
3629,302.2,0.321,79.63966782103299,1.609,516.489,0,False,True
3630,302.1,0.441,84.91515778669792,1.415,624.015,0,False,False
3631,302.0,0.273,44.07435624293493,1.845,503.685,0,False,True
3632,302.1,0.36200000000000004,41.019148238730985,1.419,513.678,0,True,False
3633,302.1,0.306,42.17887317242976,1.634,500.004,0,False,False
3634,302.2,0.406,68.05135291171835,1.521,617.526,0,True,False
3635,302.2,0.377,68.07204192253874,1.499,565.123,1,True,False
3636,302.1,0.35100000000000003,77.39620811392055,1.616,567.216,0,False,False
3637,302.2,0.465,72.59131942131266,1.449,673.785,1,False,True
3638,302.2,0.316,57.484483668466986,1.626,513.816,0,True,False
3639,302.3,0.44799999999999995,65.64276807826595,1.445,647.3599999999999,0,True,False
3640,302.4,0.35,69.4142335184004,1.622,567.7,0,True,False
3641,302.4,0.391,60.63682351426126,1.544,603.7040000000001,0,True,False
3642,302.3,0.418,58.782549222581835,1.488,621.9839999999999,0,False,True
3643,302.3,0.5760000000000001,67.25487228213267,1.309,753.984,0,False,False
3644,302.3,0.264,62.87372744878269,1.784,470.976,0,False,False
3645,302.2,0.324,67.19711526679552,1.548,501.55199999999996,1,False,True
3646,302.2,0.435,65.64273869816819,1.413,614.655,0,True,False
3647,302.2,0.257,70.95982802568273,1.863,478.791,0,False,False
3648,302.2,0.43799999999999994,67.1401754391438,1.427,625.026,0,False,False
3649,302.2,0.47,60.98712432186336,1.443,678.21,0,False,False
3650,302.2,0.40399999999999997,69.08984056421932,1.481,598.3240000000001,0,False,True
3651,302.1,0.397,57.4740982592714,1.446,574.062,1,False,True
3652,302.1,0.449,47.08356129863005,1.444,648.356,0,True,False
3653,302.1,0.508,35.07091100669577,1.341,681.2280000000001,0,False,True
3654,302.1,0.374,62.99820735729216,1.518,567.732,0,True,False
3655,302.1,0.359,64.53276133043205,1.603,575.477,0,True,False
3656,302.1,0.309,83.60244823878571,1.686,520.9739999999999,0,True,False
3657,302.1,0.536,53.07391670471378,1.383,741.288,0,True,False
3658,302.1,0.45399999999999996,54.70666214141559,1.477,670.558,0,False,False
3659,302.2,0.445,45.08997906710951,1.449,644.805,0,False,False
3660,302.2,0.25,38.526714761866096,1.734,433.5,0,False,True
3661,302.3,0.491,73.64022464308704,1.398,686.418,0,False,False
3662,302.3,0.366,47.48405321696625,1.639,599.874,0,False,False
3663,302.3,0.376,65.4452430515019,1.517,570.392,0,True,False
3664,302.3,0.41700000000000004,69.38865177727408,1.442,601.314,1,True,False
3665,302.3,0.308,58.56183436458238,1.685,518.98,0,False,False
3666,302.4,0.506,78.81760565135957,1.358,687.148,1,False,False
3667,302.3,0.39899999999999997,57.18974204898644,1.608,641.592,0,False,True
3668,302.3,0.34299999999999997,49.24543115208826,1.665,571.0949999999999,0,True,False
3669,302.3,0.387,79.80077614808113,1.51,584.3700000000001,0,True,False
3670,302.4,0.402,78.07821421249783,1.465,588.9300000000001,0,False,False
3671,302.3,0.275,43.20199735382065,1.701,467.775,0,True,False
3672,302.3,0.396,36.298050917696045,1.486,588.456,0,True,False
3673,302.3,0.32299999999999995,39.49927781748104,1.658,535.534,0,False,False
3674,302.3,0.445,49.32736992769085,1.449,644.805,1,True,False
3675,302.2,0.524,83.61299008708554,1.346,705.304,0,False,False
3676,302.1,0.231,62.92580765804125,1.866,431.04600000000005,0,True,False
3677,302.2,0.38,53.66308660146344,1.562,593.56,0,True,False
3678,302.3,0.536,79.43580473063732,1.368,733.248,0,True,False
3679,302.2,0.331,57.656816573924985,1.567,518.677,1,False,True
3680,302.2,0.34,50.761931420051056,1.725,586.5,0,True,False
3681,302.2,0.312,82.06097643728287,1.744,544.1279999999999,1,False,True
3682,302.1,0.451,77.4758833096339,1.453,655.303,1,True,False
3683,302.1,0.348,77.18341877097205,1.55,539.4,0,False,True
3684,302.0,0.391,60.614237152510654,1.558,609.178,0,True,False
3685,302.0,0.653,74.47191994077275,1.27,829.31,0,False,False
3686,301.9,0.516,43.9676679632276,1.38,712.08,0,False,False
3687,302.0,0.505,63.66114787781218,1.406,710.03,0,False,True
3688,302.0,0.307,84.19229614237729,1.625,498.875,0,True,False
3689,302.0,0.45799999999999996,49.54792152589808,1.42,650.3599999999999,0,True,False
3690,302.1,0.22699999999999998,74.71761646238376,1.889,428.80299999999994,0,True,False
3691,302.1,0.436,59.523920360403366,1.477,643.9720000000001,0,False,True
3692,302.1,0.469,36.99028416110437,1.46,684.74,0,False,False
3693,302.1,0.244,73.15096989078337,1.758,428.952,0,False,True
3694,302.1,0.315,43.42845721960564,1.521,479.115,1,True,False
3695,302.1,0.45,66.57367835663752,1.511,679.95,0,True,False
3696,302.2,0.373,39.28320970234864,1.53,570.6899999999999,0,True,False
3697,302.1,0.46799999999999997,82.34336987479824,1.454,680.472,0,False,True
3698,302.2,0.231,49.586194359018045,1.928,445.36800000000005,0,False,False
3699,302.2,0.264,46.32323458386975,1.758,464.11199999999997,1,False,True
3700,302.2,0.332,41.45682020331672,1.649,547.4680000000001,0,True,False
3701,302.1,0.503,82.30010966695238,1.447,727.8409999999999,1,False,False
3702,302.1,0.48,70.59518712206525,1.417,680.16,0,False,False
3703,302.0,0.449,72.08304443590444,1.434,643.866,1,True,False
3704,302.0,0.495,59.97022806901223,1.418,701.91,0,False,True
3705,302.0,0.495,58.736389263524174,1.4,693.0,1,False,True
3706,302.0,0.27699999999999997,40.50106214957383,1.725,477.825,1,False,True
3707,302.0,0.41100000000000003,62.99205477919959,1.567,644.037,0,False,False
3708,302.1,0.384,47.34582475543952,1.497,574.848,1,True,False
3709,302.1,0.446,83.8572666400203,1.549,690.854,0,True,False
3710,302.2,0.26899999999999996,74.82904700075737,1.754,471.82599999999996,0,False,True
3711,302.2,0.38299999999999995,55.64960300964438,1.489,570.2869999999999,0,True,False
3712,302.2,0.385,42.567062934576654,1.543,594.055,1,False,False
3713,302.3,0.331,74.2665845569392,1.543,510.733,0,False,False
3714,302.3,0.35600000000000004,41.1026883540658,1.565,557.14,0,False,False
3715,302.3,0.239,44.466687674853524,1.855,443.345,0,False,True
3716,302.4,0.452,45.57602588721137,1.475,666.7,1,True,False
3717,302.3,0.32299999999999995,62.84453191365472,1.609,519.707,0,True,False
3718,302.3,0.441,74.35283269951832,1.443,636.363,0,True,False
3719,302.4,0.441,50.71574393623461,1.45,639.45,0,False,False
3720,302.4,0.39899999999999997,39.23349071376447,1.59,634.41,0,True,False
3721,302.4,0.41200000000000003,58.226923176220964,1.508,621.296,0,True,False
3722,302.2,0.436,72.40551205799677,1.544,673.1840000000001,0,False,True
3723,302.2,0.418,46.083192154369414,1.451,606.5179999999999,0,False,True
3724,302.3,0.244,45.99622740196871,1.758,428.952,1,True,False
3725,302.3,0.47700000000000004,82.36135136733554,1.507,718.839,0,True,False
3726,302.3,0.375,82.70768635595888,1.543,578.625,0,False,True
3727,302.3,0.36700000000000005,84.52328660307882,1.505,552.335,0,True,False
3728,302.3,0.243,75.382980078739,1.786,433.99800000000005,0,True,False
3729,302.3,0.445,44.40920845839727,1.457,648.365,0,True,False
3730,302.4,0.615,45.599076039963066,1.312,806.88,0,False,False
3731,302.3,0.47700000000000004,52.0112620761196,1.405,670.185,1,True,False
3732,302.2,0.43,50.90662656667455,1.377,592.11,0,False,True
3733,302.2,0.498,82.82638745390045,1.347,670.8059999999999,0,False,False
3734,302.2,0.396,74.45369914408468,1.47,582.12,0,False,False
3735,302.2,0.24,71.20043960807769,1.873,449.52,0,True,False
3736,302.2,0.586,44.29816120290659,1.434,840.3240000000001,0,False,False
3737,302.2,0.306,80.47627796811648,1.628,498.168,1,False,False
3738,302.2,0.486,76.3935189753087,1.351,656.586,0,False,True
3739,302.3,0.43799999999999994,43.18209206639619,1.454,636.852,0,False,True
3740,302.2,0.29600000000000004,78.55851659804863,1.663,492.24800000000005,0,False,False
3741,302.3,0.49700000000000005,48.612376818523565,1.401,696.297,0,False,True
3742,302.4,0.382,39.0434872916053,1.503,574.1460000000001,0,False,True
3743,302.4,0.35,67.8411153257105,1.564,547.4,0,False,True
3744,302.5,0.24600000000000002,67.69023296921654,1.759,432.714,0,True,False
3745,302.5,0.531,39.746600478280904,1.409,748.1790000000001,0,True,False
3746,302.6,0.258,50.942590446829115,1.738,448.404,0,True,False
3747,302.5,0.475,84.64072311277693,1.393,661.675,0,False,False
3748,302.5,0.38799999999999996,68.92133335043684,1.499,581.612,1,False,False
3749,302.5,0.39,71.50375833016645,1.493,582.27,1,False,False
3750,302.4,0.33899999999999997,45.645864280215285,1.652,560.0279999999999,0,False,True
3751,302.3,0.299,38.93910355019572,1.589,475.111,0,False,True
3752,302.4,0.42200000000000004,48.84508448704688,1.52,641.44,0,False,True
3753,302.3,0.40299999999999997,47.4449192596596,1.455,586.3649999999999,1,True,False
3754,302.2,0.46799999999999997,46.727205037402655,1.463,684.684,0,False,False
3755,302.3,0.43700000000000006,44.63771609435198,1.442,630.154,0,True,False
3756,302.3,0.515,63.73778453277022,1.329,684.435,0,True,False
3757,302.3,0.331,51.40517379209109,1.546,511.72600000000006,0,True,False
3758,302.2,0.337,76.01725075237653,1.516,510.89200000000005,0,True,False
3759,302.2,0.474,44.1973708923692,1.476,699.6239999999999,0,False,False
3760,302.3,0.47,58.231353543427225,1.412,663.64,0,False,True
3761,302.3,0.46799999999999997,35.682891821304,1.377,644.436,0,True,False
3762,302.4,0.371,59.0841161227596,1.49,552.79,0,False,False
3763,302.3,0.377,37.79191104382372,1.526,575.302,1,False,False
3764,302.3,0.479,83.88617559363217,1.428,684.012,0,True,False
3765,302.4,0.546,74.52960643252064,1.329,725.6340000000001,0,False,False
3766,302.4,0.518,59.50557383182277,1.443,747.4739999999999,0,True,False
3767,302.3,0.53,39.32936790896751,1.373,727.69,1,False,False
3768,302.3,0.35600000000000004,64.62227203952071,1.63,580.28,0,False,False
3769,302.2,0.342,72.93818753509387,1.555,531.8100000000001,1,True,False
3770,302.2,0.47,44.53586265023726,1.436,674.92,0,True,False
3771,302.3,0.31,63.410417039374536,1.609,498.79,0,False,False
3772,302.3,0.49700000000000005,75.7105449191434,1.384,687.8480000000001,0,False,True
3773,302.4,0.44799999999999995,73.41238888231581,1.448,648.704,0,True,False
3774,302.4,0.22399999999999998,75.14960089335764,1.887,422.68799999999993,0,False,False
3775,302.4,0.457,78.96617124348599,1.48,676.36,0,False,False
3776,302.5,0.233,81.88410510797351,1.85,431.05,0,False,True
3777,302.5,0.368,55.2760577601768,1.538,565.9839999999999,0,False,True
3778,302.4,0.301,63.438455126143865,1.721,518.0210000000001,0,False,False
3779,302.4,0.544,74.53297630228055,1.366,743.1039999999999,0,False,False
3780,302.3,0.311,69.85699069728915,1.657,515.327,0,False,True
3781,302.4,0.429,84.77601141321894,1.446,620.3340000000001,0,True,False
3782,302.3,0.43799999999999994,35.68388255523221,1.465,641.67,0,True,False
3783,302.2,0.23800000000000002,52.75666076578953,1.827,434.82599999999996,0,True,False
3784,302.2,0.47600000000000003,49.051396313510125,1.397,664.972,0,False,True
3785,302.2,0.297,48.115792508276726,1.744,517.968,0,False,True
3786,302.3,0.36700000000000005,46.126489124944285,1.545,567.0150000000001,1,True,False
3787,302.3,0.366,70.45619204076145,1.587,580.8420000000001,0,False,False
3788,302.3,0.473,39.23797366376609,1.377,651.321,0,False,False
3789,302.3,0.48100000000000004,72.08044169716692,1.511,726.791,0,True,False
3790,302.3,0.324,69.67129210081367,1.65,534.6,0,False,True
3791,302.3,0.489,47.54020662504482,1.412,690.4680000000001,0,True,False
3792,302.3,0.431,47.64168915825806,1.528,658.568,0,True,False
3793,302.3,0.35,66.44302926722511,1.459,510.65,0,False,False
3794,302.3,0.493,73.10855527418389,1.379,679.847,0,False,False
3795,302.2,0.483,78.82428065436827,1.356,654.948,0,True,False
3796,302.1,0.413,77.60697819272379,1.409,581.9169999999999,0,False,False
3797,302.1,0.375,83.24414970819265,1.504,564.0,0,False,False
3798,302.1,0.368,64.06924476682556,1.622,596.896,0,True,False
3799,302.1,0.257,80.43277806701798,1.786,459.00199999999995,0,True,False
3800,302.2,0.34,75.42566366302054,1.506,512.04,0,False,False
3801,302.1,0.231,79.73338121570069,1.916,442.59600000000006,0,True,False
3802,302.2,0.276,35.58133006426833,1.771,488.79600000000005,0,False,True
3803,302.2,0.442,83.29514959329055,1.488,657.696,0,False,True
3804,302.2,0.375,58.67650814232391,1.531,574.125,0,False,True
3805,302.3,0.33399999999999996,74.90914947874214,1.529,510.686,0,True,False
3806,302.4,0.365,41.36020596688904,1.58,576.7,0,False,True
3807,302.3,0.44,54.7970547906987,1.36,598.4,0,False,False
3808,302.3,0.355,48.57303315104954,1.546,548.83,0,True,False
3809,302.3,0.245,49.58293852504685,1.762,431.69,0,True,False
3810,302.2,0.5660000000000001,41.16278099754409,1.35,764.1,0,True,False
3811,302.2,0.381,75.28819162715035,1.562,595.1220000000001,0,False,False
3812,302.1,0.303,35.462115729053906,1.608,487.224,0,False,False
3813,302.0,0.5,50.62527284926013,1.392,696.0,0,True,False
3814,302.0,0.449,43.72052716082075,1.467,658.683,0,False,False
3815,302.1,0.591,64.45194703041702,1.326,783.666,0,True,False
3816,302.2,0.249,47.71262013072719,1.769,440.481,1,False,False
3817,302.1,0.47600000000000003,47.949922726404985,1.459,694.484,0,True,False
3818,302.1,0.52,59.41690719976594,1.421,738.92,0,False,True
3819,302.1,0.428,67.63445196704629,1.491,638.1479999999999,0,False,True
3820,302.2,0.364,41.06523522825818,1.567,570.3879999999999,0,False,False
3821,302.3,0.414,43.77557262327481,1.421,588.294,0,True,False
3822,302.3,0.335,47.35873722972588,1.596,534.66,0,True,False
3823,302.4,0.442,83.68741070589803,1.464,647.0880000000001,1,False,True
3824,302.3,0.361,54.85762499714602,1.581,570.7410000000001,0,True,False
3825,302.3,0.303,64.94950453155133,1.62,490.86,0,True,False
3826,302.2,0.489,47.0771406357989,1.413,690.957,0,True,False
3827,302.3,0.43799999999999994,59.5229762578744,1.438,629.8439999999999,0,False,False
3828,302.4,0.41600000000000004,38.705958719297904,1.469,611.104,0,False,False
3829,302.3,0.278,36.73710729611635,1.762,489.836,0,False,True
3830,302.3,0.484,58.43667634107301,1.366,661.1439999999999,1,True,False
3831,302.3,0.22699999999999998,54.932964375920605,1.891,429.25699999999995,0,True,False
3832,302.3,0.297,41.84401598459139,1.742,517.374,0,False,True
3833,302.2,0.435,69.38007144603668,1.465,637.275,0,False,True
3834,302.3,0.366,84.64517454496323,1.541,564.0060000000001,0,True,False
3835,302.3,0.5710000000000001,54.78234105983562,1.295,739.445,0,False,False
3836,302.3,0.431,66.22793179586972,1.435,618.485,0,True,False
3837,302.4,0.439,83.14879711822428,1.466,643.5740000000001,0,False,True
3838,302.4,0.479,76.57674862234376,1.45,694.55,0,True,False
3839,302.4,0.245,58.17761116513429,1.88,460.6,0,False,True
3840,302.3,0.335,71.87447422299597,1.578,528.63,0,False,False
3841,302.4,0.331,41.4067520125262,1.61,532.91,1,False,False
3842,302.4,0.428,60.60519277318996,1.565,669.82,0,True,False
3843,302.5,0.401,48.953013858996826,1.545,619.545,0,False,False
3844,302.5,0.601,43.05818439480805,1.227,737.427,0,False,False
3845,302.4,0.45899999999999996,56.31404531272675,1.484,681.156,0,True,False
3846,302.3,0.327,41.55072772168072,1.591,520.2570000000001,0,False,False
3847,302.3,0.47200000000000003,69.94925540872427,1.403,662.216,0,False,True
3848,302.3,0.457,57.812002202666775,1.45,662.65,0,False,False
3849,302.3,0.281,61.55723162823319,1.72,483.32,0,False,False
3850,302.3,0.37200000000000005,42.31879693340785,1.561,580.692,0,True,False
3851,302.3,0.413,41.98858305467472,1.421,586.8729999999999,0,False,False
3852,302.2,0.484,64.1707717630062,1.415,684.86,0,True,False
3853,302.3,0.19699999999999998,84.25048739147232,2.034,400.698,0,False,False
3854,302.4,0.40399999999999997,39.81252916188628,1.486,600.344,1,False,True
3855,302.4,0.6759999999999999,49.286571428289065,1.338,904.4879999999998,0,False,False
3856,302.4,0.32299999999999995,78.47295582689438,1.578,509.69399999999996,1,True,False
3857,302.4,0.586,38.61360061276185,1.33,779.38,0,True,False
3858,302.4,0.408,78.79428606834756,1.506,614.448,1,False,False
3859,302.5,0.376,61.214299168737554,1.559,586.184,0,False,False
3860,302.6,0.37,55.41333869632129,1.599,591.63,0,False,True
3861,302.6,0.389,50.48402821757279,1.427,555.103,0,False,True
3862,302.5,0.41100000000000003,49.855857906392096,1.481,608.691,0,False,False
3863,302.5,0.43799999999999994,50.29012912247394,1.496,655.2479999999999,0,True,False
3864,302.5,0.27,79.2401540480098,1.674,451.98,0,True,False
3865,302.5,0.317,71.18976150873928,1.629,516.3929999999999,0,True,False
3866,302.6,0.344,68.48615039155753,1.629,560.376,0,True,False
3867,302.6,0.532,74.93745744760004,1.311,697.452,0,False,False
3868,302.7,0.09699999999999999,47.85573315020725,2.709,262.77299999999997,0,False,False
3869,302.7,0.299,65.90214060408779,1.759,525.941,0,False,False
3870,302.7,0.452,58.003311947897544,1.48,668.96,0,True,False
3871,302.7,0.461,74.12208176000968,1.461,673.5210000000001,0,True,False
3872,302.7,0.3,50.46280552366427,1.728,518.4,1,True,False
3873,302.7,0.465,67.15893084349479,1.389,645.885,0,True,False
3874,302.6,0.35100000000000003,79.11062059086566,1.638,574.938,0,False,True
3875,302.6,0.541,55.10752380974644,1.254,678.4140000000001,0,True,False
3876,302.6,0.501,38.331104368373076,1.427,714.927,0,False,False
3877,302.6,0.318,60.80254111708964,1.627,517.386,0,True,False
3878,302.6,0.483,52.29862439035129,1.471,710.493,0,False,True
3879,302.6,0.271,68.61126902735874,1.773,480.483,0,False,False
3880,302.6,0.517,82.5516462374303,1.43,739.31,0,True,False
3881,302.5,0.295,59.28041589984235,1.595,470.525,0,False,False
3882,302.5,0.441,58.30951150777669,1.521,670.7610000000001,0,False,False
3883,302.5,0.43700000000000006,67.729240009573,1.419,620.1030000000001,0,False,True
3884,302.4,0.401,40.17487517967838,1.534,615.134,1,True,False
3885,302.5,0.36,47.675309446250736,1.626,585.36,0,False,True
3886,302.5,0.292,80.94896627501993,1.677,489.684,1,False,True
3887,302.4,0.505,68.4971306681883,1.392,702.96,0,False,True
3888,302.4,0.505,35.67220219917081,1.448,731.24,0,False,False
3889,302.3,0.22899999999999998,45.23127362795099,1.903,435.787,0,False,False
3890,302.4,0.52,69.14186330144494,1.404,730.08,0,False,False
3891,302.3,0.535,73.21996012812872,1.386,741.51,0,False,True
3892,302.2,0.47,76.9929786337021,1.418,666.46,0,False,False
3893,302.3,0.5329999999999999,49.608840169102244,1.338,713.154,0,False,False
3894,302.3,0.406,81.55142981387813,1.549,628.894,0,False,False
3895,302.3,0.42700000000000005,62.64734467889462,1.432,611.464,0,False,False
3896,302.3,0.4,69.82695111939464,1.546,618.4,0,False,True
3897,302.2,0.332,64.8369431389954,1.627,540.164,0,True,False
3898,302.2,0.32799999999999996,41.13700273373102,1.64,537.92,0,False,True
3899,302.1,0.368,83.15573296924399,1.423,523.664,0,False,False
3900,302.1,0.287,41.14377899470763,1.711,491.05699999999996,1,False,True
3901,302.1,0.516,47.744097820559176,1.45,748.2,0,False,False
3902,302.2,0.341,75.68139401114901,1.553,529.573,1,True,False
3903,302.2,0.34600000000000003,65.92984807505508,1.63,563.98,0,False,True
3904,302.2,0.396,76.90745826881785,1.476,584.496,0,True,False
3905,302.2,0.506,60.78680941870225,1.426,721.556,0,False,True
3906,302.2,0.349,53.84966176833174,1.561,544.789,0,False,False
3907,302.3,0.625,81.09227497738925,1.297,810.625,0,False,False
3908,302.3,0.239,36.812615875739745,1.842,440.23799999999994,0,True,False
3909,302.3,0.364,77.8065110176523,1.633,594.4119999999999,0,False,False
3910,302.3,0.303,46.54088925938908,1.744,528.432,0,True,False
3911,302.4,0.26899999999999996,77.4368163876984,1.831,492.53899999999993,1,True,False
3912,302.3,0.508,41.95983067084428,1.339,680.212,1,True,False
3913,302.4,0.40399999999999997,64.01094818452702,1.475,595.9,0,True,False
3914,302.4,0.29600000000000004,79.40539595057359,1.675,495.8,0,False,True
3915,302.5,0.35100000000000003,58.67698234494452,1.493,524.043,0,False,True
3916,302.5,0.295,72.32833369016964,1.7,501.5,0,True,False
3917,302.6,0.37,75.23358089277792,1.453,537.61,0,False,False
3918,302.6,0.341,71.82471043583897,1.542,525.822,0,True,False
3919,302.5,0.527,81.26648684372992,1.358,715.666,0,False,False
3920,302.5,0.32299999999999995,57.34171152599643,1.655,534.5649999999999,0,False,True
3921,302.6,0.275,43.65627195825779,1.885,518.375,0,False,True
3922,302.7,0.414,37.39055318512399,1.494,618.516,0,False,False
3923,302.6,0.295,47.32299348187526,1.757,518.315,0,False,True
3924,302.6,0.312,42.1598751940121,1.718,536.016,1,True,False
3925,302.5,0.35,62.89743707172403,1.636,572.6,0,False,True
3926,302.6,0.29600000000000004,44.2472668605866,1.638,484.848,0,True,False
3927,302.6,0.36,36.94668536446856,1.609,579.24,0,False,False
3928,302.7,0.35,36.799491443433396,1.556,544.6,0,False,False
3929,302.6,0.598,76.57847491824307,1.442,862.3159999999999,0,False,False
3930,302.7,0.38799999999999996,64.57249657215124,1.501,582.3879999999999,0,True,False
3931,302.6,0.192,52.90426509466891,2.041,391.87199999999996,0,False,True
3932,302.7,0.251,79.71140213701234,1.784,447.784,0,True,False
3933,302.6,0.22399999999999998,38.50983057038568,1.953,437.472,0,False,False
3934,302.6,0.34700000000000003,84.01610363639129,1.576,546.8720000000001,0,True,False
3935,302.6,0.39,65.81458951272305,1.518,592.02,0,True,False
3936,302.6,0.682,44.17321269844243,1.227,836.8140000000001,0,False,False
3937,302.5,0.188,68.95345494884842,1.985,373.18,0,False,False
3938,302.5,0.264,73.16906298917813,1.802,475.72799999999995,0,True,False
3939,302.5,0.324,56.46713916853872,1.603,519.372,0,True,False
3940,302.5,0.54,78.08163031227737,1.4,756.0,0,False,False
3941,302.3,0.542,42.53662036482351,1.395,756.09,0,False,True
3942,302.2,0.19899999999999998,48.94187917888042,1.987,395.41299999999995,1,False,True
3943,302.2,0.47200000000000003,39.67461807919949,1.398,659.8560000000001,0,True,False
3944,302.3,0.667,45.54389203036761,1.333,889.1110000000001,0,True,False
3945,302.2,0.494,46.93644059555725,1.381,682.2139999999999,0,True,False
3946,302.2,0.361,80.8816595460855,1.57,566.77,0,True,False
3947,302.2,0.31,38.90548443755781,1.658,513.98,0,False,False
3948,302.2,0.292,56.370756009385474,1.749,510.70799999999997,0,False,False
3949,302.2,0.371,61.61993436134565,1.51,560.21,0,True,False
3950,302.3,0.508,79.93465269010804,1.384,703.072,1,True,False
3951,302.3,0.37200000000000005,84.88481093306068,1.57,584.0400000000001,1,True,False
3952,302.3,0.327,72.66940574599178,1.571,513.7170000000001,0,False,True
3953,302.3,0.373,83.53954952845147,1.476,550.548,0,False,True
3954,302.3,0.395,74.3550566267937,1.484,586.18,0,True,False
3955,302.3,0.23199999999999998,83.16013204857083,1.909,442.888,0,True,False
3956,302.3,0.496,70.36353629722277,1.448,718.2080000000001,0,False,True
3957,302.3,0.402,38.98817127255355,1.5,603.0000000000001,0,False,True
3958,302.2,0.449,55.096009349633825,1.51,677.99,0,False,False
3959,302.2,0.555,67.32986419012352,1.378,764.79,0,True,False
3960,302.2,0.374,52.53592547271255,1.538,575.212,0,True,False
3961,302.2,0.48100000000000004,48.66919590568893,1.39,668.59,0,False,False
3962,302.2,0.321,63.86996335665455,1.642,527.082,0,True,False
3963,302.4,0.248,81.67509383512174,1.785,442.68,0,True,False
3964,302.3,0.382,36.74909367580768,1.526,582.932,0,False,False
3965,302.3,0.332,73.46156017707189,1.668,553.7760000000001,1,True,False
3966,302.3,0.375,71.13636390223135,1.507,565.125,0,False,True
3967,302.3,0.37799999999999995,83.19767126941436,1.53,578.3399999999999,0,True,False
3968,302.3,0.456,81.53556111662718,1.479,674.4240000000001,0,True,False
3969,302.3,0.413,73.11162810220964,1.418,585.6339999999999,0,False,False
3970,302.3,0.387,61.020438234129934,1.504,582.048,0,True,False
3971,302.3,0.47600000000000003,45.21337766167599,1.345,640.22,1,False,True
3972,302.2,0.354,62.26178591627872,1.625,575.25,0,False,False
3973,302.3,0.34700000000000003,73.26759969598268,1.511,524.317,0,True,False
3974,302.3,0.418,79.78346063189466,1.535,641.6299999999999,0,False,False
3975,302.4,0.379,74.48560046052745,1.505,570.395,0,True,False
3976,302.4,0.43700000000000006,44.7633467595527,1.54,672.98,0,False,True
3977,302.3,0.46,64.98431571140297,1.372,631.12,0,True,False
3978,302.2,0.366,51.60867297656785,1.51,552.66,1,False,False
3979,302.2,0.46399999999999997,35.46028336953215,1.382,641.2479999999999,0,True,False
3980,302.3,0.418,45.0110467894333,1.439,601.502,0,False,False
3981,302.2,0.47,40.66103249667246,1.375,646.25,0,False,True
3982,302.2,0.21899999999999997,77.13595617697342,1.931,422.88899999999995,0,False,True
3983,302.2,0.486,47.925312607390595,1.475,716.85,0,True,False
3984,302.2,0.469,49.23489844437778,1.389,651.441,0,True,False
3985,302.3,0.32799999999999996,82.99682858994422,1.652,541.856,0,False,True
3986,302.3,0.503,53.95433615244261,1.386,697.158,0,False,True
3987,302.2,0.298,35.47928200721973,1.577,469.94599999999997,0,True,False
3988,302.3,0.431,49.19230741730683,1.444,622.364,0,False,False
3989,302.2,0.402,40.964979030090625,1.554,624.7080000000001,0,True,False
3990,302.2,0.32799999999999996,40.140428086792696,1.602,525.456,0,False,True
3991,302.2,0.282,38.87436450678747,1.692,477.144,0,True,False
3992,302.3,0.344,64.66297350876886,1.682,578.608,0,True,False
3993,302.3,0.341,44.467386181492934,1.614,550.374,0,False,True
3994,302.3,0.478,53.06213970205052,1.324,632.872,1,True,False
3995,302.3,0.40299999999999997,78.10088580650084,1.434,577.9019999999999,0,False,False
3996,302.3,0.316,56.21690698981378,1.621,512.2360000000001,1,False,False
3997,302.3,0.331,80.78456750258188,1.625,537.875,0,True,False
3998,302.2,0.537,59.89690266978032,1.394,748.578,0,True,False
3999,302.1,0.35100000000000003,54.941830741987786,1.586,556.686,0,False,False
4000,302.0,0.45899999999999996,72.51944635453508,1.42,651.78,0,True,False
4001,302.1,0.503,38.65875493840011,1.422,715.266,0,False,False
4002,302.1,0.379,39.47391914912087,1.598,605.6419999999999,0,False,True
4003,302.1,0.5920000000000001,67.59868569614804,1.454,860.768,0,False,True
4004,302.1,0.39299999999999996,59.34703566196241,1.519,596.967,1,True,False
4005,302.0,0.557,74.52076251596051,1.373,764.7610000000001,1,True,False
4006,302.0,0.488,80.81354186717658,1.406,686.128,0,True,False
4007,302.1,0.45,54.41834388357738,1.492,671.4,0,True,False
4008,302.1,0.508,64.82050132923231,1.369,695.452,0,False,False
4009,302.2,0.419,60.03483138976549,1.471,616.349,0,False,False
4010,302.2,0.36,84.08053278212165,1.63,586.8,0,True,False
4011,302.1,0.376,76.55422036782976,1.605,603.48,0,True,False
4012,302.2,0.521,80.58688541386768,1.447,753.887,0,True,False
4013,302.2,0.528,47.717004378880205,1.36,718.08,0,False,False
4014,302.2,0.34,73.62632115812971,1.728,587.52,0,True,False
4015,302.1,0.308,48.273661249882444,1.74,535.92,1,False,False
4016,302.1,0.414,45.43712667141949,1.477,611.478,0,True,False
4017,302.1,0.303,82.21330798277754,1.658,502.374,0,False,True
4018,302.0,0.23399999999999999,35.965220835893334,1.902,445.068,0,False,True
4019,302.0,0.231,83.26943518317148,1.783,411.87300000000005,0,True,False
4020,302.0,0.45299999999999996,42.46309484944031,1.558,705.7739999999999,0,True,False
4021,302.1,0.495,75.97190408966341,1.351,668.745,0,False,False
4022,302.1,0.425,48.79612765340515,1.452,617.1,0,True,False
4023,302.1,0.307,52.53511637153637,1.666,511.462,1,False,False
4024,302.1,0.5,45.837885566099246,1.364,682.0,0,False,True
4025,302.1,0.603,64.27570212405398,1.351,814.653,0,False,False
4026,302.1,0.261,52.40477737539371,1.729,451.269,0,False,True
4027,302.1,0.341,67.86965197473316,1.574,536.734,1,True,False
4028,302.0,0.37799999999999995,35.7823658971033,1.566,591.948,0,True,False
4029,302.0,0.43200000000000005,38.21874417575198,1.455,628.5600000000001,0,False,False
4030,302.0,0.29,39.983057636562435,1.679,486.91,1,True,False
4031,302.0,0.17300000000000001,55.94968426551155,2.143,370.73900000000003,1,False,False
4032,302.0,0.42700000000000005,75.7398086329988,1.447,617.869,0,True,False
4033,302.0,0.503,79.40889551891914,1.383,695.6489999999999,0,True,False
4034,302.1,0.271,47.240537003045034,1.772,480.21200000000005,0,False,True
4035,302.0,0.29,63.718486211950705,1.615,468.35,0,True,False
4036,302.0,0.366,73.41824963463003,1.454,532.164,0,False,True
4037,302.0,0.491,49.44147149598044,1.445,709.495,0,False,True
4038,302.0,0.35200000000000004,55.450386836813664,1.609,566.368,0,False,True
4039,302.0,0.344,61.1987101342857,1.546,531.824,0,False,False
4040,301.9,0.39299999999999996,41.74374232040238,1.567,615.831,1,False,False
4041,302.0,0.27399999999999997,36.299114686289016,1.767,484.15799999999996,0,False,True
4042,302.0,0.342,42.64029046591416,1.539,526.3380000000001,0,True,False
4043,302.0,0.39,66.34268106267666,1.564,609.96,1,False,False
4044,302.0,0.46299999999999997,38.680913076684085,1.445,669.035,0,False,False
4045,301.9,0.47700000000000004,44.484818242506414,1.419,676.863,0,False,False
4046,301.8,0.209,51.892694284765184,1.881,393.12899999999996,0,False,False
4047,301.9,0.462,38.89350321531832,1.421,656.502,0,True,False
4048,301.9,0.46,44.584963558081725,1.455,669.3,0,False,False
4049,301.9,0.121,80.56348944917556,2.691,325.611,0,False,True
4050,301.8,0.41200000000000003,35.96495661134924,1.505,620.0600000000001,0,True,False
4051,301.8,0.466,67.67159620871811,1.456,678.4960000000001,0,False,True
4052,301.8,0.46399999999999997,54.220446545759245,1.383,641.712,0,False,False
4053,301.9,0.392,68.63243697161856,1.563,612.696,0,False,True
4054,301.9,0.161,64.43458601817022,2.305,371.105,0,False,False
4055,301.9,0.436,46.17493771773221,1.456,634.816,0,False,True
4056,302.0,0.22699999999999998,77.36047437866944,1.865,423.355,1,True,False
4057,301.9,0.369,59.597019130467835,1.597,589.293,0,False,True
4058,302.0,0.386,76.12680094567358,1.495,577.07,0,True,False
4059,302.0,0.47200000000000003,55.30062680941096,1.456,687.232,0,False,True
4060,301.9,0.44299999999999995,84.23427769576196,1.465,648.9949999999999,0,False,True
4061,302.0,0.555,73.52446792506481,1.352,750.36,0,True,False
4062,301.9,0.217,83.29751025562868,1.906,413.602,0,True,False
4063,302.0,0.44,60.716323945492945,1.446,636.24,0,False,True
4064,302.0,0.19699999999999998,58.684556614535026,1.948,383.756,0,True,False
4065,301.9,0.47100000000000003,72.7726904662629,1.48,697.08,0,False,True
4066,301.9,0.376,79.0145631506715,1.511,568.136,0,True,False
4067,301.9,0.47,83.20728979327791,1.472,691.84,0,True,False
4068,301.9,0.51,51.22759530162499,1.429,728.79,0,False,True
4069,301.9,0.488,74.93522869213194,1.405,685.64,1,False,False
4070,301.9,0.479,45.53227988177684,1.405,672.995,0,False,True
4071,302.0,0.581,62.27871733727226,1.348,783.188,1,True,False
4072,301.9,0.6859999999999999,43.992407420459955,1.331,913.0659999999999,0,False,False
4073,301.9,0.33399999999999996,52.36986808751694,1.61,537.74,0,False,False
4074,301.9,0.465,81.56791836032296,1.412,656.58,0,False,False
4075,302.0,0.42700000000000005,42.304534988654304,1.453,620.431,0,False,False
4076,302.0,0.389,66.62004475675982,1.583,615.7869999999999,0,False,False
4077,302.0,0.374,64.64771364637016,1.539,575.586,0,False,False
4078,302.0,0.39799999999999996,41.03691763544933,1.635,650.7299999999999,0,True,False
4079,302.1,0.624,51.29895218844061,1.294,807.4559999999999,0,False,True
4080,302.0,0.22,63.14907522576328,1.978,435.16,0,True,False
4081,302.0,0.58,44.35893044942451,1.357,787.06,0,False,False
4082,302.0,0.5820000000000001,75.03118282064077,1.336,777.552,0,True,False
4083,302.0,0.392,83.6078254767375,1.568,614.6560000000001,0,False,False
4084,302.0,0.364,45.7379699981236,1.567,570.3879999999999,0,False,False
4085,302.0,0.35600000000000004,44.3455982395288,1.611,573.5160000000001,1,True,False
4086,302.0,0.23600000000000002,57.74675358987223,1.841,434.47600000000006,0,True,False
4087,302.0,0.361,72.38826385700162,1.567,565.687,0,True,False
4088,301.9,0.5489999999999999,49.08003051176257,1.376,755.424,0,False,False
4089,301.9,0.424,35.99399543486402,1.477,626.2479999999999,0,False,True
4090,301.9,0.40299999999999997,62.0610314016447,1.59,640.77,0,True,False
4091,302.0,0.158,82.83002838836538,2.197,347.126,0,False,False
4092,302.0,0.32899999999999996,54.56384277034728,1.595,524.755,0,True,False
4093,302.0,0.244,56.00672770915502,1.812,442.12799999999993,0,False,False
4094,302.0,0.321,83.4450858557019,1.573,504.93300000000005,0,False,True
4095,302.0,0.309,69.73038058133642,1.651,510.15899999999993,0,True,False
4096,302.0,0.43200000000000005,70.95859614210626,1.459,630.288,0,False,False
4097,301.9,0.517,63.13510026855338,1.37,708.29,0,True,False
4098,301.9,0.341,83.73046054316208,1.518,517.638,1,True,False
4099,302.0,0.29600000000000004,69.4433242212778,1.648,487.80800000000005,0,True,False
4100,302.0,0.47200000000000003,79.75163758025847,1.464,691.008,0,True,False
4101,302.0,0.23199999999999998,69.96894328666106,1.895,439.64,0,False,False
4102,301.9,0.23399999999999999,71.7557912420198,1.884,440.856,0,False,False
4103,302.0,0.466,49.520546107112324,1.45,675.7,0,False,False
4104,302.0,0.434,50.17393490069095,1.448,628.432,0,True,False
4105,302.1,0.496,74.14923247880145,1.389,688.9440000000001,0,True,False
4106,302.0,0.35200000000000004,49.83531445849498,1.583,557.216,0,False,False
4107,301.9,0.511,63.138503540076584,1.425,728.175,0,False,True
4108,302.0,0.271,47.4676155453351,1.809,490.23900000000003,0,True,False
4109,301.9,0.218,75.84916904045346,1.892,412.45599999999996,0,False,True
4110,301.9,0.478,40.5250675613845,1.475,705.05,0,False,False
4111,302.0,0.467,76.47233198808323,1.361,635.587,0,False,False
4112,302.0,0.41,65.13649002538008,1.563,640.83,0,False,False
4113,301.9,0.397,44.34547674135386,1.472,584.384,0,True,False
4114,302.0,0.5529999999999999,62.10176927530591,1.325,732.725,1,True,False
4115,302.0,0.531,49.12494184236702,1.358,721.0980000000001,0,False,False
4116,302.0,0.547,51.17336673652483,1.346,736.262,0,True,False
4117,302.0,0.584,52.576402079844016,1.381,806.5039999999999,0,False,True
4118,301.9,0.557,38.16596234861605,1.34,746.38,0,False,False
4119,302.0,0.47700000000000004,84.29808422007088,1.366,651.582,1,True,False
4120,302.1,0.451,36.57673140656121,1.325,597.575,0,False,False
4121,302.1,0.46299999999999997,68.12484365921392,1.376,637.088,0,True,False
4122,302.1,0.478,53.56138238787153,1.364,651.992,0,False,False
4123,302.2,0.436,67.30051454733496,1.462,637.432,0,False,False
4124,302.1,0.389,52.81241265437919,1.517,590.1129999999999,0,False,True
4125,302.1,0.536,68.68753231294293,1.385,742.36,0,False,True
4126,302.1,0.4,71.46177547341804,1.439,575.6,0,False,False
4127,302.0,0.34299999999999997,69.52763201998224,1.623,556.689,0,False,False
4128,302.0,0.43200000000000005,40.69809906790761,1.438,621.216,0,False,True
4129,301.9,0.248,67.84466173273424,1.708,423.584,0,True,False
4130,301.8,0.327,48.999377472704865,1.666,544.782,1,True,False
4131,301.9,0.628,36.440068528466675,1.286,807.6080000000001,0,True,False
4132,301.9,0.46299999999999997,55.7415335944477,1.485,687.555,1,True,False
4133,301.8,0.525,56.67715514019005,1.409,739.725,0,False,False
4134,301.8,0.273,58.35870666762233,1.765,481.845,0,False,False
4135,301.8,0.28800000000000003,70.2412082695358,1.688,486.144,0,False,False
4136,301.7,0.267,50.442190457122955,1.787,477.129,0,True,False
4137,301.7,0.48,50.76402565519613,1.487,713.76,0,False,False
4138,301.7,0.505,38.027612812063026,1.384,698.92,0,True,False
4139,301.7,0.574,69.3410607996148,1.311,752.5139999999999,0,False,False
4140,301.7,0.308,63.3913045699792,1.62,498.96,0,False,False
4141,301.7,0.612,52.4712556346894,1.331,814.572,0,True,False
4142,301.7,0.38299999999999995,70.25944894586773,1.462,559.946,1,True,False
4143,301.7,0.502,61.867887461343855,1.424,714.8480000000001,0,True,False
4144,301.7,0.396,58.462247293526985,1.5,594.0,0,False,True
4145,301.8,0.28,60.56622718305633,1.738,486.64,0,False,True
4146,301.8,0.465,66.81740626335282,1.465,681.225,0,False,False
4147,301.8,0.414,68.00013022872997,1.482,613.548,0,True,False
4148,301.9,0.44,49.44789095703586,1.398,615.12,0,False,False
4149,301.9,0.213,42.03716816955766,1.972,420.036,0,False,False
4150,301.9,0.376,42.831709059525934,1.603,602.7280000000001,0,False,True
4151,301.9,0.348,66.96954429515009,1.61,560.28,0,True,False
4152,301.9,0.48,78.64366428835629,1.373,659.04,0,True,False
4153,302.0,0.447,55.47481391727759,1.425,636.975,0,False,False
4154,302.0,0.556,43.476008016473116,1.212,673.872,0,True,False
4155,302.0,0.263,72.83012491469273,1.828,480.764,0,True,False
4156,302.0,0.444,76.62447372097242,1.37,608.28,0,True,False
4157,302.0,0.251,79.02912215604833,1.823,457.57300000000004,0,False,False
4158,302.0,0.606,65.34157144568667,1.263,765.378,0,False,True
4159,301.9,0.215,78.03642796940423,1.889,406.135,1,False,True
4160,302.0,0.32899999999999996,35.770747922420384,1.639,539.231,0,False,False
4161,302.0,0.331,40.36179008847618,1.608,532.248,1,False,False
4162,301.9,0.324,39.62880335260494,1.653,535.572,1,True,False
4163,302.0,0.298,70.63023421273665,1.591,474.11800000000005,0,False,False
4164,302.1,0.309,38.47908917717895,1.696,524.064,0,True,False
4165,302.2,0.475,59.81821862331535,1.346,639.35,0,False,False
4166,302.2,0.40399999999999997,58.63534493181446,1.507,608.828,0,True,False
4167,302.3,0.48700000000000004,50.53517617791205,1.525,742.675,1,True,False
4168,302.3,0.33899999999999997,78.52025849710499,1.559,528.501,0,True,False
4169,302.2,0.305,43.5216600939998,1.632,497.76,1,True,False
4170,302.1,0.36,52.62313921996199,1.559,561.24,0,True,False
4171,302.2,0.515,73.70857500114646,1.355,697.825,0,True,False
4172,302.2,0.237,36.52111571966421,1.832,434.184,0,False,True
4173,302.2,0.5,68.64752001231844,1.386,693.0,0,False,False
4174,302.2,0.49200000000000005,75.81988631807853,1.346,662.232,0,False,False
4175,302.3,0.37799999999999995,81.61339194190836,1.499,566.622,0,False,True
4176,302.3,0.33399999999999996,78.81483202457424,1.612,538.4079999999999,1,False,True
4177,302.3,0.397,50.96920584168426,1.544,612.9680000000001,0,False,False
4178,302.5,0.392,64.31820706614764,1.477,578.984,1,False,True
4179,302.5,0.344,38.864674657523295,1.624,558.656,1,True,False
4180,302.4,0.461,47.893500177400426,1.349,621.889,0,True,False
4181,302.4,0.28800000000000003,39.71111893737537,1.686,485.56800000000004,0,False,False
4182,302.4,0.40399999999999997,50.759364507698194,1.521,614.484,0,False,False
4183,302.4,0.5479999999999999,78.75936067293645,1.362,746.3759999999999,0,False,False
4184,302.3,0.509,52.35834198371463,1.402,713.618,0,True,False
4185,302.2,0.532,63.09490515007132,1.334,709.688,0,True,False
4186,302.2,0.484,56.66904240574704,1.348,652.432,1,False,False
4187,302.2,0.34600000000000003,57.945826214936766,1.57,543.22,0,True,False
4188,302.2,0.33,83.47860259182792,1.601,528.33,0,False,False
4189,302.3,0.318,49.807723413192896,1.611,512.298,0,False,False
4190,302.4,0.318,66.36622347615857,1.56,496.08,0,False,False
4191,302.4,0.40700000000000003,56.00313347897235,1.444,587.7080000000001,0,False,True
4192,302.4,0.594,38.05730905238431,1.317,782.298,0,False,True
4193,302.5,0.431,59.4665415812118,1.463,630.553,0,False,False
4194,302.4,0.342,75.66716645225542,1.634,558.828,0,False,False
4195,302.4,0.462,39.937648434084416,1.423,657.426,1,False,False
4196,302.5,0.384,38.47959236981545,1.548,594.432,0,True,False
4197,302.5,0.35600000000000004,42.68157601966333,1.563,556.428,0,True,False
4198,302.4,0.365,73.22000556946531,1.573,574.145,0,True,False
4199,302.4,0.445,71.1997692072369,1.432,637.24,0,False,False
4200,302.5,0.32,63.25088844530553,1.638,524.16,1,False,False
4201,302.5,0.342,58.41132020463162,1.571,537.282,0,False,True
4202,302.4,0.154,79.4162907351311,2.211,340.494,0,True,False
4203,302.4,0.406,73.33489119167413,1.555,631.33,1,True,False
4204,302.3,0.319,75.59711256509026,1.558,497.00199999999995,0,False,True
4205,302.3,0.43200000000000005,75.66311506753271,1.523,657.936,0,True,False
4206,302.3,0.263,67.1358577372779,1.723,453.149,0,False,False
4207,302.3,0.284,57.90073121579729,1.721,488.76399999999995,0,False,False
4208,302.3,0.304,78.23388762928252,1.71,519.84,0,False,False
4209,302.3,0.32299999999999995,81.30037088016253,1.627,525.521,0,True,False
4210,302.2,0.47,36.19030216291715,1.422,668.34,0,True,False
4211,302.1,0.353,37.57774366331257,1.565,552.4449999999999,0,True,False
4212,302.1,0.528,82.93716484542186,1.314,693.7919999999999,1,False,False
4213,302.0,0.605,48.85803069220974,1.392,842.16,0,False,False
4214,302.1,0.40700000000000003,78.66847198247093,1.465,596.2550000000001,0,True,False
4215,301.9,0.366,54.43975594807013,1.573,575.7180000000001,1,False,False
4216,302.0,0.17800000000000002,40.95500288046778,2.157,383.94599999999997,0,False,True
4217,301.9,0.503,39.02216001046671,1.37,689.11,0,True,False
4218,301.9,0.38799999999999996,42.825394954022826,1.462,567.256,0,False,False
4219,302.0,0.405,47.49465974336824,1.479,598.995,1,False,False
4220,301.9,0.268,59.42591769654131,1.717,460.156,1,True,False
4221,301.9,0.659,70.07489502828918,1.26,830.34,0,True,False
4222,301.9,0.39299999999999996,84.31992882426499,1.467,576.531,1,False,False
4223,302.0,0.386,57.07533716445855,1.535,592.51,0,False,True
4224,302.0,0.319,60.90924711715549,1.657,528.583,1,False,True
4225,302.0,0.281,61.09078506916278,1.698,477.13800000000003,0,False,False
4226,302.1,0.493,61.97171777439681,1.359,669.987,0,False,False
4227,302.1,0.371,60.88703285522311,1.596,592.1160000000001,0,True,False
4228,302.2,0.469,35.43873775309589,1.383,648.627,0,False,False
4229,302.2,0.166,35.086241105492036,2.203,365.69800000000004,0,False,False
4230,302.2,0.46799999999999997,39.883315906306144,1.408,658.944,0,True,False
4231,302.2,0.32899999999999996,40.07783017145894,1.673,550.4169999999999,0,False,False
4232,302.2,0.478,70.2448454477398,1.34,640.52,0,False,False
4233,302.2,0.423,45.245801625799984,1.452,614.196,0,True,False
4234,302.2,0.534,79.73570523778065,1.302,695.268,0,False,True
4235,302.2,0.359,81.43031647885098,1.522,546.3979999999999,0,True,False
4236,302.2,0.414,83.79466689479494,1.438,595.332,1,True,False
4237,302.2,0.405,81.954065244351,1.604,649.62,0,True,False
4238,302.2,0.23199999999999998,48.594416095926235,1.832,425.024,0,False,True
4239,302.3,0.348,60.488842235175625,1.521,529.308,1,False,False
4240,302.3,0.376,43.77274850984705,1.446,543.696,0,True,False
4241,302.4,0.209,75.31048275862166,1.905,398.145,0,False,False
4242,302.4,0.479,79.42158525720481,1.475,706.525,0,True,False
4243,302.4,0.485,77.56444196487574,1.462,709.07,0,False,True
4244,302.4,0.423,56.66834743484175,1.435,607.0049999999999,0,False,False
4245,302.4,0.396,72.93369423433904,1.469,581.724,0,False,False
4246,302.6,0.43,39.87895847881347,1.52,653.6,0,False,True
4247,302.6,0.355,37.012238530962534,1.537,545.635,0,True,False
4248,302.6,0.6,72.66182071543804,1.369,821.4,0,True,False
4249,302.6,0.37200000000000005,56.26776371643419,1.506,560.2320000000001,0,False,False
4250,302.5,0.569,84.77746323697846,1.33,756.77,0,False,True
4251,302.6,0.38,39.86271079277662,1.66,630.8,0,True,False
4252,302.5,0.555,77.78138407676168,1.356,752.58,1,True,False
4253,302.6,0.51,58.99915327644959,1.438,733.38,0,True,False
4254,302.6,0.486,76.35750977519385,1.329,645.894,1,False,False
4255,302.6,0.68,75.85636410850725,1.284,873.12,0,True,False
4256,302.5,0.521,80.79960006810387,1.387,722.627,0,False,False
4257,302.6,0.33899999999999997,49.89250056430514,1.591,539.3489999999999,0,False,True
4258,302.6,0.39,82.48996767310015,1.589,619.71,0,False,False
4259,302.7,0.607,42.583348017881015,1.297,787.2790000000001,1,True,False
4260,302.7,0.35100000000000003,39.098438879674525,1.545,542.295,0,False,False
4261,302.7,0.434,56.58077586861746,1.418,615.4119999999999,0,True,False
4262,302.7,0.281,76.41614843209213,1.73,486.13,0,False,True
4263,302.6,0.207,58.67105653167228,2.001,414.207,0,False,False
4264,302.6,0.36200000000000004,76.4643338765257,1.62,586.44,0,True,False
4265,302.6,0.397,71.48434028971526,1.542,612.174,1,False,False
4266,302.6,0.38,45.47141930694668,1.424,541.12,0,False,False
4267,302.7,0.395,82.44408124497319,1.44,568.8,1,False,False
4268,302.6,0.428,38.03905843147017,1.52,650.56,0,True,False
4269,302.7,0.298,79.91398537718975,1.694,504.81200000000007,0,False,True
4270,302.6,0.392,50.2221724495187,1.61,631.1200000000001,0,False,True
4271,302.6,0.52,60.00740415821997,1.331,692.12,0,False,False
4272,302.6,0.41200000000000003,56.11759363503673,1.47,605.6400000000001,0,False,True
4273,302.5,0.369,43.59172784584581,1.577,581.913,0,True,False
4274,302.6,0.364,52.90734332008466,1.486,540.904,0,False,False
4275,302.4,0.40299999999999997,44.64672181463976,1.445,582.3349999999999,0,False,False
4276,302.4,0.36700000000000005,45.19432377302619,1.5,550.5000000000001,0,False,False
4277,302.2,0.475,44.352841801319016,1.456,691.6,0,False,False
4278,302.2,0.281,59.45086901732971,1.743,489.783,0,True,False
4279,302.0,0.504,74.89656837556578,1.409,710.136,0,True,False
4280,302.0,0.45399999999999996,63.44850168806205,1.361,617.894,0,True,False
4281,302.1,0.289,79.6603294275421,1.753,506.61699999999996,0,True,False
4282,302.0,0.22899999999999998,66.82722442883622,1.832,419.52799999999996,0,False,False
4283,301.9,0.485,69.46700578163022,1.374,666.39,0,True,False
4284,301.8,0.61,68.38036148635015,1.334,813.74,0,True,False
4285,301.8,0.40299999999999997,57.472959659187055,1.493,601.679,0,False,False
4286,301.7,0.49,69.46694111000414,1.317,645.33,0,False,False
4287,301.7,0.479,38.48538732344806,1.434,686.886,0,False,True
4288,301.7,0.392,77.99257359578316,1.457,571.144,0,False,False
4289,301.7,0.506,73.89060717219587,1.391,703.846,0,True,False
4290,301.8,0.239,47.261497911583945,1.781,425.65899999999993,0,False,True
4291,301.8,0.326,73.40162271270412,1.642,535.292,0,False,False
4292,301.8,0.19,35.632130070000926,2.032,386.08,0,True,False
4293,301.8,0.139,45.862328624044025,2.372,329.708,0,False,False
4294,301.8,0.449,38.2568619335448,1.393,625.457,0,False,True
4295,301.7,0.273,74.01134583089473,1.743,475.839,0,True,False
4296,301.8,0.40399999999999997,72.79370755891935,1.457,588.6279999999999,0,True,False
4297,301.8,0.057999999999999996,75.68180119009153,2.825,163.85,0,True,False
4298,301.8,0.342,35.22408466627644,1.609,550.278,0,True,False
4299,301.8,0.423,60.061636333920404,1.437,607.851,0,False,False
4300,301.7,0.501,70.24180987586684,1.402,702.4019999999999,0,False,False
4301,301.7,0.34600000000000003,42.770056436950775,1.644,568.8240000000001,1,True,False
4302,301.7,0.511,67.48953637563123,1.471,751.681,0,False,True
4303,301.7,0.126,39.20550496548429,2.695,339.57,1,False,True
4304,301.7,0.48100000000000004,44.06629280521566,1.435,690.235,0,False,False
4305,301.6,0.263,58.78984074973005,1.694,445.52200000000005,0,False,True
4306,301.6,0.266,67.6782576340551,1.687,448.742,0,True,False
4307,301.6,0.22899999999999998,42.29345634769481,1.869,428.001,0,False,False
4308,301.4,0.639,44.2611665415469,1.259,804.5009999999999,0,False,False
4309,301.4,0.47200000000000003,45.22231835328315,1.46,689.12,0,False,True
4310,301.3,0.395,46.93504023494892,1.501,592.895,0,False,True
4311,301.4,0.256,46.32769242631456,1.776,454.65600000000006,0,True,False
4312,301.5,0.408,54.75745542488184,1.468,598.944,0,False,True
4313,301.5,0.465,67.68948254183614,1.43,664.95,0,True,False
4314,301.4,0.466,56.90158915672348,1.502,699.932,0,False,True
4315,301.4,0.32299999999999995,73.79869543749442,1.623,524.2289999999999,0,False,True
4316,301.4,0.298,70.96342529743075,1.651,491.99800000000005,0,True,False
4317,301.5,0.33399999999999996,41.326345702453786,1.639,547.4259999999999,0,False,False
4318,301.5,0.446,37.4420811660372,1.417,631.9820000000001,0,True,False
4319,301.5,0.42200000000000004,78.89707819998031,1.541,650.302,0,False,False
4320,301.6,0.451,38.991553328143674,1.411,636.361,0,False,False
4321,301.7,0.446,42.416959035985656,1.397,623.062,0,False,False
4322,301.7,0.289,36.1066637779059,1.686,487.25399999999996,0,False,True
4323,301.7,0.44,66.41681826493269,1.431,629.64,0,False,False
4324,301.8,0.505,64.11852815791742,1.341,677.205,0,False,False
4325,301.7,0.43,84.34518332176279,1.486,638.98,0,False,True
4326,301.6,0.5710000000000001,79.3466198158586,1.384,790.2640000000001,1,False,True
4327,301.6,0.5579999999999999,55.542158874045484,1.362,759.9959999999999,0,True,False
4328,301.7,0.293,53.57929204562675,1.66,486.38,0,False,True
4329,301.6,0.48200000000000004,49.84260171399926,1.326,639.1320000000001,0,True,False
4330,301.6,0.303,42.62034600189407,1.566,474.49800000000005,0,False,True
4331,301.5,0.385,41.90418283010045,1.549,596.365,0,True,False
4332,301.6,0.311,41.614185400480274,1.746,543.0060000000001,0,True,False
4333,301.7,0.415,40.705737859338925,1.452,602.58,0,False,False
4334,301.6,0.33899999999999997,47.025602120276844,1.588,538.332,0,False,False
4335,301.6,0.425,50.33343151565582,1.472,625.6,0,True,False
4336,301.7,0.377,83.07894855194579,1.607,605.839,0,True,False
4337,301.6,0.536,63.923662550094285,1.423,762.7280000000001,0,False,False
4338,301.6,0.434,84.37978872566404,1.44,624.96,0,False,True
4339,301.6,0.43700000000000006,53.62334739128366,1.397,610.489,0,True,False
4340,301.7,0.466,57.88133162947205,1.524,710.1840000000001,0,True,False
4341,301.7,0.409,51.228932958263954,1.533,626.997,0,False,False
4342,301.7,0.46,44.144382544827636,1.398,643.08,0,True,False
4343,301.7,0.682,42.15823538887896,1.284,875.688,0,False,True
4344,301.7,0.39299999999999996,82.2539598903916,1.491,585.963,0,False,True
4345,301.8,0.513,84.34053408993779,1.418,727.434,0,False,False
4346,301.8,0.39799999999999996,37.245474825436574,1.546,615.308,0,True,False
4347,301.8,0.304,42.51729373658833,1.598,485.792,1,False,True
4348,301.9,0.275,56.176204615051134,1.724,474.1,0,False,False
4349,301.9,0.447,44.31667381722036,1.507,673.6290000000001,0,False,True
4350,301.9,0.314,53.194019681344166,1.595,500.83,0,False,False
4351,301.9,0.375,41.45481749298167,1.568,588.0,0,False,True
4352,301.8,0.43700000000000006,57.82558783608951,1.432,625.784,0,False,False
4353,301.9,0.428,48.584730808462965,1.424,609.472,0,False,False
4354,302.0,0.627,52.59525278793304,1.386,869.0219999999999,0,False,True
4355,302.0,0.581,39.71563257313738,1.456,845.936,0,False,False
4356,302.0,0.573,56.406402535507084,1.28,733.44,1,False,False
4357,302.0,0.31,84.16288054807849,1.649,511.19,0,True,False
4358,302.0,0.528,51.44165234405952,1.407,742.896,0,False,False
4359,302.0,0.345,78.82146374212175,1.606,554.07,0,False,False
4360,302.1,0.38,77.15995708118426,1.531,581.78,0,True,False
4361,302.1,0.358,82.60292091486053,1.543,552.3939999999999,0,True,False
4362,302.1,0.48200000000000004,74.50547561335472,1.379,664.678,0,False,False
4363,302.1,0.466,67.97984135294075,1.447,674.302,0,False,True
4364,302.1,0.24600000000000002,77.82922221137288,1.844,453.624,0,False,False
4365,302.1,0.299,38.78223403286748,1.615,482.885,0,True,False
4366,302.0,0.488,58.14153285994039,1.449,707.112,0,False,False
4367,302.0,0.514,84.46281193075293,1.388,713.432,0,True,False
4368,302.0,0.428,73.48000756473661,1.447,619.316,0,False,False
4369,302.0,0.28600000000000003,83.10376890186114,1.664,475.904,0,True,False
4370,302.0,0.272,73.98171780667396,1.735,471.92,0,True,False
4371,302.0,0.5760000000000001,78.7440983721072,1.308,753.408,0,True,False
4372,302.0,0.4,70.32648161515955,1.48,592.0,0,True,False
4373,301.9,0.41700000000000004,73.02510022086199,1.439,600.063,0,True,False
4374,301.9,0.359,61.15890049197503,1.533,550.347,0,True,False
4375,302.0,0.348,81.21188504070665,1.551,539.7479999999999,1,False,False
4376,302.0,0.363,76.25194553116808,1.414,513.2819999999999,0,False,False
4377,301.9,0.34600000000000003,77.19424828328161,1.551,536.6460000000001,0,True,False
4378,301.8,0.49,68.65045504815262,1.436,703.64,0,False,True
4379,301.9,0.45799999999999996,50.22899735436245,1.385,634.3299999999999,0,True,False
4380,301.8,0.301,36.78148976950697,1.732,521.332,0,False,False
4381,301.9,0.49,81.78275647047722,1.41,690.9,0,True,False
4382,301.9,0.43200000000000005,64.30601744027484,1.446,624.672,1,True,False
4383,301.8,0.396,49.90714855740701,1.525,603.9,0,False,False
4384,301.7,0.655,42.45675539237689,1.298,850.19,0,False,False
4385,301.8,0.42700000000000005,76.47615827503773,1.443,616.1610000000001,0,False,True
4386,301.8,0.45299999999999996,76.82600972237894,1.442,653.226,0,False,False
4387,301.9,0.319,75.72539840652658,1.719,548.361,0,False,True
4388,302.0,0.39399999999999996,67.2541345983393,1.532,603.608,1,True,False
4389,302.0,0.272,53.300769379593795,1.701,462.67199999999997,1,True,False
4390,302.1,0.451,50.20351423901285,1.355,611.105,1,True,False
4391,302.2,0.45399999999999996,35.42773850590851,1.421,645.134,0,True,False
4392,302.2,0.516,76.68037793441201,1.368,705.888,0,False,False
4393,302.2,0.451,39.37163487468212,1.458,657.558,0,False,False
4394,302.2,0.34600000000000003,66.53774990203839,1.572,543.912,0,True,False
4395,302.2,0.48700000000000004,60.20374734200442,1.483,722.221,0,False,True
4396,302.3,0.40399999999999997,61.33446794631756,1.513,611.252,0,False,True
4397,302.3,0.429,81.33564226538866,1.383,593.307,0,True,False
4398,302.4,0.377,36.580750563562106,1.539,580.203,0,True,False
4399,302.3,0.37799999999999995,73.66961123143861,1.563,590.814,0,True,False
4400,302.3,0.297,37.602619918365356,1.653,490.941,1,True,False
4401,302.3,0.509,36.90768029676886,1.353,688.677,0,True,False
4402,302.2,0.436,56.490884907069095,1.468,640.048,0,False,False
4403,302.3,0.33799999999999997,38.153758717148335,1.506,509.02799999999996,0,True,False
4404,302.3,0.499,74.45719756464561,1.388,692.612,0,True,False
4405,302.4,0.45899999999999996,61.47815468241686,1.485,681.615,0,False,True
4406,302.4,0.455,36.45193913298872,1.331,605.605,1,False,False
4407,302.5,0.585,37.02503432409598,1.326,775.71,1,False,True
4408,302.3,0.5539999999999999,65.63342648697397,1.394,772.276,1,True,False
4409,302.4,0.18899999999999997,75.30559088292024,2.009,379.70099999999996,0,True,False
4410,302.4,0.546,56.88997656373868,1.358,741.4680000000001,0,False,False
4411,302.5,0.322,62.72903357678122,1.586,510.69200000000006,0,True,False
4412,302.5,0.316,74.99147270249509,1.688,533.408,0,True,False
4413,302.6,0.43200000000000005,65.52530870209097,1.45,626.4000000000001,0,False,False
4414,302.7,0.473,46.238011882940974,1.398,661.2539999999999,0,False,False
4415,302.7,0.39299999999999996,65.65260129347394,1.52,597.3599999999999,0,False,False
4416,302.6,0.42700000000000005,66.41397295326068,1.514,646.4780000000001,0,False,False
4417,302.6,0.361,71.70534904405633,1.532,553.052,0,False,False
4418,302.6,0.6679999999999999,66.04370937784006,1.365,911.82,0,True,False
4419,302.6,0.332,83.4621065229019,1.642,545.144,1,True,False
4420,302.6,0.10800000000000001,44.864415435853424,2.676,289.00800000000004,0,True,False
4421,302.6,0.213,82.55453397835382,1.873,398.949,1,True,False
4422,302.6,0.624,61.91697451750081,1.325,826.8,0,False,True
4423,302.6,0.172,68.5978070247456,2.157,371.004,0,False,False
4424,302.6,0.39,39.97307987260949,1.563,609.57,0,False,False
4425,302.6,0.31,54.02879706890535,1.631,505.61,0,True,False
4426,302.5,0.369,73.46895732315863,1.547,570.843,0,True,False
4427,302.6,0.40399999999999997,70.34555075494951,1.479,597.516,0,True,False
4428,302.4,0.489,37.00696940827051,1.379,674.3309999999999,1,True,False
4429,302.4,0.212,62.329713174862235,1.906,404.07199999999995,0,True,False
4430,302.3,0.33399999999999996,39.41390964842047,1.731,578.154,0,False,True
4431,302.3,0.304,84.79282145890812,1.688,513.1519999999999,0,False,False
4432,302.3,0.546,79.86482942666473,1.443,787.878,0,False,False
4433,302.4,0.46399999999999997,36.05403302142685,1.445,670.48,0,False,False
4434,302.4,0.449,77.93247894513155,1.435,644.315,0,False,True
4435,302.4,0.32899999999999996,80.97148002792038,1.556,511.9239999999999,0,True,False
4436,302.3,0.527,52.67741112817275,1.321,696.1669999999999,0,True,False
4437,302.4,0.358,70.97508275238829,1.577,564.566,0,True,False
4438,302.4,0.312,57.10518731038894,1.578,492.336,0,False,True
4439,302.4,0.523,67.7616242288172,1.418,741.6139999999999,0,False,True
4440,302.4,0.5579999999999999,52.01587021490957,1.392,776.7359999999999,0,True,False
4441,302.5,0.44,51.12796183166341,1.446,636.24,0,False,True
4442,302.5,0.506,56.221694442878956,1.329,672.474,0,False,True
4443,302.5,0.348,42.27838793262506,1.563,543.924,0,True,False
4444,302.5,0.574,76.55694822176913,1.405,806.47,0,True,False
4445,302.4,0.16,52.43489476808183,2.224,355.84,0,False,False
4446,302.5,0.299,55.00747769529226,1.716,513.084,0,False,True
4447,302.5,0.355,79.70273063510723,1.584,562.32,0,True,False
4448,302.5,0.418,59.83119070315857,1.488,621.9839999999999,0,False,True
4449,302.4,0.512,62.21269546754314,1.374,703.488,0,True,False
4450,302.4,0.5429999999999999,82.82490623885492,1.378,748.2539999999999,0,False,False
4451,302.5,0.373,79.33631915724946,1.551,578.5229999999999,0,False,False
4452,302.5,0.409,43.47333544442198,1.549,633.5409999999999,0,False,False
4453,302.5,0.392,58.66075149590525,1.447,567.224,0,False,True
4454,302.4,0.537,83.56481137142728,1.4,751.8,0,False,True
4455,302.4,0.488,53.61831491143013,1.401,683.688,0,False,True
4456,302.4,0.289,53.57865542581,1.597,461.53299999999996,0,True,False
4457,302.3,0.46,44.75151158945772,1.487,684.02,0,False,False
4458,302.5,0.273,40.71615570595626,1.71,466.83,0,True,False
4459,302.6,0.47700000000000004,72.01523953779909,1.478,705.0060000000001,0,False,False
4460,302.6,0.263,73.50152343507582,1.743,458.409,0,False,False
4461,302.6,0.32799999999999996,83.45064817515,1.596,523.4879999999999,0,False,False
4462,302.7,0.308,73.67091054526816,1.642,505.736,0,False,False
4463,302.7,0.6779999999999999,47.167624701679934,1.263,856.314,0,False,True
4464,302.8,0.19899999999999998,37.00582891442577,2.016,401.18399999999997,0,True,False
4465,302.8,0.305,84.271869218483,1.671,509.655,0,False,False
4466,302.8,0.43200000000000005,52.02253477718028,1.404,606.528,0,True,False
4467,302.8,0.41100000000000003,50.598577121621034,1.47,604.17,0,True,False
4468,302.8,0.379,80.29776048746913,1.617,612.843,0,True,False
4469,302.7,0.29,64.2549949272493,1.725,500.25,0,False,True
4470,302.7,0.409,45.74355869245673,1.446,591.414,0,False,True
4471,302.7,0.34299999999999997,79.45481213581198,1.564,536.452,0,False,True
4472,302.8,0.29100000000000004,84.66804275273716,1.67,485.97,1,False,True
4473,302.7,0.48700000000000004,39.333928057541534,1.501,730.987,0,True,False
4474,302.7,0.359,78.11258141512437,1.551,556.809,0,True,False
4475,302.7,0.35,54.5257848842197,1.563,547.05,1,False,False
4476,302.7,0.418,61.20362232533522,1.351,564.718,0,False,False
4477,302.6,0.521,80.74079878824904,1.415,737.215,0,False,False
4478,302.6,0.342,83.66895978875587,1.647,563.274,0,True,False
4479,302.5,0.41600000000000004,48.10819552043997,1.477,614.432,0,False,False
4480,302.6,0.215,45.64253854799569,1.923,413.445,0,False,False
4481,302.7,0.552,39.02582792957559,1.305,720.36,1,True,False
4482,302.6,0.35100000000000003,63.0898926331069,1.544,541.944,0,False,False
4483,302.7,0.369,35.68021977253341,1.568,578.592,0,False,False
4484,302.7,0.42700000000000005,55.59491488049683,1.489,635.803,0,False,False
4485,302.6,0.431,38.669200832600424,1.451,625.381,1,True,False
4486,302.7,0.35700000000000004,55.261289146466694,1.542,550.494,1,False,False
4487,302.6,0.20199999999999999,36.996609463280464,1.965,396.93,0,True,False
4488,302.5,0.365,76.76086303043844,1.436,524.14,1,True,False
4489,302.5,0.376,45.48694969692829,1.509,567.384,0,False,True
4490,302.5,0.402,51.4154355178956,1.487,597.774,1,False,False
4491,302.5,0.203,78.5023998303196,1.967,399.301,0,True,False
4492,302.6,0.5329999999999999,72.31330306661025,1.409,750.997,0,False,False
4493,302.6,0.564,45.95191808210292,1.42,800.88,0,False,False
4494,302.7,0.377,38.5949709328748,1.511,569.647,0,False,True
4495,302.6,0.301,70.78368884276698,1.649,496.349,0,False,False
4496,302.6,0.5720000000000001,54.53512753440546,1.359,777.3480000000001,0,False,False
4497,302.5,0.36,73.30399995591105,1.605,577.8,0,False,False
4498,302.5,0.36,57.26473861876052,1.523,548.28,1,True,False
4499,302.6,0.36,52.30012064861382,1.614,581.04,0,True,False
4500,302.6,0.27399999999999997,57.56027041061982,1.721,471.5539999999999,0,False,False
4501,302.6,0.36200000000000004,72.42794928353383,1.638,592.956,0,False,False
4502,302.5,0.54,80.11101432701871,1.307,705.78,1,False,False
4503,302.4,0.28300000000000003,37.488359829428774,1.642,464.686,0,True,False
4504,302.5,0.305,61.20557706134775,1.751,534.055,1,True,False
4505,302.4,0.316,36.64177145419388,1.645,519.82,1,False,False
4506,302.4,0.46799999999999997,58.42047725121793,1.426,667.368,0,True,False
4507,302.4,0.366,79.26414145484502,1.52,556.32,0,False,False
4508,302.4,0.318,53.07951332101548,1.709,543.462,0,True,False
4509,302.4,0.466,81.62252105403216,1.426,664.5160000000001,1,False,False
4510,302.4,0.43700000000000006,66.53042358253047,1.429,624.4730000000001,0,False,True
4511,302.4,0.624,81.70776718965033,1.346,839.904,0,True,False
4512,302.5,0.43,72.85833127062598,1.454,625.22,0,False,False
4513,302.5,0.495,40.17175833243812,1.411,698.445,0,True,False
4514,302.4,0.244,46.55756837813385,1.9,463.6,0,False,False
4515,302.4,0.36200000000000004,54.708522729175314,1.479,535.398,0,False,False
4516,302.5,0.48200000000000004,43.5053441006038,1.415,682.03,0,False,False
4517,302.5,0.39,59.74558023883303,1.539,600.21,0,False,False
4518,302.4,0.316,58.56840778507453,1.52,480.32,1,False,True
4519,302.4,0.45799999999999996,82.81295990136906,1.48,677.84,0,True,False
4520,302.4,0.297,56.68639414479888,1.666,494.80199999999996,1,True,False
4521,302.4,0.47600000000000003,74.28134021439989,1.456,693.056,0,False,True
4522,302.4,0.239,82.095527242574,1.865,445.735,0,False,False
4523,302.5,0.21600000000000003,78.84944154869928,1.918,414.288,0,False,True
4524,302.5,0.484,45.433381225579595,1.488,720.192,1,False,False
4525,302.5,0.38799999999999996,59.80149471267721,1.527,592.476,1,False,True
4526,302.4,0.42200000000000004,52.386989114796286,1.463,617.3860000000001,0,False,False
4527,302.4,0.385,54.99293475686078,1.521,585.585,0,False,False
4528,302.4,0.457,53.040341312287566,1.372,627.004,0,False,True
4529,302.5,0.395,76.3179605087502,1.507,595.265,0,False,False
4530,302.4,0.34299999999999997,57.60695275612237,1.586,543.9979999999999,1,True,False
4531,302.5,0.42,61.18471661223441,1.487,624.54,0,True,False
4532,302.5,0.41200000000000003,84.12236785235373,1.52,626.2400000000001,1,True,False
4533,302.5,0.419,37.998963609575824,1.422,595.818,0,True,False
4534,302.4,0.525,59.39788198953744,1.375,721.875,0,True,False
4535,302.4,0.28,73.7030853473058,1.633,457.24,0,False,False
4536,302.4,0.36200000000000004,42.55809790941133,1.503,544.086,0,False,False
4537,302.4,0.451,65.5765797307387,1.351,609.3009999999999,0,False,False
4538,302.3,0.353,46.97323897672334,1.548,546.444,0,False,False
4539,302.4,0.233,78.37020566122837,1.923,448.059,0,True,False
4540,302.5,0.326,51.35498327000396,1.592,518.9920000000001,0,True,False
4541,302.5,0.35600000000000004,51.45314084504548,1.58,562.48,0,True,False
4542,302.5,0.46799999999999997,64.90969392589467,1.427,667.8359999999999,0,False,False
4543,302.5,0.327,44.17814540599544,1.581,516.9870000000001,0,True,False
4544,302.6,0.39899999999999997,49.24443194515305,1.542,615.2579999999999,0,True,False
4545,302.5,0.551,55.831592505970576,1.349,743.2990000000001,0,False,False
4546,302.5,0.43,52.68189315700552,1.463,629.09,0,False,True
4547,302.5,0.43200000000000005,61.24386090027912,1.429,617.328,0,True,False
4548,302.5,0.536,64.98200720344832,1.451,777.7360000000001,0,False,False
4549,302.6,0.37200000000000005,63.33337268750823,1.511,562.0920000000001,1,False,False
4550,302.6,0.375,67.7084155995966,1.549,580.875,0,False,True
4551,302.5,0.402,50.38747583039101,1.507,605.814,0,False,True
4552,302.6,0.337,41.321311357751405,1.524,513.5880000000001,0,True,False
4553,302.7,0.22699999999999998,73.04037707155385,1.88,426.76,0,True,False
4554,302.6,0.45399999999999996,77.5390191315341,1.461,663.294,0,False,True
4555,302.6,0.282,47.85031161112161,1.748,492.936,0,False,False
4556,302.7,0.267,55.35459780790099,1.69,451.23,0,False,False
4557,302.7,0.512,59.928460848177764,1.349,690.688,0,False,False
4558,302.7,0.263,61.66634213764682,1.686,443.418,0,False,False
4559,302.7,0.475,67.9745085543826,1.369,650.275,0,False,True
4560,302.7,0.43700000000000006,37.08016166776607,1.433,626.221,0,False,True
4561,302.7,0.419,71.07385413670085,1.597,669.143,0,False,False
4562,302.9,0.322,38.09855034897051,1.61,518.4200000000001,1,True,False
4563,302.7,0.5770000000000001,58.4144283836434,1.398,806.6460000000001,0,False,True
4564,302.7,0.2,76.3835567784597,1.977,395.4,0,True,False
4565,302.8,0.395,57.56076566391981,1.516,598.82,1,True,False
4566,302.7,0.55,42.454487438412386,1.275,701.25,0,False,True
4567,302.8,0.505,84.25169225029799,1.402,708.01,0,True,False
4568,302.8,0.447,79.46427310371317,1.451,648.5970000000001,1,True,False
4569,302.7,0.361,73.5656816612507,1.555,561.355,1,True,False
4570,302.8,0.35,55.57558014496052,1.636,572.6,0,False,True
4571,302.8,0.522,44.19228634446489,1.312,684.864,0,False,False
4572,302.8,0.298,82.07055907092507,1.708,508.98400000000004,0,False,False
4573,302.9,0.365,61.61755632585695,1.556,567.94,0,True,False
4574,302.8,0.435,77.61777301937425,1.436,624.66,0,False,True
4575,302.9,0.40700000000000003,52.104750287971285,1.402,570.614,0,False,True
4576,302.9,0.499,51.76441585397353,1.437,717.063,1,True,False
4577,302.9,0.218,84.27702403370196,1.926,419.86800000000005,0,False,False
4578,303.0,0.237,61.09165242474249,1.8,426.6,0,True,False
4579,303.0,0.326,42.034771193037315,1.641,534.966,0,False,True
4580,303.0,0.48200000000000004,45.98373389973537,1.374,662.268,0,False,False
4581,303.0,0.37,59.09721396963604,1.494,552.78,0,False,True
4582,303.0,0.32899999999999996,37.123545524420564,1.601,526.7289999999999,0,True,False
4583,302.9,0.369,58.126699268915026,1.634,602.946,0,False,True
4584,302.9,0.377,55.947042104006385,1.467,553.059,1,False,True
4585,302.8,0.32299999999999995,73.96681326597434,1.55,500.6499999999999,0,False,False
4586,302.8,0.322,52.74709822446209,1.563,503.28600000000006,0,False,True
4587,302.7,0.483,84.12743807697997,1.395,673.785,0,True,False
4588,302.8,0.33399999999999996,44.03849596504516,1.507,503.33799999999997,0,True,False
4589,302.8,0.385,64.54933424840675,1.564,602.14,0,False,False
4590,302.8,0.3,39.48496485041273,1.721,516.3,0,False,False
4591,302.8,0.361,71.69319919969911,1.456,525.616,0,False,False
4592,302.9,0.17800000000000002,84.73768440309857,2.102,374.156,0,True,False
4593,302.9,0.33899999999999997,75.95693188758162,1.555,527.145,1,False,False
4594,303.0,0.419,62.785177036015064,1.409,590.371,0,True,False
4595,303.0,0.414,59.2370678699846,1.387,574.218,0,False,False
4596,303.0,0.439,76.75149806334235,1.46,640.94,0,False,False
4597,303.0,0.47600000000000003,81.7987042355362,1.361,647.836,0,False,False
4598,303.0,0.43,84.46032628990466,1.49,640.7,0,True,False
4599,303.1,0.49200000000000005,54.826961378224205,1.399,688.308,0,False,False
4600,303.1,0.5579999999999999,84.54587373972561,1.42,792.36,0,True,False
4601,303.0,0.442,42.79631260869157,1.359,600.678,0,True,False
4602,303.0,0.5429999999999999,47.67748879659546,1.372,744.9959999999999,0,False,True
4603,303.0,0.41700000000000004,39.45080623669481,1.409,587.553,0,False,True
4604,302.9,0.583,48.58692582422408,1.452,846.516,1,True,False
4605,302.9,0.24600000000000002,73.39687758090056,1.82,447.72,1,False,True
4606,302.9,0.48700000000000004,77.6462179089225,1.469,715.403,0,False,True
4607,302.9,0.45299999999999996,73.9446322551286,1.556,704.8679999999999,0,False,True
4608,303.0,0.20199999999999999,66.55328890838481,1.98,399.96,0,True,False
4609,303.0,0.38,60.69832562613228,1.519,577.22,0,False,True
4610,303.0,0.44,70.43521446068232,1.456,640.64,1,True,False
4611,303.1,0.45299999999999996,54.54167746336109,1.394,631.482,0,True,False
4612,303.0,0.562,77.06541757498509,1.365,767.13,0,True,False
4613,303.0,0.165,68.85950469883927,2.194,362.01,0,False,False
4614,303.1,0.556,69.89023492472043,1.403,780.068,0,True,False
4615,303.0,0.37,61.79679965645356,1.503,556.11,0,True,False
4616,303.0,0.293,79.26144921055862,1.793,525.349,0,True,False
4617,303.1,0.245,47.600736683952626,1.829,448.105,0,False,True
4618,303.1,0.233,54.05738266805254,1.831,426.62300000000005,0,False,True
4619,303.0,0.536,73.88212848388446,1.335,715.56,0,True,False
4620,303.1,0.19699999999999998,59.63744480646689,2.056,405.032,0,False,True
4621,303.1,0.526,79.46070067120954,1.336,702.7360000000001,0,False,True
4622,303.0,0.51,52.31996598814261,1.341,683.91,0,False,True
4623,303.0,0.373,53.46650844098224,1.526,569.198,0,True,False
4624,303.0,0.40700000000000003,79.43678946933127,1.525,620.6750000000001,1,False,False
4625,303.0,0.39799999999999996,58.21851600910205,1.428,568.3439999999999,0,False,True
4626,303.0,0.457,60.806229210124336,1.511,690.5269999999999,0,False,False
4627,303.0,0.298,51.63818576678397,1.664,495.87200000000007,0,True,False
4628,303.0,0.389,48.83349710895409,1.592,619.288,0,False,False
4629,303.0,0.36700000000000005,67.7974355419196,1.597,586.099,1,False,False
4630,303.0,0.261,40.99203307706019,1.735,452.835,0,False,False
4631,302.9,0.23800000000000002,78.96363205914545,1.751,416.73800000000006,0,True,False
4632,303.0,0.446,73.96015683825539,1.383,616.818,1,True,False
4633,302.9,0.537,44.53741318529014,1.33,714.21,0,False,True
4634,303.0,0.505,69.70099729122828,1.382,697.91,0,False,True
4635,303.0,0.304,65.13164606428174,1.755,533.52,0,True,False
4636,303.0,0.35700000000000004,44.22675253683221,1.614,576.198,0,False,True
4637,303.0,0.43,48.660175302511625,1.466,630.38,0,True,False
4638,303.1,0.247,55.44932518669172,1.847,456.209,0,False,False
4639,303.1,0.348,69.9621367622737,1.474,512.952,0,False,True
4640,303.1,0.318,66.9361704408503,1.657,526.9259999999999,1,False,True
4641,303.1,0.401,61.611742383834894,1.435,575.435,0,False,True
4642,303.1,0.42700000000000005,73.4205271557017,1.494,637.938,0,True,False
4643,303.2,0.546,72.8968869803083,1.238,675.948,0,False,True
4644,303.2,0.542,65.8929577031128,1.324,717.6080000000001,0,True,False
4645,303.2,0.41200000000000003,74.34950416924127,1.514,623.768,0,False,False
4646,303.3,0.256,51.71316873896046,1.732,443.39200000000005,0,False,False
4647,303.3,0.46,79.06247641613028,1.497,688.62,0,False,False
4648,303.3,0.215,65.74550429009705,1.958,420.97,0,True,False
4649,303.3,0.325,76.11817569062153,1.63,529.75,0,False,True
4650,303.3,0.591,62.3139552395142,1.395,824.445,0,True,False
4651,303.3,0.305,45.921912249434016,1.658,505.69,0,True,False
4652,303.2,0.511,62.12050643391543,1.349,689.339,0,False,False
4653,303.1,0.529,53.5555831888294,1.452,768.1080000000001,0,False,False
4654,303.1,0.355,69.87495180185473,1.594,565.87,0,False,True
4655,303.1,0.47600000000000003,58.789689586736785,1.51,718.76,0,True,False
4656,303.1,0.226,76.80564024638439,1.854,419.004,0,True,False
4657,303.1,0.32299999999999995,68.90362561609584,1.626,525.198,1,False,True
4658,303.1,0.35200000000000004,69.2272216515662,1.628,573.056,0,False,False
4659,303.1,0.348,45.85776667455325,1.679,584.2919999999999,0,True,False
4660,303.1,0.445,84.21248832456452,1.489,662.605,0,False,False
4661,303.2,0.439,77.08376046357444,1.439,631.721,0,False,False
4662,303.3,0.48100000000000004,74.45024422803473,1.35,649.35,1,False,False
4663,303.3,0.317,51.510761258001374,1.607,509.41900000000004,0,False,False
4664,303.3,0.539,61.7815826423616,1.389,748.6709999999999,1,False,True
4665,303.3,0.461,41.855159403716435,1.566,721.926,0,False,True
4666,303.4,0.54,61.923798833135294,1.307,705.78,0,False,False
4667,303.3,0.366,42.294462324164364,1.569,574.254,0,True,False
4668,303.3,0.306,62.65189219948006,1.651,505.2060000000001,0,False,True
4669,303.3,0.27899999999999997,67.43609400774528,1.692,472.068,0,False,False
4670,303.3,0.473,54.50979836249512,1.373,649.429,1,False,False
4671,303.2,0.355,59.92724391656466,1.61,571.55,0,True,False
4672,303.3,0.434,78.78266938372929,1.511,655.7739999999999,0,False,True
4673,303.3,0.556,40.42815723514047,1.412,785.072,0,False,False
4674,303.4,0.36200000000000004,74.58664464998265,1.501,543.3620000000001,0,True,False
4675,303.4,0.44799999999999995,43.53772754980982,1.414,633.472,0,False,False
4676,303.5,0.335,36.83539914023142,1.629,545.715,0,False,True
4677,303.4,0.213,44.27873013725239,1.879,400.22700000000003,0,True,False
4678,303.5,0.47,73.25215949852449,1.466,689.02,0,False,True
4679,303.6,0.401,55.256303666842996,1.476,591.876,0,False,False
4680,303.6,0.307,78.6260258423091,1.695,520.365,0,False,False
4681,303.6,0.39799999999999996,61.23537705911329,1.491,593.418,0,True,False
4682,303.6,0.34700000000000003,36.11251759631655,1.659,575.673,1,True,False
4683,303.6,0.317,70.83568048009633,1.567,496.73900000000003,0,False,True
4684,303.6,0.32899999999999996,40.511645436061634,1.736,571.1439999999999,0,True,False
4685,303.6,0.44799999999999995,74.46898167309622,1.421,636.608,0,False,True
4686,303.6,0.308,43.405127490259005,1.627,501.116,0,True,False
4687,303.5,0.342,52.272319290275675,1.562,534.2040000000001,0,True,False
4688,303.5,0.17,73.06357148126801,2.183,371.11,1,True,False
4689,303.5,0.381,82.71156787382108,1.577,600.837,0,False,False
4690,303.4,0.364,53.571697532336614,1.56,567.84,1,False,True
4691,303.4,0.43,76.47001100994679,1.483,637.69,0,True,False
4692,303.5,0.33299999999999996,44.539613273791936,1.535,511.1549999999999,0,True,False
4693,303.4,0.29600000000000004,75.35898851012456,1.606,475.37600000000003,0,True,False
4694,303.4,0.247,67.87470296281255,1.817,448.79900000000004,0,False,False
4695,303.4,0.508,44.63717536061842,1.424,723.3919999999999,0,False,False
4696,303.3,0.34700000000000003,50.12519801757058,1.514,525.3580000000001,0,False,True
4697,303.4,0.41700000000000004,41.5885444298518,1.449,604.2330000000001,0,False,False
4698,303.5,0.34,54.148350553215664,1.573,534.82,0,False,False
4699,303.4,0.419,45.18243205616387,1.564,655.316,0,True,False
4700,303.5,0.462,67.19989768152368,1.428,659.7360000000001,0,False,True
4701,303.5,0.31,84.72525521102793,1.62,502.2,0,True,False
4702,303.5,0.327,35.60045815421321,1.584,517.9680000000001,1,True,False
4703,303.6,0.6679999999999999,62.045990664364936,1.222,816.2959999999999,1,False,False
4704,303.6,0.425,63.68332987745049,1.432,608.6,0,False,False
4705,303.7,0.33299999999999996,80.71043948404059,1.561,519.813,0,False,False
4706,303.6,0.332,60.30026673834688,1.614,535.8480000000001,0,False,False
4707,303.5,0.223,62.185070982245875,1.959,436.857,0,False,True
4708,303.5,0.235,58.58264006641943,1.944,456.84,0,True,False
4709,303.4,0.258,48.44521522807407,1.793,462.594,0,False,True
4710,303.4,0.5,37.80145666244569,1.446,723.0,0,False,False
4711,303.4,0.322,55.432884110491806,1.673,538.706,0,False,False
4712,303.4,0.442,37.629573562033926,1.515,669.63,0,False,False
4713,303.4,0.359,62.52462347329589,1.564,561.476,0,True,False
4714,303.5,0.452,50.364682162114654,1.451,655.852,0,False,True
4715,303.4,0.28300000000000003,61.68012007627139,1.693,479.119,0,False,False
4716,303.4,0.423,41.71484821975933,1.476,624.348,0,True,False
4717,303.4,0.301,81.63149828696798,1.712,515.312,0,False,False
4718,303.4,0.45399999999999996,79.72606217749674,1.425,646.95,0,False,True
4719,303.3,0.568,44.499825460114224,1.337,759.4159999999999,0,False,False
4720,303.4,0.349,52.17221416470049,1.69,589.81,0,False,True
4721,303.4,0.441,65.67463859259898,1.353,596.673,0,True,False
4722,303.5,0.21899999999999997,39.78431036529531,1.927,422.013,0,True,False
4723,303.4,0.42700000000000005,52.72839105580754,1.391,593.957,0,True,False
4724,303.4,0.509,47.55561434095031,1.366,695.294,0,False,False
4725,303.4,0.316,80.77583643583483,1.771,559.6360000000001,1,True,False
4726,303.4,0.426,77.62553181446026,1.515,645.39,0,True,False
4727,303.4,0.183,63.99163706334319,2.133,390.339,0,False,True
4728,303.4,0.47,61.01731684357871,1.341,630.27,1,False,True
4729,303.4,0.47100000000000003,81.53628972726986,1.406,662.2260000000001,1,False,False
4730,303.4,0.61,81.62138914894076,1.306,796.66,0,True,False
4731,303.3,0.355,83.46650626758301,1.508,535.34,0,True,False
4732,303.3,0.451,41.26894420540938,1.301,586.751,0,True,False
4733,303.3,0.385,43.02789053815851,1.539,592.515,0,False,False
4734,303.3,0.446,68.83683493399434,1.484,661.864,0,False,True
4735,303.2,0.392,62.071723830492246,1.507,590.744,0,False,False
4736,303.2,0.425,35.9232952446618,1.544,656.2,0,True,False
4737,303.2,0.379,38.09875179947597,1.513,573.427,0,False,False
4738,303.2,0.5820000000000001,79.40401911294026,1.336,777.552,0,True,False
4739,303.2,0.19,78.44353977696932,2.102,399.38,1,True,False
4740,303.2,0.5379999999999999,52.86354609980226,1.351,726.8380000000001,0,False,False
4741,303.3,0.35200000000000004,79.55253084652674,1.601,563.552,0,False,False
4742,303.2,0.529,64.6837537198951,1.393,736.8969999999999,0,True,False
4743,303.3,0.337,75.29528235094509,1.592,536.504,0,True,False
4744,303.3,0.518,56.37155355801072,1.409,729.862,0,False,True
4745,303.3,0.474,40.669916367245435,1.393,660.2819999999999,0,True,False
4746,303.2,0.431,56.68635313230081,1.475,635.725,0,True,False
4747,303.2,0.456,57.8649898998449,1.427,650.712,0,True,False
4748,303.3,0.273,62.54720969203015,1.763,481.29900000000004,0,True,False
4749,303.2,0.467,40.2791356452214,1.363,636.5210000000001,0,True,False
4750,303.2,0.509,84.57009315248058,1.404,714.636,1,False,True
4751,303.2,0.319,47.20684104034532,1.688,538.472,0,True,False
4752,303.3,0.373,44.927620176854646,1.51,563.2299999999999,0,False,False
4753,303.3,0.395,61.34014594279682,1.502,593.29,0,False,False
4754,303.2,0.366,61.86040896974443,1.607,588.162,0,False,False
4755,303.3,0.5479999999999999,56.99103689166221,1.384,758.432,0,False,True
4756,303.4,0.513,73.59460731626272,1.295,664.335,0,False,True
4757,303.4,0.19,60.83272003643013,1.991,378.29,0,True,False
4758,303.4,0.428,65.4847727572492,1.497,640.716,0,False,True
4759,303.5,0.48700000000000004,71.18731927038928,1.465,713.455,0,False,False
4760,303.5,0.465,36.25125507819333,1.361,632.865,1,False,True
4761,303.6,0.385,63.532209127252244,1.546,595.21,0,False,False
4762,303.7,0.527,79.20972356141846,1.332,701.964,0,False,True
4763,303.7,0.114,35.86943714627169,2.663,303.582,0,False,True
4764,303.7,0.45899999999999996,55.259105190048054,1.443,662.337,0,True,False
4765,303.7,0.486,81.3113725102915,1.402,681.372,0,False,False
4766,303.7,0.225,52.65772011412689,1.892,425.7,1,False,True
4767,303.6,0.35700000000000004,57.93644121001204,1.645,587.2650000000001,0,False,True
4768,303.6,0.501,84.07706965221564,1.473,737.9730000000001,0,True,False
4769,303.6,0.529,44.96619294752869,1.309,692.4609999999999,0,False,False
4770,303.6,0.371,38.26275945625029,1.544,572.8240000000001,1,True,False
4771,303.5,0.493,77.97112954306522,1.344,662.592,0,True,False
4772,303.6,0.36,78.42326706061843,1.617,582.12,0,False,False
4773,303.6,0.379,58.603891734000655,1.435,543.865,0,True,False
4774,303.6,0.503,60.71035872386432,1.391,699.673,0,False,True
4775,303.6,0.233,76.79031848089181,1.827,425.691,0,True,False
4776,303.5,0.258,71.92797490578975,1.761,454.338,0,False,True
4777,303.5,0.364,48.257450110850534,1.522,554.0079999999999,0,True,False
4778,303.5,0.23600000000000002,35.84466775357592,1.818,429.048,0,True,False
4779,303.6,0.546,58.985008126677286,1.371,748.566,0,True,False
4780,303.7,0.389,77.94561630478208,1.511,587.779,0,True,False
4781,303.7,0.466,79.79173383450811,1.404,654.264,0,True,False
4782,303.7,0.45899999999999996,82.8113098538077,1.384,635.256,0,True,False
4783,303.8,0.526,78.97816188063906,1.368,719.568,0,False,False
4784,303.7,0.36,64.00217776490491,1.641,590.76,0,True,False
4785,303.9,0.32299999999999995,57.230279961805046,1.642,530.366,0,False,False
4786,303.9,0.5,73.74249232670496,1.401,700.5,0,True,False
4787,303.8,0.413,71.99108171827982,1.577,651.3009999999999,0,False,True
4788,303.7,0.441,61.90717150407272,1.396,615.636,0,False,True
4789,303.7,0.355,39.36636862792346,1.514,537.47,0,False,False
4790,303.8,0.358,81.30406733934595,1.646,589.2679999999999,0,True,False
4791,303.8,0.40700000000000003,57.780126875083106,1.443,587.301,0,True,False
4792,303.7,0.485,53.16668909581321,1.469,712.465,0,False,True
4793,303.7,0.402,66.47836975843859,1.564,628.7280000000001,0,True,False
4794,303.6,0.402,68.69189805834884,1.498,602.196,0,True,False
4795,303.6,0.27899999999999997,45.53439585151507,1.699,474.02099999999996,0,True,False
4796,303.6,0.49,76.84694224049781,1.431,701.19,0,True,False
4797,303.5,0.473,49.49685468311889,1.39,657.47,1,True,False
4798,303.5,0.461,44.334196295715834,1.38,636.18,1,False,True
4799,303.5,0.46399999999999997,55.31999264272487,1.457,676.048,0,True,False
4800,303.5,0.42200000000000004,71.52800404487326,1.418,598.3960000000001,1,False,False
4801,303.5,0.51,83.27290892199017,1.353,690.03,0,True,False
4802,303.5,0.327,75.46406321857165,1.574,514.698,1,True,False
4803,303.5,0.542,82.01741888350958,1.318,714.3560000000001,0,False,True
4804,303.6,0.314,42.03029020382634,1.71,536.94,1,True,False
4805,303.7,0.38799999999999996,38.55883994318384,1.621,628.948,0,False,True
4806,303.6,0.336,62.88523809533356,1.606,539.6160000000001,0,False,False
4807,303.6,0.54,49.51487415220171,1.375,742.5,0,True,False
4808,303.5,0.365,76.40274864846364,1.503,548.595,0,False,True
4809,303.5,0.486,68.5993935701163,1.404,682.344,0,True,False
4810,303.4,0.327,83.53640819928972,1.656,541.5120000000001,1,False,True
4811,303.4,0.39399999999999996,47.73961778656521,1.499,590.606,0,True,False
4812,303.4,0.284,59.28920571776162,1.748,496.43199999999996,0,False,True
4813,303.4,0.379,60.06202387126766,1.531,580.249,0,True,False
4814,303.3,0.406,46.95883974286881,1.536,623.6160000000001,0,False,False
4815,303.4,0.53,64.50466997440039,1.401,742.53,1,False,True
4816,303.4,0.332,57.164299303961975,1.534,509.288,1,False,True
4817,303.4,0.359,57.33607779949368,1.521,546.039,0,False,True
4818,303.5,0.308,53.13683239862418,1.674,515.5920000000001,0,False,True
4819,303.6,0.209,35.84646762127675,1.967,411.10299999999995,0,False,True
4820,303.6,0.307,61.104761845739446,1.696,520.672,0,True,False
4821,303.6,0.325,51.76239178501656,1.627,528.775,0,True,False
4822,303.5,0.456,35.065993449216485,1.405,640.68,0,True,False
4823,303.5,0.389,50.3971853830966,1.565,608.785,0,True,False
4824,303.5,0.387,48.93141665448785,1.493,577.791,0,True,False
4825,303.4,0.45,54.67240766118179,1.499,674.55,0,False,False
4826,303.3,0.306,41.592599482169845,1.692,517.7520000000001,0,True,False
4827,303.4,0.158,60.38419123175422,2.268,358.344,0,False,False
4828,303.4,0.589,69.6220176259065,1.438,846.982,0,True,False
4829,303.5,0.392,66.50927845272862,1.515,593.8800000000001,1,True,False
4830,303.4,0.382,75.18774737845953,1.491,569.562,0,False,False
4831,303.5,0.297,57.60041439935406,1.756,521.5319999999999,0,False,True
4832,303.5,0.545,60.95458651698641,1.366,744.47,0,False,False
4833,303.5,0.451,75.52009704294917,1.436,647.636,1,False,False
4834,303.4,0.41600000000000004,56.38505854096192,1.377,572.832,0,True,False
4835,303.4,0.42200000000000004,70.07996749497985,1.51,637.22,0,False,False
4836,303.4,0.509,56.73011843589959,1.419,722.271,0,True,False
4837,303.3,0.62,55.88680972557813,1.315,815.3,0,True,False
4838,303.3,0.27699999999999997,73.010281226458,1.806,500.26199999999994,0,False,False
4839,303.3,0.294,43.74184577331056,1.649,484.806,0,True,False
4840,303.4,0.5,51.92929859707868,1.402,701.0,1,True,False
4841,303.4,0.639,46.20861383734509,1.298,829.422,0,False,True
4842,303.3,0.449,52.955497148379855,1.441,647.009,0,False,True
4843,303.3,0.494,46.5187411183012,1.489,735.5659999999999,1,True,False
4844,303.3,0.245,63.97028155433273,1.842,451.29,0,True,False
4845,303.4,0.509,74.90854013089226,1.316,669.8439999999999,0,True,False
4846,303.3,0.33299999999999996,74.33065306089509,1.583,527.1389999999999,0,True,False
4847,303.3,0.335,53.22504822743962,1.548,518.58,1,False,True
4848,303.4,0.446,84.43802029471308,1.434,639.564,0,True,False
4849,303.5,0.529,64.69271823529004,1.397,739.013,0,False,True
4850,303.5,0.429,54.970015088914735,1.475,632.775,0,True,False
4851,303.5,0.568,76.77696396207128,1.441,818.488,1,False,True
4852,303.7,0.518,71.49370063213203,1.363,706.034,1,True,False
4853,303.7,0.349,72.46376684120523,1.619,565.031,0,False,True
4854,303.7,0.34,44.80696748669358,1.487,505.58,0,True,False
4855,303.7,0.33799999999999997,58.41621536842776,1.568,529.9839999999999,0,False,False
4856,303.7,0.462,78.09140654123013,1.375,635.2500000000001,0,True,False
4857,303.6,0.313,60.201900381437866,1.698,531.474,0,True,False
4858,303.7,0.374,69.17263717105251,1.606,600.6439999999999,0,False,True
4859,303.7,0.51,64.39668665171322,1.349,687.99,0,False,True
4860,303.7,0.386,77.1178393859191,1.535,592.51,0,False,True
4861,303.6,0.495,49.22804198808013,1.504,744.48,0,False,False
4862,303.5,0.21100000000000002,63.77376389431824,1.946,410.60600000000005,0,False,True
4863,303.5,0.557,41.1617334004902,1.326,738.582,0,True,False
4864,303.6,0.223,69.51053883497339,1.915,427.045,0,True,False
4865,303.6,0.434,71.59839191763561,1.451,629.734,0,True,False
4866,303.5,0.348,37.141866059449924,1.624,565.1519999999999,0,False,False
4867,303.6,0.287,68.78954818139925,1.781,511.147,0,True,False
4868,303.6,0.541,55.734507708289314,1.345,727.645,1,True,False
4869,303.6,0.46,41.20484380548412,1.418,652.28,0,False,False
4870,303.7,0.265,55.99537738492338,1.718,455.27,1,False,True
4871,303.7,0.285,44.71164648477908,1.631,464.835,0,True,False
4872,303.7,0.401,55.77797660616582,1.513,606.7130000000001,0,True,False
4873,303.7,0.593,54.21695139792639,1.316,780.388,0,True,False
4874,303.7,0.38799999999999996,71.91958184680287,1.474,571.9119999999999,0,True,False
4875,303.8,0.309,73.71077790831794,1.619,500.27099999999996,0,True,False
4876,303.7,0.312,65.35143271922733,1.702,531.024,0,False,False
4877,303.7,0.374,36.13434210912238,1.54,575.96,1,False,False
4878,303.7,0.337,81.5511139535497,1.546,521.0020000000001,0,False,False
4879,303.7,0.51,69.31166400482238,1.348,687.48,0,True,False
4880,303.7,0.35600000000000004,36.70977249605944,1.52,541.12,0,False,True
4881,303.8,0.419,75.9416449607059,1.527,639.813,0,True,False
4882,303.8,0.47100000000000003,45.01330773589981,1.406,662.2260000000001,0,False,False
4883,303.7,0.462,63.96105947855534,1.462,675.4440000000001,0,False,True
4884,303.8,0.293,58.33171849750936,1.684,493.41200000000003,0,True,False
4885,303.8,0.28,55.99193911775383,1.655,463.4,0,True,False
4886,303.8,0.251,79.48568600621988,1.748,438.74800000000005,0,False,True
4887,303.8,0.457,56.868064578130735,1.372,627.004,0,True,False
4888,303.7,0.33299999999999996,38.767205878657535,1.481,493.17299999999994,0,False,False
4889,303.7,0.392,82.33193636074762,1.512,592.7040000000001,1,True,False
4890,303.7,0.366,81.02676156198137,1.632,597.312,0,False,False
4891,303.7,0.439,69.22163447907994,1.525,669.475,0,True,False
4892,303.7,0.264,58.39462640660125,1.756,463.58399999999995,0,True,False
4893,303.7,0.231,39.64297364717606,1.922,443.982,0,False,False
4894,303.8,0.44299999999999995,74.53740592887381,1.448,641.4639999999999,0,True,False
4895,303.8,0.466,38.77389572120145,1.447,674.302,0,True,False
4896,303.8,0.33399999999999996,38.430049244757285,1.597,533.3979999999999,0,True,False
4897,303.7,0.32299999999999995,61.8691921219684,1.642,530.366,0,True,False
4898,303.8,0.38,43.00641200923201,1.525,579.5,0,True,False
4899,303.6,0.537,35.38651336701745,1.46,784.02,0,True,False
4900,303.6,0.177,56.15567154978931,2.168,383.736,0,False,True
4901,303.6,0.419,41.8608615805033,1.388,581.572,0,True,False
4902,303.6,0.324,43.02577076403456,1.63,528.12,0,False,False
4903,303.6,0.293,38.84553193676673,1.616,473.48800000000006,0,True,False
4904,303.6,0.168,45.254687686180496,2.232,374.976,0,True,False
4905,303.6,0.507,70.77420898871947,1.48,750.36,1,False,True
4906,303.6,0.531,75.44636536088957,1.363,723.753,0,True,False
4907,303.6,0.456,57.62668220146503,1.436,654.816,1,False,True
4908,303.6,0.337,60.32769079407088,1.607,541.559,0,True,False
4909,303.6,0.48200000000000004,36.63275172971013,1.459,703.238,0,False,False
4910,303.5,0.43700000000000006,38.46581306856584,1.481,647.197,0,False,False
4911,303.5,0.317,47.878386282475844,1.606,509.102,0,False,True
4912,303.5,0.298,62.19492103565737,1.681,500.93800000000005,0,False,False
4913,303.5,0.371,71.97755743674965,1.511,560.581,0,False,False
4914,303.5,0.35200000000000004,65.25015306690165,1.593,560.7360000000001,0,True,False
4915,303.5,0.41700000000000004,54.60639274933941,1.532,638.844,0,True,False
4916,303.5,0.49,40.91620365015691,1.386,679.14,0,False,True
4917,303.4,0.27899999999999997,74.03866174435947,1.769,493.551,0,True,False
4918,303.4,0.382,53.18930257995285,1.561,596.302,1,True,False
4919,303.3,0.40700000000000003,71.80270072413948,1.457,592.999,0,False,True
4920,303.3,0.4,60.64894209571709,1.506,602.4,0,True,False
4921,303.4,0.6940000000000001,71.93310267809126,1.337,927.878,1,False,True
4922,303.4,0.5479999999999999,80.3644780726286,1.287,705.276,0,False,False
4923,303.4,0.35700000000000004,81.0514758026901,1.615,576.5550000000001,0,False,False
4924,303.4,0.235,61.75533900003017,1.972,463.42,1,False,True
4925,303.4,0.42100000000000004,60.57541823828194,1.522,640.7620000000001,0,True,False
4926,303.4,0.306,48.28392327514186,1.68,514.08,0,True,False
4927,303.4,0.36,81.78999157646456,1.502,540.72,0,False,False
4928,303.5,0.33299999999999996,57.895958359981044,1.543,513.819,0,True,False
4929,303.5,0.35200000000000004,41.37956196436886,1.584,557.568,0,False,False
4930,303.5,0.445,56.6352457313275,1.34,596.3,0,False,True
4931,303.4,0.33899999999999997,41.3526625119002,1.663,563.757,0,False,False
4932,303.3,0.3,60.12658421285376,1.693,507.9,0,True,False
4933,303.3,0.447,63.063775742810606,1.418,633.846,0,False,True
4934,303.4,0.368,51.887788074679264,1.554,571.872,0,False,False
4935,303.4,0.358,38.582530711574236,1.58,565.6399999999999,0,False,False
4936,303.4,0.428,82.17517678166195,1.479,633.012,0,True,False
4937,303.5,0.706,73.66765567417147,1.284,906.5039999999999,0,False,True
4938,303.4,0.387,76.94405402525605,1.54,595.98,1,False,False
4939,303.5,0.301,53.343419714311466,1.606,483.40600000000006,0,False,True
4940,303.6,0.624,73.04155150097253,1.286,802.4639999999999,0,False,True
4941,303.6,0.395,59.268644758459715,1.502,593.29,0,True,False
4942,303.6,0.315,45.054174420302296,1.699,535.185,0,False,False
4943,303.5,0.342,41.221168845360666,1.602,547.884,0,False,True
4944,303.6,0.42,52.25254346610284,1.436,603.12,1,True,False
4945,303.6,0.275,41.87760557375698,1.765,485.375,0,False,True
4946,303.6,0.441,84.91344881020343,1.418,625.3380000000001,1,False,True
4947,303.7,0.317,37.4594495116011,1.669,529.073,0,False,False
4948,303.7,0.539,57.05717996845382,1.395,751.905,1,False,False
4949,303.8,0.41700000000000004,57.60467611951921,1.5,625.5000000000001,0,False,True
4950,303.8,0.33399999999999996,50.03159642908378,1.555,519.37,1,False,True
4951,303.8,0.20199999999999999,63.56757828534727,1.919,387.638,0,True,False
4952,303.8,0.366,42.49885120757723,1.596,584.1360000000001,1,True,False
4953,303.8,0.536,74.19561902936168,1.374,736.464,0,False,False
4954,303.7,0.261,51.622385912381915,1.67,435.87,0,False,False
4955,303.7,0.29100000000000004,64.56712948993209,1.702,495.28200000000004,0,False,False
4956,303.8,0.451,70.78196180334797,1.366,616.066,0,False,False
4957,303.8,0.152,79.45210588450806,2.344,356.28799999999995,0,True,False
4958,303.8,0.239,76.78937182261001,1.768,422.55199999999996,1,False,False
4959,303.8,0.47,65.41545140517798,1.523,715.81,0,True,False
4960,303.8,0.259,54.41965901919434,1.735,449.365,0,False,False
4961,303.9,0.623,60.1602335037482,1.339,834.197,0,False,False
4962,303.9,0.243,73.43673966894013,1.8,437.4,0,True,False
4963,304.0,0.512,78.87727712797366,1.456,745.472,0,True,False
4964,303.9,0.244,40.18909640883359,1.789,436.51599999999996,1,False,False
4965,303.9,0.33899999999999997,54.24281312465267,1.602,543.078,0,False,False
4966,303.8,0.493,73.80582992067502,1.364,672.452,0,True,False
4967,303.8,0.281,56.58258812969805,1.793,503.833,0,False,True
4968,303.9,0.534,51.61138820331419,1.426,761.4839999999999,0,False,False
4969,303.9,0.433,55.56613484116348,1.485,643.0049999999999,0,False,True
4970,303.9,0.384,65.14223733931755,1.528,586.752,0,False,False
4971,303.8,0.36,84.99025720669007,1.565,563.4,0,False,False
4972,303.8,0.278,59.649621455226594,1.838,510.964,0,False,True
4973,303.8,0.249,45.42472374771303,1.811,450.93899999999996,0,False,False
4974,303.8,0.382,43.14232876395474,1.461,558.1020000000001,0,False,False
4975,303.8,0.41700000000000004,37.117487373820715,1.414,589.638,1,True,False
4976,303.7,0.455,62.940861745916074,1.426,648.83,0,False,False
4977,303.7,0.568,62.22860457444171,1.359,771.9119999999999,0,True,False
4978,303.7,0.44799999999999995,45.26169633901546,1.54,689.92,0,True,False
4979,303.6,0.47700000000000004,69.76647032262835,1.429,681.633,0,True,False
4980,303.7,0.363,72.05535208148405,1.612,585.156,0,True,False
4981,303.7,0.318,47.95491026910556,1.685,535.83,0,False,True
4982,303.7,0.377,52.20498820148683,1.558,587.3660000000001,0,True,False
4983,303.7,0.243,84.52358361736283,1.811,440.07300000000004,0,False,False
4984,303.8,0.258,53.713223392536705,1.869,482.20200000000006,0,False,True
4985,303.8,0.5870000000000001,73.0400835878051,1.256,737.2719999999999,0,False,False
4986,303.8,0.235,57.636271331497,1.789,420.415,0,True,False
4987,303.7,0.405,74.6672413930488,1.502,608.31,0,False,False
4988,303.7,0.544,73.45116193913239,1.303,708.832,0,False,False
4989,303.8,0.13,68.38780125992679,2.497,324.61,0,False,False
4990,303.9,0.374,77.73891731477896,1.499,560.626,1,False,True
4991,303.9,0.465,81.96092474388425,1.393,647.745,0,False,True
4992,303.9,0.41,63.99916602260419,1.475,604.75,0,False,False
4993,303.8,0.34600000000000003,46.873445361137286,1.573,544.258,1,True,False
4994,303.8,0.237,54.93144808220375,1.819,431.10299999999995,0,False,False
4995,303.5,0.294,72.91528567566466,1.642,482.74799999999993,0,True,False
4996,303.6,0.39799999999999996,67.54417425619349,1.54,612.92,0,False,True
4997,303.6,0.43200000000000005,43.88991692826244,1.4,604.8000000000001,0,True,False
4998,303.6,0.114,37.561977057321236,2.659,303.12600000000003,1,True,False
4999,303.6,0.252,69.14807967710324,1.825,459.9,0,False,True
5000,303.7,0.413,47.55395120146727,1.532,632.716,1,False,False
5001,303.7,0.23600000000000002,59.98351218645267,1.832,432.35200000000003,0,True,False
5002,303.6,0.17600000000000002,72.33733862562971,2.174,382.624,0,False,False
5003,303.7,0.317,63.13333903281666,1.627,515.759,0,False,True
5004,303.7,0.513,39.16512915558982,1.437,737.1809999999999,1,True,False
5005,303.7,0.46299999999999997,44.27901183917777,1.364,631.5319999999999,0,False,True
5006,303.7,0.527,45.96640920154596,1.444,760.988,0,True,False
5007,303.7,0.473,47.89321268224224,1.366,646.1179999999999,0,False,True
5008,303.8,0.483,63.27016959752521,1.442,696.4859999999999,0,False,True
5009,303.7,0.428,60.19828899126968,1.488,636.8639999999999,0,True,False
5010,303.7,0.40700000000000003,45.158001918210445,1.523,619.8610000000001,0,False,False
5011,303.7,0.38299999999999995,38.37774217278435,1.543,590.9689999999999,1,True,False
5012,303.7,0.33799999999999997,43.5716102237359,1.634,552.2919999999999,0,False,False
5013,303.8,0.278,84.21906563093017,1.815,504.57,0,False,False
5014,303.8,0.35200000000000004,58.42734748957361,1.594,561.0880000000001,0,False,False
5015,303.8,0.386,78.36727523510562,1.452,560.4720000000001,0,True,False
5016,303.9,0.284,77.43762333344216,1.759,499.556,0,True,False
5017,303.9,0.475,60.575977873143685,1.408,668.8,1,True,False
5018,303.9,0.45,70.33438542302719,1.483,667.35,0,True,False
5019,303.9,0.366,44.637600520635615,1.62,592.92,1,False,False
5020,304.0,0.395,69.41983524634541,1.466,579.07,0,False,True
5021,304.1,0.363,48.619228963164474,1.556,564.828,0,False,False
5022,304.0,0.611,76.60310483770755,1.35,824.85,0,False,False
5023,304.0,0.47100000000000003,39.186206655445496,1.404,661.2840000000001,0,False,True
5024,304.0,0.345,73.65693364426387,1.575,543.375,0,False,False
5025,303.9,0.29,39.99684532843098,1.639,475.31,0,False,True
5026,303.9,0.428,79.05946184471546,1.473,630.444,0,False,False
5027,303.9,0.4,50.21022590675018,1.481,592.4,0,True,False
5028,304.0,0.546,67.71966824152874,1.294,706.5240000000001,1,True,False
5029,303.9,0.293,59.37511393101399,1.63,477.59,0,False,False
5030,303.9,0.39799999999999996,53.315157263116944,1.624,646.352,0,True,False
5031,303.9,0.483,67.27209165917483,1.437,694.0709999999999,0,True,False
5032,303.8,0.45,82.3761490275619,1.514,681.3,0,False,False
5033,304.0,0.314,37.063487368731096,1.694,531.9159999999999,0,False,False
5034,304.0,0.509,80.9426427941552,1.564,796.0759999999999,1,False,False
5035,303.9,0.41100000000000003,65.45408275105068,1.514,622.254,0,True,False
5036,304.0,0.406,75.3657150384526,1.5,609.0,0,True,False
5037,304.0,0.37799999999999995,54.19374767171388,1.615,610.4699999999999,0,False,False
5038,304.1,0.41100000000000003,58.592148741880685,1.586,651.846,0,False,True
5039,304.1,0.285,78.44253759005821,1.732,493.62,0,False,False
5040,304.1,0.325,55.742398490491155,1.689,548.925,0,False,True
5041,304.1,0.34600000000000003,61.73297833745425,1.586,548.7560000000001,1,False,True
5042,304.0,0.47100000000000003,36.00974615421664,1.314,618.894,0,False,False
5043,304.1,0.358,42.929900291902115,1.569,561.702,0,True,False
5044,304.1,0.39399999999999996,67.08432539873999,1.468,578.3919999999999,0,False,False
5045,304.1,0.475,70.84884505319386,1.412,670.7,0,False,False
5046,304.1,0.469,64.13004683922497,1.51,708.19,0,False,False
5047,304.1,0.424,42.16550181378054,1.41,597.84,0,False,False
5048,304.1,0.293,57.270271428891746,1.68,492.24,0,False,False
5049,304.0,0.6859999999999999,52.75473831815949,1.271,871.906,0,True,False
5050,304.0,0.455,59.78306720175442,1.472,669.76,0,False,False
5051,304.0,0.304,78.51645172770472,1.701,517.1039999999999,0,True,False
5052,303.9,0.39899999999999997,73.79307193293259,1.48,590.52,0,False,True
5053,303.9,0.484,39.19947506945795,1.433,693.572,0,True,False
5054,303.8,0.34299999999999997,79.51545988872822,1.514,519.302,0,True,False
5055,303.8,0.35700000000000004,58.58835755749118,1.619,577.9830000000001,1,False,False
5056,303.8,0.456,72.19310724429992,1.378,628.368,0,False,False
5057,303.9,0.535,42.001961563217606,1.43,765.05,1,False,False
5058,303.8,0.499,68.5359762853524,1.367,682.133,0,True,False
5059,303.9,0.425,46.816300880472895,1.526,648.55,0,False,False
5060,303.9,0.479,56.91904485704657,1.419,679.7009999999999,0,True,False
5061,304.0,0.42700000000000005,35.84314350410522,1.542,658.4340000000001,0,False,True
5062,304.0,0.625,42.5805318965238,1.363,851.875,0,False,True
5063,304.0,0.539,39.60402465618099,1.313,707.707,0,False,False
5064,304.0,0.466,46.98720864691292,1.495,696.67,0,True,False
5065,304.0,0.42100000000000004,40.00090450121611,1.407,592.3470000000001,0,False,False
5066,304.1,0.37200000000000005,69.5955013309781,1.566,582.552,0,True,False
5067,304.1,0.309,36.45199511046097,1.55,478.95,0,False,False
5068,304.2,0.505,65.88702503124989,1.396,704.98,1,True,False
5069,304.3,0.39,42.03539154127871,1.54,600.6,1,False,True
5070,304.2,0.48700000000000004,82.25807285889485,1.38,672.06,0,True,False
5071,304.2,0.311,81.65470365549271,1.608,500.088,0,False,False
5072,304.2,0.409,46.27515512604813,1.442,589.7779999999999,0,False,False
5073,304.1,0.45299999999999996,65.72106491115147,1.408,637.824,1,False,False
5074,304.0,0.46799999999999997,36.40026597362292,1.454,680.472,0,True,False
5075,304.1,0.34600000000000003,81.5894271525587,1.666,576.436,0,False,True
5076,304.1,0.466,61.149365409585485,1.366,636.556,0,False,False
5077,304.2,0.449,37.161157570888946,1.464,657.3359999999999,1,False,False
5078,304.3,0.249,52.12499965040687,1.775,441.975,0,True,False
5079,304.3,0.43799999999999994,38.84247309306171,1.482,649.116,0,False,False
5080,304.2,0.5479999999999999,54.64722196866799,1.411,773.2280000000001,0,False,False
5081,304.2,0.516,68.49631710806615,1.41,727.56,1,True,False
5082,304.1,0.39,58.494495402071976,1.494,582.66,1,True,False
5083,304.1,0.434,54.186108735972724,1.59,690.06,0,False,True
5084,304.1,0.541,40.95785227702324,1.327,717.9069999999999,0,True,False
5085,304.1,0.20800000000000002,47.24695228468282,1.969,409.552,0,True,False
5086,304.0,0.56,40.00716438691756,1.377,771.12,0,False,False
5087,304.0,0.45899999999999996,75.37493658283304,1.541,707.319,1,False,True
5088,304.0,0.282,41.76199139923613,1.685,475.17,0,True,False
5089,304.0,0.41,64.76866832744467,1.465,600.65,0,False,False
5090,303.9,0.47200000000000003,52.137020679442294,1.483,699.9760000000001,0,True,False
5091,303.9,0.40700000000000003,46.298919232759175,1.57,638.9900000000001,0,True,False
5092,303.9,0.48200000000000004,66.97342197460519,1.345,648.2900000000001,1,True,False
5093,303.9,0.406,57.85011546884704,1.608,652.8480000000001,0,False,True
5094,304.0,0.528,55.007273364227956,1.415,747.12,0,True,False
5095,304.1,0.45799999999999996,64.64260024461107,1.47,673.26,0,True,False
5096,304.1,0.39899999999999997,59.56338142450004,1.428,569.7719999999999,0,False,False
5097,304.2,0.322,50.17421042757804,1.627,523.894,0,False,True
5098,304.2,0.494,62.95306438826258,1.457,719.758,1,True,False
5099,304.2,0.402,68.47492882753473,1.475,592.95,0,False,False
5100,304.2,0.501,36.33465792934271,1.438,720.438,1,True,False
5101,304.2,0.47200000000000003,58.29358644538377,1.437,678.2640000000001,0,False,False
5102,304.1,0.424,37.88416422917719,1.518,643.632,1,False,False
5103,304.1,0.336,44.320270703405555,1.587,533.2320000000001,0,False,False
5104,304.1,0.43700000000000006,63.025436703898656,1.399,611.363,0,True,False
5105,304.1,0.446,78.30944576327903,1.469,655.174,0,True,False
5106,304.1,0.5660000000000001,79.14028395942424,1.374,777.6840000000001,1,True,False
5107,304.0,0.36700000000000005,38.49720050693156,1.519,557.4730000000001,0,True,False
5108,303.9,0.444,55.955254314335335,1.54,683.76,0,True,False
5109,303.9,0.516,64.15032415022756,1.394,719.3040000000001,1,False,True
5110,304.0,0.45799999999999996,42.35349522751717,1.389,636.1619999999999,0,False,True
5111,304.0,0.262,73.27161083723858,1.732,453.784,0,False,True
5112,304.1,0.374,72.21176292186195,1.556,581.944,0,False,True
5113,304.1,0.43700000000000006,80.16705068533973,1.441,629.7170000000001,0,False,False
5114,304.1,0.467,35.42430060417215,1.382,645.394,0,False,False
5115,304.2,0.449,45.834212199450135,1.481,664.9689999999999,0,True,False
5116,304.2,0.184,76.35933571226609,2.113,388.792,0,False,False
5117,304.2,0.539,68.52900254134677,1.401,755.1389999999999,0,False,False
5118,304.1,0.314,79.71949268492455,1.611,505.8539999999999,0,False,False
5119,304.2,0.33399999999999996,37.858982726513325,1.512,505.008,0,False,True
5120,304.2,0.46,64.84819828582215,1.411,649.06,0,True,False
5121,304.2,0.43700000000000006,63.45232874468371,1.424,622.288,0,True,False
5122,304.2,0.4,36.783720818026616,1.469,587.6,0,False,True
5123,304.2,0.298,60.676103845624176,1.684,501.83200000000005,1,True,False
5124,304.2,0.413,65.47601556549621,1.532,632.716,1,False,False
5125,304.2,0.373,44.56465871010536,1.557,580.761,0,False,True
5126,304.3,0.48100000000000004,48.666479156233144,1.416,681.096,1,False,False
5127,304.3,0.254,67.01736731488685,1.802,457.70799999999997,1,False,False
5128,304.3,0.151,58.415047379997915,2.245,338.995,0,True,False
5129,304.2,0.425,77.90068287841635,1.434,609.45,0,True,False
5130,304.1,0.28300000000000003,52.11908830045942,1.725,488.175,0,False,True
5131,304.2,0.35700000000000004,48.33298291941006,1.668,595.4760000000001,0,False,False
5132,304.1,0.439,84.24329701724213,1.452,637.428,1,False,False
5133,304.1,0.5,80.55678850650418,1.415,707.5,0,True,False
5134,304.1,0.258,36.44963724994899,1.824,470.59200000000004,0,True,False
5135,304.1,0.455,73.5364307653283,1.438,654.29,0,False,True
5136,304.1,0.245,40.516738691260144,1.883,461.335,0,True,False
5137,304.2,0.289,36.37425974146855,1.735,501.415,0,False,False
5138,304.3,0.36700000000000005,48.684775798317446,1.464,537.288,1,True,False
5139,304.3,0.40299999999999997,48.46729395305522,1.489,600.067,0,False,False
5140,304.4,0.389,75.96593811734823,1.51,587.39,1,False,True
5141,304.3,0.321,70.53336229714176,1.585,508.785,0,False,False
5142,304.4,0.35,84.0804713666007,1.509,528.15,0,True,False
5143,304.4,0.391,70.57564501559092,1.568,613.0880000000001,0,False,False
5144,304.3,0.42,55.9127776628024,1.525,640.5,1,False,True
5145,304.4,0.335,69.94638304726084,1.607,538.345,0,False,False
5146,304.5,0.32899999999999996,84.9729533593201,1.67,549.43,0,False,True
5147,304.4,0.389,70.5070941281264,1.585,616.565,0,False,False
5148,304.4,0.384,73.08406779901591,1.569,602.496,1,False,True
5149,304.4,0.431,81.91825075951297,1.507,649.517,0,False,False
5150,304.3,0.415,40.68256306558417,1.452,602.58,0,True,False
5151,304.3,0.298,70.23921467238634,1.59,473.82,0,True,False
5152,304.3,0.56,77.54029789837244,1.409,789.04,0,True,False
5153,304.3,0.127,82.71893001104465,2.643,335.661,0,False,True
5154,304.2,0.317,45.54846448558497,1.644,521.1479999999999,1,False,True
5155,304.2,0.376,60.196450386212206,1.568,589.568,0,False,False
5156,304.2,0.373,69.02774238222409,1.625,606.1249999999999,1,True,False
5157,304.2,0.414,47.37338647506687,1.482,613.548,0,True,False
5158,304.1,0.496,65.02364316251371,1.397,692.9119999999999,0,False,True
5159,304.1,0.503,47.87893912489997,1.459,733.877,1,False,False
5160,304.2,0.44,51.672851026582364,1.49,655.6,0,True,False
5161,304.1,0.501,57.07593482554326,1.434,718.4340000000001,0,False,False
5162,304.1,0.18899999999999997,61.45950493732835,2.028,383.292,0,True,False
5163,304.2,0.45899999999999996,57.46829358125753,1.464,671.9759999999999,0,True,False
5164,304.2,0.235,59.65977598939646,1.713,402.555,0,False,False
5165,304.3,0.321,49.929437814414634,1.624,521.304,0,True,False
5166,304.2,0.434,42.94825470113153,1.421,616.714,0,False,True
5167,304.2,0.414,37.367498866341975,1.546,640.044,0,True,False
5168,304.2,0.327,44.798936124583385,1.639,535.953,0,True,False
5169,304.1,0.29600000000000004,64.09718207528915,1.696,502.0160000000001,1,True,False
5170,304.1,0.39899999999999997,74.30577239015662,1.47,586.53,0,False,True
5171,304.1,0.384,43.46237987214472,1.48,568.32,0,False,False
5172,304.2,0.545,40.427767888632424,1.329,724.305,0,False,False
5173,304.2,0.282,72.4645180274625,1.74,490.68,0,True,False
5174,304.2,0.281,50.257916526864484,1.739,488.659,0,True,False
5175,304.2,0.478,82.57497196136762,1.39,664.42,0,False,False
5176,304.2,0.237,70.71589853051864,1.74,412.38,1,False,True
5177,304.0,0.271,51.33780236215154,1.844,499.724,1,False,True
5178,304.0,0.532,49.47713738968525,1.388,738.416,0,True,False
5179,304.0,0.431,61.18491931356545,1.517,653.827,0,False,False
5180,304.0,0.428,38.95723341391047,1.45,620.5999999999999,0,False,True
5181,304.0,0.387,40.88382563226495,1.584,613.008,0,True,False
5182,304.0,0.287,43.79289406580963,1.72,493.64,0,False,True
5183,303.9,0.319,73.73617966522801,1.586,505.93399999999997,0,True,False
5184,303.9,0.225,60.69286796345612,1.901,427.725,0,False,True
5185,304.0,0.424,35.528356138722145,1.397,592.328,0,False,True
5186,304.0,0.21100000000000002,68.67582637360545,2.012,424.53200000000004,0,False,True
5187,304.0,0.15,56.18450893302486,2.354,353.1,0,False,False
5188,304.0,0.35700000000000004,60.542618248189896,1.648,588.336,0,True,False
5189,304.0,0.306,45.70581217064678,1.632,499.39200000000005,0,False,True
5190,304.1,0.469,62.589111419705176,1.427,669.263,0,True,False
5191,304.1,0.48,83.95766198757443,1.452,696.96,1,True,False
5192,304.0,0.46,38.672234550288074,1.416,651.36,1,False,False
5193,303.9,0.629,49.19586998322153,1.31,823.99,0,False,True
5194,304.0,0.39799999999999996,47.14987964304149,1.408,560.3839999999999,0,False,True
5195,303.9,0.344,47.42746553755898,1.668,573.7919999999999,0,True,False
5196,303.9,0.368,53.93531787826886,1.551,570.7679999999999,0,False,True
5197,303.9,0.36,75.90548923720837,1.517,546.12,0,False,False
5198,303.8,0.358,80.64293449821938,1.57,562.06,0,True,False
5199,303.8,0.5329999999999999,45.11075437294866,1.428,761.1239999999999,0,True,False
5200,303.8,0.4,62.14749689740564,1.503,601.2,0,True,False
5201,303.8,0.5870000000000001,66.84494860827402,1.416,831.192,0,True,False
5202,303.7,0.473,61.091373718192244,1.396,660.308,0,False,True
5203,303.7,0.511,56.70381970984597,1.335,682.185,0,False,False
5204,303.7,0.305,44.59877529296189,1.671,509.655,0,False,False
5205,303.7,0.22399999999999998,59.41096795996192,1.989,445.536,0,False,True
5206,303.7,0.433,55.060741385566445,1.468,635.6439999999999,0,True,False
5207,303.7,0.276,74.77816812511348,1.711,472.23600000000005,0,False,True
5208,303.8,0.413,73.18021795814977,1.488,614.544,0,False,False
5209,303.8,0.293,41.69993406028354,1.664,487.552,0,False,True
5210,303.8,0.385,39.42595262815338,1.507,580.195,0,True,False
5211,303.7,0.425,80.40769716137515,1.466,623.05,0,False,True
5212,303.7,0.536,61.77541944822488,1.433,768.0880000000001,0,True,False
5213,303.7,0.457,77.89004686412953,1.397,638.429,0,True,False
5214,303.7,0.433,37.90755602832006,1.429,618.757,0,False,True
5215,303.7,0.37200000000000005,61.32578082608151,1.572,584.784,0,True,False
5216,303.7,0.42700000000000005,61.97132572881182,1.532,654.164,0,False,False
5217,303.7,0.518,78.0351016271075,1.316,681.688,0,False,False
5218,303.8,0.479,39.88049991148537,1.42,680.18,0,False,False
5219,303.8,0.37200000000000005,47.022278183795464,1.589,591.1080000000001,0,True,False
5220,303.8,0.599,55.32691569435066,1.365,817.635,0,True,False
5221,303.8,0.32899999999999996,78.2920737709971,1.633,537.257,1,True,False
5222,303.9,0.314,81.94416575352835,1.626,510.56399999999996,1,False,False
5223,303.9,0.29600000000000004,84.63623097968139,1.665,492.84,0,True,False
5224,303.9,0.47200000000000003,82.95967432292608,1.35,637.2,0,True,False
5225,303.9,0.319,35.297087792217724,1.59,507.21,0,True,False
5226,304.0,0.539,37.3854170726936,1.437,774.543,1,True,False
5227,303.9,0.483,42.38034095787943,1.403,677.6489999999999,0,False,False
5228,303.9,0.41100000000000003,52.443104838513655,1.44,591.84,0,False,True
5229,303.9,0.614,76.49590154934793,1.343,824.602,0,True,False
5230,303.9,0.267,79.63280976677402,1.79,477.93,0,False,False
5231,303.8,0.18600000000000003,44.34172031472915,2.117,393.76200000000006,0,False,False
5232,303.8,0.42200000000000004,65.98320758098544,1.458,615.2760000000001,0,False,False
5233,303.6,0.578,80.86809925326384,1.381,798.2180000000001,0,False,False
5234,303.6,0.45299999999999996,58.18658679656604,1.45,656.85,0,False,False
5235,303.7,0.501,40.1771785976392,1.461,731.961,1,False,False
5236,303.7,0.41,57.89068250423125,1.511,619.51,0,True,False
5237,303.8,0.45399999999999996,53.78974511440286,1.394,632.876,0,False,False
5238,303.8,0.423,63.88289980330035,1.499,634.077,0,False,False
5239,303.7,0.441,56.93293422035518,1.457,642.537,0,True,False
5240,303.7,0.29,35.8672963426859,1.753,508.37,0,True,False
5241,303.7,0.28,84.69988667068355,1.694,474.32,0,False,True
5242,303.7,0.284,62.17701188652855,1.683,477.972,1,False,False
5243,303.7,0.474,58.68153777423048,1.496,709.1039999999999,0,False,False
5244,303.7,0.348,82.73086857520269,1.721,598.9079999999999,0,False,True
5245,303.6,0.316,42.79301837935385,1.593,503.38800000000003,0,False,False
5246,303.6,0.38299999999999995,44.46188012726241,1.575,603.2249999999999,0,False,False
5247,303.5,0.41,75.40073745313917,1.465,600.65,0,False,True
5248,303.6,0.38299999999999995,48.04155400125044,1.405,538.1149999999999,0,False,True
5249,303.5,0.21600000000000003,74.96135531457634,1.902,410.83200000000005,0,False,False
5250,303.4,0.39899999999999997,48.57667414542513,1.422,567.3779999999999,0,False,False
5251,303.5,0.529,36.659381511250075,1.332,704.628,0,True,False
5252,303.4,0.5429999999999999,60.850736194335795,1.307,709.7009999999999,1,False,True
5253,303.5,0.595,44.83432170634307,1.322,786.59,0,False,False
5254,303.5,0.40299999999999997,72.89231464662356,1.547,623.441,0,True,False
5255,303.5,0.23600000000000002,67.05998166160741,1.897,447.69200000000006,0,False,True
5256,303.5,0.519,81.18013339889589,1.403,728.1569999999999,1,False,False
5257,303.5,0.516,74.1494178632868,1.393,718.788,0,True,False
5258,303.5,0.385,44.038797742036344,1.482,570.57,0,False,False
5259,303.5,0.447,75.00791183323982,1.572,702.6840000000001,0,False,False
5260,303.5,0.369,67.08685224070116,1.544,569.736,0,False,True
5261,303.5,0.461,68.44758208803125,1.492,687.812,0,True,False
5262,303.4,0.358,76.61314429850744,1.513,541.654,0,False,True
5263,303.4,0.439,63.69120345944701,1.449,636.111,0,False,False
5264,303.5,0.223,58.300175717650646,1.877,418.57099999999997,0,True,False
5265,303.4,0.534,66.8320517679364,1.376,734.784,0,False,True
5266,303.5,0.233,49.89787144791795,1.883,438.73900000000003,0,False,False
5267,303.4,0.387,44.129856554354966,1.518,587.466,0,True,False
5268,303.5,0.428,65.82939190356232,1.438,615.4639999999999,0,False,False
5269,303.4,0.541,46.692418454273884,1.389,751.4490000000001,0,False,True
5270,303.5,0.44799999999999995,38.99575546733033,1.504,673.7919999999999,0,True,False
5271,303.5,0.644,35.0277092292627,1.275,821.1,0,True,False
5272,303.6,0.397,65.41597007000335,1.534,608.998,0,True,False
5273,303.6,0.382,53.107439174011844,1.396,533.272,0,True,False
5274,303.6,0.441,72.61554853367281,1.395,615.195,0,False,True
5275,303.6,0.309,53.758819915655124,1.617,499.65299999999996,0,False,False
5276,303.7,0.41200000000000003,59.30017241191133,1.423,586.2760000000001,1,True,False
5277,303.5,0.34,55.35424864076924,1.606,546.04,0,True,False
5278,303.5,0.44,67.5287395554673,1.501,660.44,0,True,False
5279,303.5,0.304,52.80695810074841,1.618,491.87199999999996,0,False,True
5280,303.6,0.358,83.18838249711544,1.522,544.876,0,True,False
5281,303.6,0.414,81.80734932992651,1.48,612.72,0,False,True
5282,303.7,0.39899999999999997,77.40139513286407,1.469,586.131,0,False,False
5283,303.8,0.524,81.01501352863741,1.381,723.6439999999999,0,True,False
5284,303.8,0.419,57.456984422969555,1.525,638.975,0,False,True
5285,303.8,0.29600000000000004,61.821519839474604,1.732,512.672,0,False,False
5286,303.8,0.39799999999999996,72.10462962791223,1.523,606.154,0,False,False
5287,303.8,0.424,69.80729624692705,1.422,602.928,0,False,True
5288,303.8,0.469,79.53392978027354,1.506,706.314,0,True,False
5289,303.8,0.39399999999999996,70.81655136283476,1.531,603.214,0,True,False
5290,303.9,0.34299999999999997,84.89423541142303,1.507,516.901,0,False,False
5291,303.9,0.40700000000000003,52.42528999157955,1.526,621.082,0,True,False
5292,303.8,0.521,76.6498871119709,1.406,732.5260000000001,0,True,False
5293,303.9,0.35,69.88174114163321,1.567,548.45,0,True,False
5294,303.9,0.491,69.56932226075094,1.464,718.8240000000001,0,True,False
5295,303.9,0.485,51.29177974224994,1.442,699.37,0,False,True
5296,303.8,0.478,74.28008962115112,1.336,638.608,0,True,False
5297,303.8,0.502,80.01880111737995,1.379,692.258,0,False,False
5298,303.7,0.486,45.92742307602815,1.406,683.316,0,False,False
5299,303.7,0.18100000000000002,66.2748418558352,2.13,385.53,0,False,False
5300,303.7,0.491,54.60674145513876,1.355,665.305,0,True,False
5301,303.8,0.265,84.47740596474385,1.71,453.15,0,False,True
5302,303.8,0.5579999999999999,58.94164079158408,1.309,730.422,0,True,False
5303,303.9,0.37200000000000005,46.41600868984713,1.491,554.652,1,False,True
5304,303.9,0.441,54.09288126109163,1.481,653.121,0,False,True
5305,303.9,0.493,67.69191949083131,1.425,702.525,0,False,False
5306,303.9,0.29100000000000004,38.804468567478814,1.68,488.88,0,False,False
5307,304.0,0.317,65.18009601106188,1.612,511.004,0,False,False
5308,304.0,0.348,81.5612379589449,1.53,532.4399999999999,1,True,False
5309,304.0,0.426,77.51813938289251,1.481,630.906,0,False,True
5310,303.9,0.48,38.38367683289917,1.422,682.56,0,False,True
5311,303.8,0.43,84.66949393695342,1.427,613.61,0,True,False
5312,303.7,0.498,69.93634618519395,1.46,727.08,0,False,False
5313,303.6,0.235,43.114041215701185,1.873,440.155,0,False,True
5314,303.7,0.326,35.62080445847118,1.566,510.5160000000001,1,False,True
5315,303.6,0.308,43.56413181460756,1.701,523.908,0,False,False
5316,303.6,0.272,76.90879603428692,1.71,465.12,0,False,False
5317,303.6,0.331,36.08196624725819,1.689,559.059,0,True,False
5318,303.6,0.32899999999999996,46.65736518090433,1.637,538.573,0,False,True
5319,303.5,0.39,72.86527976674377,1.496,583.44,0,True,False
5320,303.5,0.47,64.30552679490675,1.402,658.94,0,False,False
5321,303.4,0.455,74.13678551800959,1.363,620.165,0,True,False
5322,303.4,0.499,72.3075251913394,1.576,786.424,0,True,False
5323,303.4,0.5529999999999999,37.53006935609024,1.357,750.4209999999999,0,False,False
5324,303.4,0.484,79.62557095470757,1.399,677.1159999999999,0,False,True
5325,303.4,0.308,46.35159171411343,1.526,470.00800000000004,0,True,False
5326,303.5,0.273,62.66962201148819,1.694,462.46200000000005,0,False,False
5327,303.5,0.491,67.21440782638894,1.42,697.22,0,True,False
5328,303.5,0.16699999999999998,43.43141054425477,2.116,353.37199999999996,0,True,False
5329,303.7,0.419,83.81156283504872,1.406,589.114,0,False,False
5330,303.7,0.455,59.40779780436545,1.456,662.48,0,False,False
5331,303.6,0.319,37.88213477986967,1.588,506.57199999999995,0,True,False
5332,303.7,0.445,81.86310223889203,1.448,644.36,0,True,False
5333,303.6,0.462,64.31339215966341,1.403,648.186,0,True,False
5334,303.5,0.516,69.95965989906881,1.405,724.98,1,True,False
5335,303.4,0.098,61.2587894967112,2.706,265.18800000000005,0,False,True
5336,303.3,0.389,76.73689773884837,1.505,585.445,0,False,True
5337,303.2,0.337,36.656673109660545,1.663,560.431,0,True,False
5338,303.3,0.444,48.418918263857385,1.482,658.008,0,False,False
5339,303.3,0.327,58.482417820134614,1.674,547.398,0,False,True
5340,303.4,0.32799999999999996,38.8301808156855,1.594,522.832,1,True,False
5341,303.5,0.493,70.29533346633292,1.393,686.7489999999999,0,False,True
5342,303.5,0.5579999999999999,54.683170702782036,1.404,783.432,0,False,True
5343,303.5,0.457,48.6333995134072,1.375,628.3750000000001,0,True,False
5344,303.5,0.384,35.168942340420614,1.607,617.088,0,True,False
5345,303.4,0.508,70.99151558749769,1.36,690.88,0,False,True
5346,303.5,0.39399999999999996,76.69046544364309,1.524,600.456,0,False,False
5347,303.4,0.355,54.75202678407492,1.534,544.57,0,True,False
5348,303.3,0.638,63.210898851668276,1.262,805.156,0,True,False
5349,303.3,0.34600000000000003,46.38433129647992,1.623,561.558,0,False,False
5350,303.3,0.336,66.10988231400665,1.642,551.712,0,False,False
5351,303.4,0.35100000000000003,35.60687291576003,1.622,569.322,0,False,False
5352,303.5,0.345,59.43219485493792,1.53,527.85,1,False,True
5353,303.4,0.363,67.21027409203461,1.59,577.17,0,True,False
5354,303.4,0.34,80.90958866148671,1.589,540.26,0,False,False
5355,303.4,0.375,54.06679085611421,1.462,548.25,0,False,False
5356,303.3,0.498,73.2595101490515,1.328,661.3439999999999,0,False,False
5357,303.3,0.29,64.88435149717503,1.692,490.68,0,True,False
5358,303.3,0.20600000000000002,81.35060564625402,1.968,405.408,0,False,True
5359,303.3,0.242,54.918883782971534,1.827,442.134,0,False,True
5360,303.3,0.47100000000000003,50.9547669936494,1.397,657.987,0,False,False
5361,303.3,0.44,79.35709993470718,1.463,643.72,0,False,False
5362,303.3,0.307,37.46222007041445,1.643,504.401,0,True,False
5363,303.2,0.57,41.81926964668384,1.281,730.17,0,False,False
5364,303.2,0.39899999999999997,39.12022172920222,1.518,605.682,0,False,False
5365,303.2,0.353,77.15549782882013,1.601,565.1529999999999,0,False,False
5366,303.1,0.364,35.53037116851597,1.548,563.472,0,False,True
5367,303.1,0.406,78.08285777485241,1.404,570.024,1,False,False
5368,303.1,0.267,57.56338976856334,1.766,471.522,0,True,False
5369,303.1,0.3,35.20126394269854,1.667,500.1,0,False,True
5370,303.0,0.379,55.082258860602096,1.507,571.1529999999999,1,True,False
5371,303.0,0.371,44.340042052251775,1.627,603.6170000000001,0,True,False
5372,302.9,0.47700000000000004,66.22002437360815,1.435,684.495,0,True,False
5373,302.9,0.46799999999999997,68.96793949608232,1.509,706.212,0,False,False
5374,302.9,0.25,59.37637852024999,1.809,452.25,0,False,True
5375,302.9,0.408,37.025976271983495,1.515,618.1199999999999,0,False,False
5376,302.9,0.349,67.8064402183601,1.53,533.97,1,False,True
5377,302.8,0.575,77.10193918027606,1.336,768.2,0,False,False
5378,302.9,0.191,71.01621386632007,2.03,387.73,1,True,False
5379,302.9,0.369,76.49789594776593,1.55,571.95,0,False,True
5380,302.9,0.41700000000000004,45.02547617754438,1.446,602.9820000000001,0,True,False
5381,302.8,0.375,79.44439698282413,1.494,560.25,0,True,False
5382,302.8,0.27,51.109672532398136,1.651,445.77,1,False,False
5383,302.9,0.33799999999999997,35.67024071259955,1.698,573.924,0,True,False
5384,302.8,0.40299999999999997,77.16958231645353,1.504,606.112,0,True,False
5385,302.9,0.46,82.09106344823633,1.421,653.66,0,False,False
5386,302.9,0.26899999999999996,67.77790987086743,1.754,471.82599999999996,0,False,False
5387,302.9,0.42,46.571831523171234,1.469,616.98,0,False,False
5388,302.8,0.5,47.58722321412652,1.433,716.5,0,False,True
5389,302.8,0.49,58.32964367178097,1.432,701.68,0,False,False
5390,302.8,0.491,79.89155398007097,1.366,670.706,1,False,True
5391,302.8,0.47200000000000003,42.47988280737792,1.483,699.9760000000001,0,True,False
5392,302.7,0.344,76.29868347917434,1.572,540.7679999999999,0,False,False
5393,302.8,0.402,49.56514043525752,1.481,595.3620000000001,0,False,True
5394,302.8,0.426,75.4293084714549,1.473,627.498,1,False,False
5395,302.8,0.705,81.01355988007694,1.262,889.71,0,False,False
5396,302.8,0.368,56.37469359971601,1.529,562.672,0,True,False
5397,302.8,0.397,53.25253270527654,1.523,604.6310000000001,0,True,False
5398,302.8,0.42700000000000005,75.11106594856508,1.416,604.6320000000001,0,False,False
5399,302.9,0.239,61.474144118969704,1.923,459.597,1,True,False
5400,302.8,0.5379999999999999,69.22245242315987,1.411,759.118,1,False,True
5401,302.7,0.46299999999999997,66.14146184805898,1.477,683.8509999999999,0,True,False
5402,302.6,0.5479999999999999,42.644442282239815,1.454,796.7919999999999,0,False,True
5403,302.7,0.485,77.23951801447808,1.421,689.185,0,False,True
5404,302.7,0.254,44.78875557065681,1.858,471.93199999999996,0,True,False
5405,302.8,0.461,81.61410720353905,1.422,655.5419999999999,0,True,False
5406,302.7,0.48700000000000004,47.528564571107395,1.444,703.2280000000001,0,False,True
5407,302.7,0.478,71.6940486636871,1.36,650.0799999999999,0,False,True
5408,302.7,0.248,49.2327696746796,1.954,484.59200000000004,1,False,False
5409,302.6,0.33,50.88927042934319,1.628,537.24,0,True,False
5410,302.7,0.442,50.500092639115266,1.433,633.3860000000001,0,False,False
5411,302.7,0.515,72.39461270130417,1.417,729.755,0,False,False
5412,302.8,0.39399999999999996,62.84075589846965,1.462,576.0279999999999,0,True,False
5413,302.9,0.599,79.14762279237486,1.328,795.472,0,False,False
5414,302.7,0.364,50.36863596020224,1.527,555.828,0,True,False
5415,302.6,0.34299999999999997,69.59962610283722,1.534,526.1619999999999,0,True,False
5416,302.6,0.503,72.64742998315553,1.41,709.23,0,True,False
5417,302.6,0.303,42.57410565149791,1.66,502.98,0,True,False
5418,302.6,0.45799999999999996,55.029467865990554,1.386,634.788,1,True,False
5419,302.6,0.41600000000000004,59.14087471752055,1.398,581.568,0,False,False
5420,302.6,0.534,52.78436949471872,1.321,705.414,1,True,False
5421,302.6,0.342,51.1056297984569,1.512,517.104,1,True,False
5422,302.6,0.366,69.32099469988209,1.566,573.1560000000001,1,True,False
5423,302.7,0.445,45.79331988297443,1.422,632.79,1,False,True
5424,302.6,0.318,70.46953726255643,1.647,523.746,0,False,False
5425,302.6,0.455,81.75220981953652,1.377,626.535,1,False,False
5426,302.5,0.27899999999999997,63.259876058887556,1.775,495.225,0,False,False
5427,302.6,0.42,65.5717118369737,1.554,652.68,0,False,True
5428,302.7,0.519,38.446635106204454,1.423,738.5369999999999,0,True,False
5429,302.7,0.473,78.2238451808914,1.453,687.2689999999999,0,False,False
5430,302.8,0.344,49.27238935999328,1.59,546.96,0,False,False
5431,302.8,0.284,65.75255827642825,1.694,481.096,0,False,False
5432,302.8,0.434,83.95560848724011,1.462,634.5079999999999,0,True,False
5433,302.8,0.462,64.77513002864039,1.392,643.104,0,False,False
5434,302.9,0.455,71.23547437321888,1.55,705.25,0,True,False
5435,302.9,0.304,57.2659809111876,1.629,495.216,0,False,False
5436,303.0,0.42100000000000004,38.01829217575287,1.524,641.604,0,False,False
5437,302.9,0.309,74.87996747448943,1.679,518.811,0,True,False
5438,302.9,0.46399999999999997,36.749942063199285,1.394,646.816,0,False,True
5439,302.9,0.321,70.0328914443927,1.683,540.243,0,True,False
5440,303.0,0.305,36.146078657481844,1.626,495.93,0,False,True
5441,303.0,0.3,78.11526182883352,1.698,509.4,0,False,False
5442,303.0,0.429,42.88180179164903,1.392,597.168,0,True,False
5443,303.1,0.518,60.71357477212756,1.353,700.8539999999999,0,True,False
5444,303.0,0.46799999999999997,64.85753522415737,1.426,667.368,0,False,True
5445,303.0,0.19899999999999998,57.87727036867061,2.024,402.776,1,True,False
5446,303.0,0.321,52.038174467444364,1.648,529.008,0,True,False
5447,303.1,0.401,58.39071480904859,1.511,605.911,0,True,False
5448,303.1,0.441,50.570787694057934,1.465,646.065,0,False,False
5449,303.0,0.418,56.90611735404316,1.551,648.318,0,False,False
5450,303.1,0.151,52.94564954990153,2.329,351.67900000000003,1,True,False
5451,303.1,0.419,63.31024117535726,1.435,601.265,0,True,False
5452,303.0,0.488,46.89620811224917,1.361,664.168,0,True,False
5453,303.0,0.358,84.43282774570062,1.553,555.9739999999999,0,True,False
5454,303.0,0.42100000000000004,60.04349766910828,1.451,610.871,0,False,False
5455,303.0,0.402,44.70810387072548,1.461,587.322,0,False,False
5456,303.1,0.235,58.85333747836363,1.895,445.325,0,True,False
5457,303.1,0.32899999999999996,78.32075647624121,1.567,515.543,0,True,False
5458,303.0,0.337,36.09033965621978,1.602,539.874,1,True,False
5459,303.1,0.42100000000000004,68.97770595536444,1.514,637.394,0,False,True
5460,303.1,0.491,62.39838983969641,1.453,713.423,0,False,True
5461,303.0,0.361,43.47789971850678,1.526,550.886,0,False,True
5462,302.9,0.521,75.87382196524604,1.339,697.6190000000001,0,True,False
5463,302.9,0.228,53.44423111870029,1.889,430.69200000000006,0,True,False
5464,302.9,0.348,49.69010144077537,1.561,543.228,0,True,False
5465,302.9,0.331,76.40625959284506,1.659,549.129,0,True,False
5466,302.9,0.495,66.92625230958323,1.424,704.88,0,False,False
5467,302.9,0.447,79.91295418374122,1.426,637.422,0,False,True
5468,302.9,0.514,66.49418518355998,1.383,710.862,0,False,True
5469,302.8,0.299,72.04088289660577,1.764,527.436,0,False,True
5470,302.7,0.425,76.82229481298064,1.439,611.575,0,True,False
5471,302.7,0.355,37.736981795496845,1.585,562.675,0,False,False
5472,302.7,0.612,73.80244794346902,1.346,823.752,0,True,False
5473,302.8,0.578,65.68532409247884,1.386,801.1080000000001,1,True,False
5474,302.7,0.518,38.47538982575966,1.369,709.1419999999999,0,False,False
5475,302.7,0.469,60.42889609343575,1.378,646.2819999999999,0,True,False
5476,302.7,0.46799999999999997,39.122903899197695,1.336,625.2479999999999,0,False,False
5477,302.6,0.42,71.79736008616112,1.445,606.9,0,True,False
5478,302.7,0.265,62.325085694894156,1.763,467.195,1,False,False
5479,302.7,0.341,82.67867687061486,1.611,549.3510000000001,0,False,True
5480,302.7,0.321,44.15676857858849,1.564,502.04400000000004,0,True,False
5481,302.7,0.36,65.30167262601893,1.478,532.08,0,False,True
5482,302.6,0.285,45.579106728524565,1.781,507.585,0,True,False
5483,302.6,0.268,65.70324923636991,1.782,477.57599999999996,0,False,False
5484,302.6,0.21899999999999997,71.13248511804282,2.0,438.0,0,False,False
5485,302.5,0.253,71.11521646647694,1.826,461.978,0,False,False
5486,302.6,0.51,75.7536995341305,1.344,685.44,1,False,True
5487,302.6,0.43,77.67751139791584,1.52,653.6,0,True,False
5488,302.6,0.39899999999999997,38.86358631335885,1.611,642.789,0,False,False
5489,302.7,0.521,52.163357853620205,1.45,755.45,0,False,False
5490,302.6,0.35,69.35612601799028,1.499,524.65,0,False,True
5491,302.6,0.685,59.92931436956061,1.288,882.28,0,True,False
5492,302.7,0.586,44.53379733773957,1.35,791.1,0,False,True
5493,302.9,0.509,62.6354785083349,1.334,679.0059999999999,1,False,False
5494,302.8,0.5710000000000001,55.37178263830719,1.376,785.696,0,True,False
5495,302.8,0.495,54.50191388271526,1.368,677.16,0,False,False
5496,302.9,0.55,75.48768587178319,1.357,746.35,0,True,False
5497,302.9,0.24,55.37991669160906,1.924,461.76,0,False,False
5498,302.9,0.4,36.32272527402121,1.551,620.4,0,False,True
5499,302.9,0.212,37.90316694455456,1.903,403.436,0,False,False
5500,302.9,0.48700000000000004,77.81220208458102,1.417,690.0790000000001,0,False,False
5501,302.7,0.35200000000000004,83.03004050062606,1.601,563.552,0,False,False
5502,302.7,0.375,69.42046682278539,1.543,578.625,0,True,False
5503,302.6,0.523,53.21841470500401,1.439,752.597,1,True,False
5504,302.6,0.293,81.93001578973637,1.657,485.501,0,False,False
5505,302.8,0.51,68.14015431878678,1.458,743.58,0,True,False
5506,302.8,0.27399999999999997,77.21667745996689,1.746,478.40399999999994,0,True,False
5507,302.9,0.305,73.29261520185047,1.677,511.485,0,False,False
5508,302.8,0.39899999999999997,53.95696578862962,1.52,606.48,0,True,False
5509,302.9,0.551,58.93511004253928,1.367,753.217,0,True,False
5510,302.8,0.365,44.306607718404976,1.509,550.785,0,False,False
5511,302.8,0.514,49.600705022036706,1.418,728.852,0,True,False
5512,302.8,0.203,73.90628306432609,1.958,397.474,0,False,True
5513,302.8,0.309,79.69891959415541,1.682,519.7379999999999,0,False,True
5514,302.8,0.503,71.22302116257059,1.452,730.3559999999999,0,False,False
5515,302.7,0.24,58.25868483283192,1.828,438.72,0,True,False
5516,302.7,0.415,39.32546344698738,1.484,615.86,0,False,True
5517,302.6,0.322,37.847397434922414,1.674,539.028,1,False,True
5518,302.6,0.495,53.716278230642686,1.448,716.76,0,False,True
5519,302.5,0.191,58.191085938383154,2.023,386.39300000000003,0,True,False
5520,302.5,0.474,65.45603111066484,1.452,688.248,0,False,False
5521,302.6,0.45,35.32447606934986,1.496,673.2,0,False,True
5522,302.6,0.469,84.48614452331532,1.397,655.193,0,False,False
5523,302.6,0.391,53.196944170202144,1.453,568.123,0,False,False
5524,302.5,0.348,77.40473319005608,1.524,530.352,0,False,False
5525,302.6,0.309,61.74833528327022,1.633,504.597,1,False,False
5526,302.6,0.457,41.52197272666732,1.363,622.8910000000001,0,True,False
5527,302.5,0.449,74.87827762672609,1.52,682.48,0,False,False
5528,302.5,0.38799999999999996,70.4913537459938,1.532,594.4159999999999,1,True,False
5529,302.4,0.509,61.3718042464614,1.384,704.4559999999999,0,False,False
5530,302.4,0.39899999999999997,60.727654566689,1.539,614.061,0,True,False
5531,302.3,0.501,39.3739802875464,1.355,678.855,0,False,False
5532,302.3,0.373,67.7924474286937,1.504,560.992,0,True,False
5533,302.4,0.466,80.562257787715,1.476,687.816,0,False,False
5534,302.4,0.26899999999999996,39.66224596106792,1.721,462.94899999999996,0,False,True
5535,302.3,0.371,48.175572532445244,1.494,554.274,0,True,False
5536,302.3,0.435,80.11539867210493,1.465,637.275,0,True,False
5537,302.3,0.54,49.21719549098967,1.363,736.02,0,True,False
5538,302.4,0.3,67.69718360899631,1.648,494.4,0,False,True
5539,302.3,0.23,61.74090824715721,1.879,432.17,0,False,False
5540,302.3,0.39,64.8163802501931,1.482,577.98,0,False,False
5541,302.4,0.384,55.789445078862656,1.493,573.312,0,True,False
5542,302.4,0.42200000000000004,49.999573527685556,1.433,604.7260000000001,0,False,False
5543,302.3,0.41600000000000004,37.42667253648345,1.4,582.4,0,False,True
5544,302.4,0.59,72.21404696470822,1.255,740.45,0,False,True
5545,302.2,0.456,72.30467310971133,1.471,670.7760000000001,0,False,False
5546,302.2,0.442,68.53628700393617,1.357,599.794,0,True,False
5547,302.3,0.41200000000000003,67.18168940598103,1.453,598.6360000000001,0,True,False
5548,302.3,0.289,47.18585660837631,1.54,445.06,1,True,False
5549,302.3,0.35200000000000004,36.11724668831456,1.605,564.96,0,True,False
5550,302.3,0.524,75.43576984427199,1.374,719.9759999999999,0,True,False
5551,302.3,0.423,59.556926784791344,1.508,637.8839999999999,0,True,False
5552,302.4,0.473,50.34190653513092,1.366,646.1179999999999,0,True,False
5553,302.5,0.35700000000000004,40.096595339028504,1.579,563.703,1,False,True
5554,302.5,0.597,38.13607954506942,1.306,779.682,1,False,False
5555,302.5,0.402,52.443336089758866,1.521,611.442,0,False,True
5556,302.5,0.442,75.23685323834702,1.411,623.662,0,False,False
5557,302.5,0.42,80.93618746669152,1.357,569.94,0,True,False
5558,302.5,0.435,79.83756823065323,1.436,624.66,0,False,False
5559,302.5,0.401,81.00004173748275,1.553,622.753,0,True,False
5560,302.5,0.43200000000000005,80.38626715646714,1.451,626.832,0,False,False
5561,302.4,0.379,61.36123758001979,1.541,584.039,0,True,False
5562,302.3,0.46299999999999997,45.970781927845195,1.341,620.8829999999999,0,False,True
5563,302.3,0.321,74.90232914184102,1.648,529.008,0,True,False
5564,302.3,0.315,45.68564874262895,1.64,516.6,0,True,False
5565,302.4,0.461,48.36036383782845,1.416,652.776,0,False,True
5566,302.4,0.299,46.66271609112742,1.671,499.62899999999996,0,True,False
5567,302.4,0.455,60.74912018479029,1.457,662.935,0,False,False
5568,302.5,0.5479999999999999,51.091375408454,1.445,791.86,0,False,False
5569,302.5,0.386,42.70780248126707,1.534,592.124,0,False,True
5570,302.4,0.369,57.658670594694115,1.508,556.452,0,False,True
5571,302.4,0.47700000000000004,78.69536193925835,1.492,711.6840000000001,0,False,True
5572,302.4,0.379,63.52764274749861,1.562,591.9979999999999,0,True,False
5573,302.4,0.364,78.91678029437935,1.545,562.38,0,False,True
5574,302.5,0.253,44.79360925395687,1.738,439.714,0,False,False
5575,302.4,0.491,43.3486936836277,1.305,640.755,0,False,False
5576,302.4,0.397,63.77885628492101,1.477,586.369,0,True,False
5577,302.4,0.434,58.166445077313654,1.457,632.338,0,False,False
5578,302.4,0.40399999999999997,68.00863208234784,1.455,587.82,0,False,True
5579,302.5,0.387,74.73133955133908,1.574,609.138,0,False,True
5580,302.6,0.271,72.56536478260882,1.695,459.345,1,False,False
5581,302.6,0.38799999999999996,82.11305868292806,1.458,565.704,0,True,False
5582,302.5,0.47600000000000003,54.91282045785058,1.454,692.104,0,True,False
5583,302.5,0.18899999999999997,45.31933711240904,2.052,387.828,0,False,True
5584,302.5,0.299,62.54563199739429,1.673,500.227,0,False,False
5585,302.4,0.299,40.53715600955928,1.578,471.82199999999995,0,False,False
5586,302.5,0.29100000000000004,49.44255616658157,1.642,477.82200000000006,1,True,False
5587,302.4,0.315,45.394402763157224,1.557,490.455,0,False,False
5588,302.5,0.429,54.828185839854044,1.481,635.349,0,False,False
5589,302.5,0.376,40.56082875011077,1.566,588.816,0,False,True
5590,302.5,0.575,36.59208722740489,1.298,746.35,0,False,False
5591,302.5,0.594,67.83970023150158,1.34,795.96,1,True,False
5592,302.5,0.33799999999999997,65.51244891449025,1.574,532.012,0,False,False
5593,302.5,0.467,70.41794680193306,1.437,671.0790000000001,0,True,False
5594,302.6,0.48,68.0193220135672,1.354,649.92,0,False,True
5595,302.6,0.355,40.71473405711917,1.598,567.29,1,True,False
5596,302.7,0.214,49.553944068782315,1.944,416.01599999999996,0,False,False
5597,302.7,0.36700000000000005,41.47633049501762,1.538,564.446,0,True,False
5598,302.7,0.37,77.14862010242817,1.501,555.37,0,False,False
5599,302.8,0.521,72.34518276777617,1.441,750.7610000000001,0,False,False
5600,302.7,0.31,45.07635014591212,1.652,512.12,0,False,False
5601,302.8,0.366,52.06546202449467,1.487,544.2420000000001,0,True,False
5602,302.9,0.33899999999999997,83.33074961321071,1.605,544.095,0,True,False
5603,302.9,0.547,64.70796789398257,1.334,729.698,0,True,False
5604,302.9,0.578,75.05777986505785,1.34,774.52,0,False,False
5605,302.9,0.37799999999999995,48.229551738436456,1.513,571.914,0,True,False
5606,302.9,0.414,45.50264600896526,1.51,625.14,0,False,False
5607,302.9,0.23600000000000002,74.19584644232742,1.729,408.04400000000004,1,False,True
5608,302.9,0.255,69.29362276157201,1.745,444.975,0,False,True
5609,303.1,0.316,69.04889646058818,1.623,512.868,0,False,False
5610,303.1,0.501,62.63172909145969,1.378,690.378,0,False,False
5611,303.1,0.41200000000000003,63.178917138827444,1.407,579.684,0,True,False
5612,303.0,0.295,71.78487526531269,1.674,493.83,0,False,False
5613,303.0,0.424,48.50012405605976,1.486,630.064,0,False,True
5614,303.0,0.38799999999999996,52.63842329284779,1.483,575.404,0,True,False
5615,303.0,0.28800000000000003,78.58183852600276,1.624,467.71200000000005,0,False,False
5616,303.0,0.713,50.44326005060789,1.257,896.2409999999999,0,False,True
5617,303.0,0.414,62.31547856896495,1.48,612.72,0,False,True
5618,303.1,0.615,70.1319732003342,1.404,863.46,0,True,False
5619,303.0,0.29600000000000004,84.99624134165882,1.645,486.92,0,False,False
5620,303.0,0.21899999999999997,56.7645665747666,1.932,423.10799999999995,0,True,False
5621,303.0,0.385,56.404643831247185,1.533,590.205,0,True,False
5622,302.9,0.544,77.12941897168338,1.292,702.8480000000001,0,False,True
5623,302.9,0.406,75.27515556299316,1.571,637.826,0,False,True
5624,302.9,0.363,71.55379408672744,1.578,572.814,0,False,True
5625,302.8,0.369,58.161481870451446,1.469,542.061,0,True,False
5626,302.7,0.244,51.19695600803579,1.728,421.63199999999995,0,False,True
5627,302.7,0.325,65.43652412924243,1.603,520.975,0,False,False
5628,302.7,0.39799999999999996,78.81116465658204,1.597,635.606,0,True,False
5629,302.7,0.32,79.18887291042932,1.688,540.16,0,False,False
5630,302.7,0.514,40.42491725352192,1.405,722.17,0,True,False
5631,302.8,0.32899999999999996,56.41751419065753,1.615,531.335,0,False,True
5632,302.8,0.368,58.236097809937476,1.515,557.52,0,False,False
5633,302.7,0.528,83.88076837618766,1.376,726.528,0,True,False
5634,302.7,0.475,68.89990076212922,1.447,687.325,0,True,False
5635,302.6,0.565,55.36232086310353,1.353,764.445,0,True,False
5636,302.6,0.473,36.30289429927965,1.502,710.4459999999999,1,True,False
5637,302.6,0.455,63.269258004959795,1.447,658.385,0,False,False
5638,302.5,0.461,39.803798781917806,1.487,685.507,1,False,True
5639,302.6,0.381,76.72249786738816,1.519,578.739,0,True,False
5640,302.6,0.287,72.6259330285181,1.668,478.716,0,True,False
5641,302.6,0.516,58.02545799540894,1.42,732.72,0,False,False
5642,302.6,0.373,56.46053897708499,1.473,549.429,0,False,True
5643,302.5,0.38799999999999996,79.86694827843843,1.495,580.06,0,True,False
5644,302.5,0.42,49.422917520906424,1.574,661.08,0,True,False
5645,302.5,0.513,47.45099810533854,1.383,709.4789999999999,0,False,False
5646,302.5,0.294,81.9598716412881,1.591,467.75399999999996,1,True,False
5647,302.4,0.37200000000000005,75.46229183767413,1.644,611.568,1,True,False
5648,302.5,0.147,76.03127965335973,2.37,348.39,0,False,False
5649,302.5,0.449,44.759690713796275,1.401,629.049,1,False,False
5650,302.5,0.516,42.16479957154672,1.414,729.6240000000001,0,False,False
5651,302.5,0.46299999999999997,36.30147749085675,1.456,674.128,0,False,False
5652,302.5,0.457,46.852075445934005,1.447,661.2790000000001,0,False,False
5653,302.4,0.265,73.70952458571624,1.727,457.655,0,True,False
5654,302.4,0.368,47.00192093820749,1.495,550.16,1,True,False
5655,302.3,0.34299999999999997,71.4551641797438,1.544,529.592,0,True,False
5656,302.3,0.473,47.595413268371075,1.387,656.0509999999999,1,True,False
5657,302.3,0.47200000000000003,54.76462489753358,1.316,621.152,1,False,False
5658,302.3,0.261,84.15811449557043,1.794,468.23400000000004,0,False,True
5659,302.2,0.551,47.24058656420678,1.372,755.972,0,False,True
5660,302.3,0.3,53.81853136491338,1.674,502.2,0,False,False
5661,302.2,0.41700000000000004,50.05435902326068,1.477,615.909,0,True,False
5662,302.2,0.53,40.48124931650011,1.397,740.41,0,True,False
5663,302.2,0.34,59.49470710654125,1.616,549.44,0,False,True
5664,302.3,0.423,53.93453316665011,1.53,647.1899999999999,0,False,False
5665,302.2,0.35100000000000003,69.74435429036402,1.539,540.189,1,False,False
5666,302.3,0.21899999999999997,75.8797273475773,1.845,404.055,0,False,True
5667,302.2,0.431,62.21248572478193,1.43,616.33,0,False,False
5668,302.2,0.192,36.609821104366844,2.08,399.36,0,False,True
5669,302.2,0.45299999999999996,65.94611781173609,1.432,648.696,0,True,False
5670,302.2,0.395,37.76953650104696,1.479,584.205,0,False,False
5671,302.2,0.452,65.81781617995125,1.424,643.648,0,False,True
5672,302.2,0.37200000000000005,69.25149746345943,1.534,570.648,0,True,False
5673,302.1,0.262,44.88838138087592,1.701,445.662,0,False,False
5674,302.2,0.5,75.96730743608856,1.462,731.0,0,True,False
5675,302.2,0.425,80.55425657870242,1.393,592.025,0,False,True
5676,302.3,0.425,75.65434820569098,1.453,617.525,0,True,False
5677,302.3,0.37799999999999995,50.25545951060411,1.565,591.5699999999999,0,False,False
5678,302.3,0.517,64.33215062228172,1.281,662.2769999999999,0,True,False
5679,302.2,0.36200000000000004,80.7407574595614,1.584,573.408,0,False,False
5680,302.2,0.49,51.033236311142495,1.466,718.34,1,True,False
5681,302.2,0.505,76.00139111327125,1.386,699.93,0,True,False
5682,302.2,0.44299999999999995,35.47375656308483,1.383,612.669,0,False,False
5683,302.3,0.539,35.182335139233814,1.441,776.699,0,False,True
5684,302.2,0.377,72.98558301694837,1.592,600.184,0,True,False
5685,302.2,0.368,73.07237910635607,1.594,586.592,0,True,False
5686,302.2,0.456,74.44885939261468,1.482,675.7919999999999,0,False,True
5687,302.2,0.314,81.50134189440811,1.658,520.612,0,False,False
5688,302.3,0.182,40.89531559101421,2.17,394.94,0,False,True
5689,302.3,0.446,46.59924924918442,1.423,634.658,0,True,False
5690,302.4,0.311,80.18624601869038,1.543,479.87300000000005,0,False,False
5691,302.3,0.44799999999999995,43.86180988861767,1.435,642.8799999999999,1,True,False
5692,302.4,0.564,69.1114633788292,1.32,744.48,0,True,False
5693,302.4,0.557,61.523150002040765,1.313,731.341,1,False,False
5694,302.4,0.42100000000000004,39.15968384257536,1.453,611.7130000000001,0,False,False
5695,302.4,0.457,49.26318309707664,1.508,689.1560000000001,0,False,True
5696,302.4,0.42,61.018610822048394,1.451,609.42,0,True,False
5697,302.5,0.34600000000000003,77.6175058341917,1.595,551.87,0,False,False
5698,302.5,0.494,70.37692448073369,1.354,668.8759999999999,0,False,False
5699,302.5,0.598,66.09415807274665,1.265,756.47,0,False,True
5700,302.4,0.259,59.80164449707074,1.867,483.55299999999994,0,True,False
5701,302.5,0.41600000000000004,49.934199190706714,1.497,622.7520000000001,0,True,False
5702,302.5,0.5429999999999999,40.96224556596306,1.347,731.4209999999999,0,True,False
5703,302.3,0.43200000000000005,55.453801728304775,1.544,667.008,0,False,False
5704,302.3,0.45399999999999996,36.42592469556463,1.456,661.0239999999999,0,True,False
5705,302.5,0.527,45.55279446334253,1.335,703.545,0,False,True
5706,302.4,0.431,56.62416879363299,1.452,625.812,0,True,False
5707,302.4,0.7,55.93025928359575,1.29,903.0,0,False,True
5708,302.4,0.434,37.21477154984962,1.448,628.432,0,True,False
5709,302.3,0.386,64.45300767626456,1.611,621.846,0,False,False
5710,302.2,0.386,62.48421279266181,1.556,600.6160000000001,0,False,True
5711,302.2,0.465,38.90521520104564,1.413,657.045,0,True,False
5712,302.2,0.359,82.15815262302196,1.545,554.655,0,False,True
5713,302.2,0.546,39.96913894754301,1.33,726.18,0,False,False
5714,302.2,0.38,77.7417075618668,1.596,606.48,0,False,True
5715,302.2,0.36,35.015486595750296,1.618,582.48,0,False,False
5716,302.2,0.358,79.11405475226915,1.597,571.726,1,True,False
5717,302.3,0.522,35.985986610215626,1.354,706.788,0,True,False
5718,302.3,0.281,72.8906015946058,1.746,490.62600000000003,0,True,False
5719,302.4,0.325,53.084540565012645,1.621,526.825,0,True,False
5720,302.3,0.433,71.91084000681599,1.398,605.334,0,True,False
5721,302.3,0.519,55.08726027124892,1.434,744.2459999999999,0,True,False
5722,302.3,0.434,38.54539611659209,1.443,626.262,0,False,False
5723,302.2,0.446,73.3753347697682,1.488,663.648,0,False,True
5724,302.3,0.48,38.56263426606825,1.475,708.0,1,True,False
5725,302.3,0.503,81.10602179806091,1.433,720.799,0,True,False
5726,302.3,0.341,37.54870178958307,1.557,530.937,0,False,False
5727,302.4,0.501,58.966263888575774,1.398,700.398,0,True,False
5728,302.3,0.344,71.15172154253978,1.559,536.2959999999999,0,True,False
5729,302.4,0.46399999999999997,54.66232323960189,1.422,659.808,0,True,False
5730,302.3,0.35700000000000004,45.861673729621735,1.463,522.291,0,False,True
5731,302.3,0.253,72.95454806980135,1.793,453.629,0,False,True
5732,302.2,0.204,74.21473523943632,1.872,381.888,0,True,False
5733,302.2,0.445,81.13474919771836,1.412,628.34,0,False,False
5734,302.3,0.43200000000000005,53.80825552155389,1.487,642.384,0,False,False
5735,302.3,0.562,60.31258672486634,1.369,769.378,0,False,False
5736,302.4,0.301,53.1564221423036,1.673,503.57300000000004,0,False,False
5737,302.4,0.366,47.85409109256841,1.439,526.674,0,False,False
5738,302.3,0.428,72.55164807688043,1.574,673.672,0,True,False
5739,302.3,0.488,51.98259225084777,1.281,625.1279999999999,0,True,False
5740,302.2,0.314,56.40747209961761,1.653,519.0419999999999,1,False,False
5741,302.3,0.38299999999999995,55.18368288120139,1.535,587.905,0,False,True
5742,302.3,0.405,70.6330612823373,1.483,600.615,1,False,False
5743,302.3,0.47,80.88978130553399,1.414,664.58,0,False,True
5744,302.2,0.429,68.33780306536886,1.379,591.591,0,False,True
5745,302.2,0.426,58.57912980471163,1.482,631.332,0,True,False
5746,302.1,0.201,73.96025573694416,1.987,399.38700000000006,0,False,False
5747,302.1,0.316,67.04856620610687,1.635,516.66,0,False,False
5748,302.1,0.39399999999999996,38.03051785589067,1.533,604.002,0,False,True
5749,302.2,0.34,39.78317932094208,1.576,535.84,1,False,True
5750,302.2,0.624,36.89584720368167,1.33,829.92,0,False,False
5751,302.2,0.218,57.840816310315994,1.981,431.858,1,True,False
5752,302.3,0.428,76.29267171694823,1.475,631.3,0,False,True
5753,302.3,0.25,50.654158467567605,1.804,451.0,1,True,False
5754,302.2,0.541,54.20800915462408,1.416,766.056,0,False,True
5755,302.1,0.27699999999999997,80.47385541839454,1.727,478.379,0,False,True
5756,302.1,0.49200000000000005,76.84517226583274,1.391,684.372,0,True,False
5757,302.0,0.523,68.252405619128,1.366,714.418,1,False,False
5758,301.9,0.556,48.34018910461256,1.366,759.4960000000001,0,False,False
5759,301.9,0.408,40.852074134422175,1.501,612.4079999999999,0,False,False
5760,301.8,0.358,35.802941134005685,1.551,555.2579999999999,0,True,False
5761,301.9,0.35600000000000004,40.350533630221044,1.522,541.832,0,False,True
5762,301.9,0.498,49.62982218119714,1.369,681.762,0,False,True
5763,301.8,0.523,62.58950317897478,1.334,697.682,0,False,True
5764,301.8,0.39399999999999996,38.200004137619345,1.451,571.694,0,True,False
5765,301.7,0.379,41.81138891592245,1.589,602.231,0,False,True
5766,301.7,0.305,44.054035115397056,1.708,520.94,0,False,False
5767,301.7,0.426,66.59910464916531,1.413,601.938,0,True,False
5768,301.6,0.465,65.78948994900622,1.415,657.975,1,True,False
5769,301.7,0.45899999999999996,62.538286318607646,1.421,652.239,0,True,False
5770,301.7,0.51,47.52507123479698,1.348,687.48,0,False,True
5771,301.6,0.429,53.5559845609366,1.408,604.0319999999999,0,False,False
5772,301.6,0.43700000000000006,39.83448581688715,1.525,666.425,1,False,False
5773,301.6,0.299,46.323030187902745,1.706,510.09399999999994,0,True,False
5774,301.6,0.46799999999999997,79.88526132362902,1.395,652.8599999999999,0,False,False
5775,301.5,0.34299999999999997,83.98458732179142,1.602,549.486,1,True,False
5776,301.6,0.215,67.38297928201473,1.907,410.005,0,True,False
5777,301.6,0.49200000000000005,80.84116460117102,1.325,651.9000000000001,0,False,False
5778,301.6,0.444,67.13709502007126,1.408,625.1519999999999,0,True,False
5779,301.7,0.414,36.659824305273496,1.489,616.446,0,False,True
5780,301.6,0.292,84.83812924932045,1.68,490.56,0,True,False
5781,301.7,0.424,39.94761508432674,1.517,643.208,0,False,False
5782,301.7,0.36700000000000005,69.13209007225304,1.618,593.806,0,False,False
5783,301.7,0.39799999999999996,47.6418101537395,1.455,579.0899999999999,0,False,False
5784,301.8,0.364,54.599055645348,1.543,561.6519999999999,1,True,False
5785,301.8,0.418,67.29670924004691,1.399,584.7819999999999,0,True,False
5786,301.7,0.37200000000000005,56.82436746538535,1.469,546.4680000000001,0,False,True
5787,301.7,0.36700000000000005,47.52730294655641,1.521,558.207,0,True,False
5788,301.7,0.38799999999999996,51.72230934391624,1.584,614.592,0,False,True
5789,301.8,0.433,52.07740584615881,1.443,624.819,0,False,True
5790,301.8,0.49,82.96619522541069,1.416,693.84,0,True,False
5791,301.7,0.345,74.93065079617256,1.563,539.235,1,True,False
5792,301.8,0.401,57.92743857397001,1.542,618.3420000000001,0,False,False
5793,301.8,0.316,44.99104601706821,1.624,513.184,0,False,True
5794,301.8,0.442,75.5508055131328,1.471,650.182,0,False,True
5795,301.9,0.408,42.859123580418675,1.492,608.736,0,False,False
5796,301.9,0.39899999999999997,45.52311085710017,1.465,584.535,0,False,True
5797,301.7,0.551,53.30066959200756,1.399,770.849,0,True,False
5798,301.6,0.426,79.0174097925995,1.431,609.606,0,False,True
5799,301.5,0.39,41.58933343170551,1.6,624.0,0,False,True
5800,301.5,0.345,41.111709642726304,1.593,549.585,0,True,False
5801,301.5,0.447,59.6987494152633,1.469,656.643,0,True,False
5802,301.5,0.446,48.82052705468374,1.413,630.198,0,True,False
5803,301.4,0.38,63.43639708240799,1.49,566.2,0,True,False
5804,301.5,0.311,57.58183423416118,1.671,519.681,0,False,True
5805,301.5,0.465,56.74795531756084,1.365,634.725,0,True,False
5806,301.4,0.39299999999999996,40.59864852434966,1.557,611.901,0,True,False
5807,301.4,0.45399999999999996,42.05248451249201,1.44,653.76,1,True,False
5808,301.4,0.389,76.05392887234251,1.489,579.221,0,False,True
5809,301.4,0.257,79.29413687858721,1.733,445.381,0,False,False
5810,301.3,0.366,46.73417664426251,1.58,578.28,1,False,False
5811,301.3,0.21899999999999997,40.67302507623845,1.856,406.46399999999994,0,True,False
5812,301.3,0.40299999999999997,37.67083359672553,1.454,585.962,1,False,True
5813,301.4,0.363,65.41488068709484,1.495,542.685,0,False,True
5814,301.2,0.29100000000000004,70.76766062501028,1.761,512.451,0,True,False
5815,301.3,0.475,53.64049946016027,1.402,665.95,1,True,False
5816,301.2,0.33,68.98379337453198,1.67,551.1,0,True,False
5817,301.3,0.35600000000000004,70.6479407779763,1.582,563.192,0,True,False
5818,301.3,0.35100000000000003,81.76711406984526,1.542,541.2420000000001,0,False,False
5819,301.3,0.369,38.243681891755365,1.539,567.891,0,False,True
5820,301.3,0.419,44.61458616155399,1.418,594.1419999999999,0,False,False
5821,301.3,0.276,38.426299379849404,1.723,475.548,0,False,True
5822,301.3,0.49200000000000005,78.39969666680553,1.303,641.076,0,False,False
5823,301.3,0.502,74.62935800167843,1.463,734.426,0,False,False
5824,301.2,0.39299999999999996,63.73210353109195,1.544,606.7919999999999,0,False,False
5825,301.2,0.37200000000000005,39.18317050255916,1.596,593.712,0,True,False
5826,301.3,0.42,48.66561793268598,1.413,593.46,0,True,False
5827,301.3,0.41200000000000003,49.885992402925844,1.492,614.7040000000001,0,False,False
5828,301.3,0.409,63.03715980077085,1.624,664.2159999999999,0,True,False
5829,301.3,0.391,47.902194701835775,1.504,588.064,0,True,False
5830,301.2,0.34299999999999997,38.64799319564774,1.574,539.882,0,False,False
5831,301.3,0.424,71.53811509266497,1.438,609.712,0,False,True
5832,301.3,0.507,49.954010582770564,1.474,747.318,0,False,False
5833,301.3,0.321,57.61870885116503,1.675,537.675,1,False,True
5834,301.3,0.445,41.38333174911527,1.457,648.365,0,False,False
5835,301.3,0.498,75.12741516972898,1.434,714.132,0,False,True
5836,301.3,0.301,63.27659384620288,1.668,502.06800000000004,0,False,False
5837,301.2,0.397,80.07928131049314,1.55,615.35,0,False,True
5838,301.3,0.254,59.77357815326667,1.834,465.836,0,False,False
5839,301.4,0.365,82.07128359089398,1.476,538.74,0,False,False
5840,301.4,0.363,79.5934102190663,1.541,559.3829999999999,0,False,False
5841,301.3,0.309,63.822992822961695,1.581,488.52899999999994,0,False,False
5842,301.3,0.307,81.69467190749316,1.678,515.146,0,True,False
5843,301.4,0.506,51.15443736472761,1.355,685.63,1,True,False
5844,301.5,0.28800000000000003,53.282108135210564,1.7,489.6,0,True,False
5845,301.4,0.371,37.273897565301844,1.462,542.402,0,False,True
5846,301.4,0.265,64.46004533819266,1.727,457.655,0,True,False
5847,301.4,0.33299999999999996,71.09619849644668,1.674,557.442,0,True,False
5848,301.4,0.423,73.67595951210515,1.397,590.931,0,False,False
5849,301.4,0.159,42.49081430230517,2.323,369.357,1,True,False
5850,301.4,0.47600000000000003,57.207953615625016,1.434,682.5840000000001,0,False,False
5851,301.3,0.353,43.84316060469578,1.56,550.68,0,True,False
5852,301.2,0.32799999999999996,68.10636744271244,1.573,515.944,0,False,True
5853,301.2,0.223,42.8973186210884,1.798,400.954,0,False,True
5854,301.2,0.35100000000000003,80.20818419780375,1.567,550.017,0,False,True
5855,301.2,0.5329999999999999,46.53173228307067,1.416,754.7280000000001,0,False,False
5856,301.2,0.452,49.57011331441224,1.424,643.648,0,False,True
5857,301.2,0.359,77.54531610754998,1.598,573.682,0,True,False
5858,301.3,0.239,57.92338050728619,1.76,420.64,0,True,False
5859,301.3,0.445,36.19979729000365,1.348,599.86,1,True,False
5860,301.3,0.336,59.729312560132286,1.542,518.1120000000001,1,False,False
5861,301.3,0.331,39.22716676900615,1.566,518.346,0,False,False
5862,301.3,0.47700000000000004,84.26723593436553,1.554,741.258,0,False,False
5863,301.4,0.406,64.40557852278012,1.47,596.82,1,True,False
5864,301.4,0.254,47.82663088054892,1.758,446.532,0,False,False
5865,301.4,0.365,63.18588397738089,1.486,542.39,0,False,False
5866,301.5,0.4,38.843355169087744,1.402,560.8,0,False,False
5867,301.5,0.451,74.99456521344085,1.459,658.0090000000001,0,False,False
5868,301.5,0.45299999999999996,81.26640269320819,1.494,676.7819999999999,0,True,False
5869,301.5,0.27899999999999997,78.72221941030799,1.731,482.94899999999996,0,False,True
5870,301.5,0.187,52.08788011492814,2.076,388.212,1,False,False
5871,301.5,0.168,51.28840598216843,2.055,345.24,0,True,False
5872,301.5,0.495,36.754380560815,1.469,727.155,0,True,False
5873,301.5,0.426,67.57001793504584,1.504,640.7040000000001,1,False,False
5874,301.5,0.435,61.745239209489746,1.396,607.26,0,False,True
5875,301.5,0.33799999999999997,57.96731856636707,1.66,561.0799999999999,0,False,False
5876,301.5,0.397,80.38154766673534,1.577,626.069,0,True,False
5877,301.5,0.521,43.393945054142314,1.426,742.946,0,False,True
5878,301.5,0.414,35.48331333450912,1.458,603.612,0,False,False
5879,301.4,0.45799999999999996,38.66582260603827,1.533,702.1139999999999,0,False,False
5880,301.4,0.284,46.168571891368444,1.701,483.08399999999995,0,False,False
5881,301.5,0.496,36.664277463172844,1.434,711.2640000000001,0,True,False
5882,301.4,0.22699999999999998,60.14218553215677,1.952,443.10400000000004,0,False,False
5883,301.4,0.369,50.7045227616789,1.469,542.061,0,True,False
5884,301.4,0.26,44.02415040340664,1.8,468.0,0,False,True
5885,301.3,0.43,72.50420374743311,1.438,618.34,0,False,False
5886,301.3,0.282,45.2225663116265,1.647,464.454,0,False,False
5887,301.4,0.419,69.38025504968965,1.494,625.986,0,False,False
5888,301.4,0.414,52.46324529238194,1.445,598.23,0,False,True
5889,301.5,0.386,60.59138803312773,1.507,581.702,0,False,True
5890,301.4,0.5579999999999999,81.693351992566,1.234,688.572,0,False,False
5891,301.4,0.326,36.86758174079064,1.634,532.684,1,False,False
5892,301.4,0.5329999999999999,60.0132253738731,1.334,711.0219999999999,0,False,False
5893,301.4,0.445,77.72114801638091,1.472,655.04,0,False,False
5894,301.3,0.527,64.39871241851742,1.41,743.07,0,True,False
5895,301.2,0.379,48.84352584825783,1.597,605.2629999999999,0,False,False
5896,301.2,0.467,54.88405675725171,1.46,681.82,1,True,False
5897,301.1,0.557,69.01328143642873,1.274,709.618,0,False,True
5898,301.0,0.402,79.54059471569016,1.517,609.8340000000001,1,True,False
5899,301.0,0.5720000000000001,37.05331868733058,1.3,743.6,0,False,True
5900,300.9,0.27699999999999997,38.57694109451882,1.686,467.022,0,False,False
5901,300.9,0.41,51.25257618047938,1.485,608.85,0,False,False
5902,301.0,0.45799999999999996,46.63898422187395,1.464,670.512,0,False,False
5903,300.9,0.354,48.2465443111203,1.598,565.692,0,True,False
5904,300.9,0.21899999999999997,46.06349993129405,1.894,414.786,0,True,False
5905,300.8,0.59,44.79125244275789,1.33,784.7,0,True,False
5906,300.8,0.311,41.53119834346459,1.582,492.00200000000007,0,False,False
5907,300.7,0.35600000000000004,81.6977065897619,1.533,545.748,0,False,False
5908,300.8,0.46399999999999997,42.20947319530765,1.419,658.4159999999999,0,False,True
5909,300.8,0.363,45.22018873827681,1.526,553.938,0,True,False
5910,300.7,0.653,47.31328619903928,1.364,890.692,0,True,False
5911,300.8,0.434,81.65074365652103,1.458,632.7719999999999,0,False,False
5912,300.8,0.64,72.78570668005423,1.288,824.32,0,False,True
5913,300.7,0.298,74.48497151577573,1.659,494.38200000000006,0,False,False
5914,300.7,0.523,40.2379129769249,1.479,773.5169999999999,0,False,False
5915,300.7,0.36,76.81549375078359,1.592,573.12,1,False,False
5916,300.6,0.387,55.4096540908709,1.532,592.884,1,True,False
5917,300.6,0.419,48.141151310619435,1.555,651.545,0,False,True
5918,300.6,0.526,63.78750417601553,1.341,705.3660000000001,0,False,False
5919,300.6,0.42,76.1091452908367,1.541,647.22,1,True,False
5920,300.6,0.506,73.93260755374547,1.414,715.484,0,False,False
5921,300.5,0.259,79.49987412905661,1.764,456.876,0,True,False
5922,300.5,0.5710000000000001,81.4066093007722,1.336,762.8560000000001,1,False,True
5923,300.5,0.433,46.906103571387476,1.435,621.3549999999999,0,True,False
5924,300.4,0.35,56.192894708463584,1.537,537.95,0,False,False
5925,300.3,0.488,35.7314269602535,1.369,668.072,0,True,False
5926,300.2,0.313,78.966082963253,1.619,506.74700000000007,0,False,False
5927,300.2,0.511,42.72860757373838,1.44,735.84,0,False,True
5928,300.2,0.305,78.07374061713472,1.649,502.945,0,False,False
5929,300.2,0.387,51.46936609932982,1.55,599.85,0,False,False
5930,300.3,0.452,53.40667949905691,1.471,664.8919999999999,1,False,True
5931,300.3,0.516,36.95661272419297,1.483,765.2280000000001,0,True,False
5932,300.3,0.544,51.34393948826598,1.336,726.784,0,True,False
5933,300.5,0.366,79.4181841400632,1.515,554.49,0,True,False
5934,300.5,0.474,36.27737005608021,1.373,650.802,0,False,True
5935,300.6,0.512,55.31637365233627,1.454,744.448,0,True,False
5936,300.5,0.345,36.569981490637055,1.646,567.87,0,False,False
5937,300.5,0.373,53.546171255453245,1.548,577.404,0,False,False
5938,300.6,0.413,43.63203203901456,1.462,603.806,0,True,False
5939,300.5,0.331,47.6109196634186,1.702,563.3620000000001,0,True,False
5940,300.5,0.609,78.87991865807095,1.409,858.0809999999999,0,True,False
5941,300.6,0.528,56.80246103109455,1.427,753.4559999999999,0,False,False
5942,300.6,0.485,48.689899570095605,1.438,697.43,0,True,False
5943,300.7,0.434,64.46691889752739,1.45,629.3,1,True,False
5944,300.7,0.413,42.10534799162912,1.541,636.433,0,False,True
5945,300.7,0.38,47.969580371042795,1.484,563.92,0,False,True
5946,300.8,0.445,62.31239838014443,1.415,629.675,1,True,False
5947,300.7,0.46399999999999997,46.876152092403444,1.496,694.1439999999999,0,True,False
5948,300.7,0.452,68.95638687004367,1.465,662.18,1,True,False
5949,300.7,0.185,59.57456511297613,2.113,390.905,0,False,False
5950,300.7,0.44,73.59945351273454,1.506,662.64,0,False,True
5951,300.7,0.289,82.41222678612343,1.689,488.121,0,True,False
5952,300.7,0.294,40.790244467370385,1.65,485.1,0,True,False
5953,300.7,0.33799999999999997,51.73325049922724,1.563,528.294,0,False,True
5954,300.7,0.389,50.97745314392033,1.486,578.054,0,False,False
5955,300.8,0.257,42.559145966862715,1.732,445.124,0,True,False
5956,300.7,0.316,75.51515686667355,1.653,522.3480000000001,0,False,False
5957,300.7,0.371,72.99393520193951,1.535,569.485,0,True,False
5958,300.7,0.37200000000000005,59.22127354171995,1.637,608.964,0,True,False
5959,300.6,0.385,61.888538889730484,1.533,590.205,1,False,True
5960,300.6,0.512,37.97720690012481,1.378,705.5360000000001,0,False,True
5961,300.5,0.335,62.775367616352284,1.606,538.01,0,False,False
5962,300.3,0.32299999999999995,74.56707620098183,1.539,497.097,1,False,True
5963,300.5,0.263,63.69137867919286,1.728,454.464,0,False,False
5964,300.4,0.363,48.26531850602095,1.656,601.1279999999999,0,False,True
5965,300.5,0.305,68.37741361671686,1.631,497.455,0,False,False
5966,300.5,0.465,53.07442149826238,1.447,672.855,1,False,True
5967,300.4,0.493,62.24366421428676,1.396,688.2280000000001,0,False,True
5968,300.4,0.525,59.37826816394624,1.39,729.75,0,True,False
5969,300.4,0.56,54.058750048259,1.348,754.88,0,False,True
5970,300.4,0.359,70.94389901970675,1.491,535.269,1,False,True
5971,300.4,0.376,79.19380559929408,1.52,571.52,0,False,True
5972,300.5,0.33,35.26062592384625,1.509,497.97,0,True,False
5973,300.5,0.466,81.68082596151837,1.445,673.37,0,False,True
5974,300.5,0.518,60.575756804161244,1.354,701.372,0,False,True
5975,300.5,0.39399999999999996,70.03659401816326,1.488,586.2719999999999,0,True,False
5976,300.5,0.28600000000000003,77.78122830879386,1.654,473.04400000000004,1,False,True
5977,300.5,0.515,58.3551846157135,1.378,709.67,0,True,False
5978,300.6,0.306,76.74870366824452,1.75,535.5,1,True,False
5979,300.5,0.46299999999999997,43.88099097276011,1.448,670.424,0,False,False
5980,300.6,0.45299999999999996,42.958376723990725,1.501,679.953,0,False,False
5981,300.6,0.32,67.87356844280768,1.654,529.28,0,False,False
5982,300.7,0.465,78.50715027758686,1.347,626.355,0,True,False
5983,300.7,0.371,79.62130887680198,1.486,551.306,0,False,True
5984,300.8,0.452,67.18702291886233,1.466,662.632,1,True,False
5985,300.7,0.52,61.27446151046587,1.346,699.92,1,True,False
5986,300.7,0.424,51.56965438482581,1.314,557.136,0,True,False
5987,300.6,0.525,84.00002077996658,1.44,756.0,0,False,False
5988,300.7,0.395,50.984784333312525,1.608,635.16,0,False,True
5989,300.7,0.5820000000000001,72.20930536157965,1.296,754.2719999999999,1,False,False
5990,300.7,0.461,61.59908999525004,1.507,694.727,0,False,True
5991,300.7,0.516,65.42561712626733,1.343,692.988,0,True,False
5992,300.7,0.40399999999999997,54.674027529431314,1.416,572.064,0,False,False
5993,300.7,0.47200000000000003,83.24115627361239,1.288,607.936,0,False,False
5994,300.7,0.424,63.58411630496355,1.407,596.568,0,False,False
5995,300.6,0.392,81.8893815229395,1.608,630.336,0,True,False
5996,300.6,0.223,35.3795708086957,1.92,428.16,0,False,False
5997,300.5,0.48200000000000004,63.63352915955605,1.386,668.052,1,False,False
5998,300.5,0.34600000000000003,70.85934448626358,1.571,543.566,0,False,True
5999,300.4,0.369,72.25400855811091,1.613,595.197,0,False,False
6000,300.4,0.305,80.24884408908406,1.671,509.655,0,True,False
6001,300.4,0.43200000000000005,35.220080450189315,1.431,618.192,0,False,False
6002,300.4,0.473,35.01650796297382,1.38,652.7399999999999,0,True,False
6003,300.5,0.315,58.61317303976077,1.683,530.145,0,False,True
6004,300.4,0.36200000000000004,36.46468525026853,1.529,553.498,0,False,False
6005,300.5,0.265,83.72662768311872,1.761,466.665,0,True,False
6006,300.6,0.38299999999999995,46.1032587270696,1.57,601.31,0,False,True
6007,300.6,0.18,58.63323646824223,2.156,388.08,0,False,False
6008,300.7,0.545,38.05688150061118,1.349,735.205,0,True,False
6009,300.7,0.39299999999999996,61.102420808562925,1.431,562.3829999999999,0,False,False
6010,300.6,0.22,53.99780625737043,1.931,424.82,0,True,False
6011,300.7,0.434,37.233001443861184,1.428,619.752,0,False,True
6012,300.8,0.36200000000000004,51.756213334811235,1.564,566.168,0,False,True
6013,300.8,0.44,54.57180101114278,1.425,627.0,0,False,True
6014,300.7,0.305,84.496074563747,1.597,487.085,0,False,False
6015,300.8,0.32799999999999996,45.394293595968776,1.618,530.704,0,False,False
6016,300.8,0.38,62.23898076850499,1.52,577.6,0,False,True
6017,300.7,0.45299999999999996,84.36577745993142,1.425,645.525,0,True,False
6018,300.8,0.382,74.60096039700676,1.398,534.0360000000001,1,False,False
6019,300.8,0.316,84.66837504410444,1.557,492.01200000000006,0,False,False
6020,300.7,0.439,83.41491573300846,1.519,666.8409999999999,0,True,False
6021,300.7,0.349,59.476977104707714,1.619,565.031,0,False,False
6022,300.7,0.214,69.81879249352829,1.814,388.19599999999997,0,False,True
6023,300.7,0.39399999999999996,40.52215634705755,1.521,599.274,0,False,True
6024,300.7,0.512,57.0574412523401,1.369,700.928,0,True,False
6025,300.7,0.653,75.45092711333487,1.356,885.4680000000001,0,True,False
6026,300.7,0.5329999999999999,60.26676604885717,1.336,712.0880000000001,0,True,False
6027,300.7,0.483,70.1349516408616,1.403,677.6489999999999,0,False,True
6028,300.7,0.44299999999999995,72.28756649921385,1.413,625.959,0,True,False
6029,300.6,0.47600000000000003,47.67345706214469,1.472,700.672,0,False,False
6030,300.7,0.479,78.78496864712827,1.452,695.508,1,True,False
6031,300.6,0.537,57.99112154545895,1.397,750.1890000000001,0,False,False
6032,300.6,0.406,45.50925518107719,1.455,590.73,1,True,False
6033,300.7,0.27699999999999997,78.2707940894222,1.754,485.85799999999995,0,False,True
6034,300.6,0.379,55.89094030531268,1.471,557.509,0,True,False
6035,300.6,0.48100000000000004,72.51562191898599,1.389,668.109,0,False,False
6036,300.6,0.303,62.401653611079645,1.702,515.706,0,True,False
6037,300.6,0.546,54.09358761172502,1.401,764.946,0,False,False
6038,300.7,0.462,75.49382075192847,1.426,658.812,0,False,True
6039,300.7,0.38299999999999995,64.22349658223065,1.496,572.968,0,True,False
6040,300.6,0.426,54.52810512135159,1.433,610.4580000000001,0,False,True
6041,300.7,0.466,40.47989351675635,1.438,670.1080000000001,0,False,False
6042,300.7,0.493,79.7722656883354,1.418,699.074,0,True,False
6043,300.8,0.366,36.773479267083324,1.58,578.28,0,False,False
6044,300.7,0.418,78.15936741840281,1.468,613.6239999999999,0,True,False
6045,300.8,0.41700000000000004,52.99807624415777,1.522,634.674,0,False,False
6046,300.8,0.5579999999999999,66.9669381750703,1.311,731.538,0,False,True
6047,300.9,0.565,81.10998619178426,1.316,743.54,0,True,False
6048,300.9,0.23600000000000002,42.58533077519492,1.853,437.30800000000005,0,False,False
6049,300.9,0.38799999999999996,63.34752378194051,1.556,603.728,0,False,True
6050,300.9,0.34299999999999997,73.2216431185096,1.567,537.481,0,False,True
6051,300.9,0.377,72.87919163595288,1.546,582.8420000000001,0,False,False
6052,300.9,0.512,61.281595729975194,1.382,707.5840000000001,0,False,True
6053,300.9,0.20199999999999999,66.2369729953229,2.003,404.606,0,False,False
6054,300.8,0.299,72.87634970664223,1.748,522.6519999999999,0,True,False
6055,300.7,0.401,77.05138188787059,1.518,608.7180000000001,0,False,True
6056,300.7,0.42,73.09065484379319,1.475,619.5,0,False,False
6057,300.8,0.292,52.70024715906213,1.634,477.12799999999993,0,False,False
6058,300.8,0.32899999999999996,84.83632005288666,1.689,555.681,0,False,False
6059,300.9,0.353,56.725134685965216,1.636,577.5079999999999,1,False,True
6060,300.9,0.158,36.22323513794667,2.235,353.13,0,False,True
6061,301.0,0.35600000000000004,53.1308475792731,1.615,574.94,0,False,False
6062,301.1,0.295,41.389147728692166,1.618,477.31,0,True,False
6063,301.1,0.53,41.072130786418754,1.407,745.71,0,False,False
6064,301.1,0.433,49.076752005344716,1.45,627.8499999999999,1,False,False
6065,301.1,0.23800000000000002,37.66877470886304,1.889,449.58200000000005,1,True,False
6066,301.0,0.382,69.42560942047815,1.568,598.9760000000001,0,False,True
6067,301.0,0.258,38.69944421009525,1.804,465.432,1,False,False
6068,301.0,0.375,45.164477771797806,1.582,593.25,0,True,False
6069,301.0,0.179,39.64498572470597,2.047,366.41299999999995,0,True,False
6070,300.9,0.34,38.15838654515155,1.601,544.34,1,True,False
6071,300.9,0.32,48.38758327697708,1.615,516.8,0,False,True
6072,300.9,0.436,63.5949483830185,1.452,633.072,1,True,False
6073,300.9,0.302,83.23427782234208,1.695,511.89,0,True,False
6074,300.9,0.262,78.77783271748032,1.79,468.98,0,False,False
6075,301.0,0.39299999999999996,78.79669627226625,1.533,602.4689999999999,1,True,False
6076,301.0,0.285,43.80335180188288,1.813,516.705,0,True,False
6077,301.0,0.36700000000000005,48.245359674891006,1.492,547.564,0,True,False
6078,300.9,0.433,38.819665839765285,1.479,640.4069999999999,0,False,False
6079,300.8,0.591,73.92341699575925,1.339,791.349,0,False,False
6080,300.8,0.447,38.490815074278096,1.371,612.837,1,True,False
6081,300.9,0.36200000000000004,62.83478354104266,1.468,531.416,0,False,False
6082,300.9,0.41700000000000004,47.39377861619754,1.517,632.589,0,False,True
6083,300.9,0.46399999999999997,47.172281701437235,1.352,627.328,0,True,False
6084,300.9,0.5,84.53625276238026,1.389,694.5,1,True,False
6085,300.8,0.36200000000000004,72.83899034892687,1.505,544.8100000000001,0,True,False
6086,300.9,0.36700000000000005,76.84696791455251,1.538,564.446,0,False,False
6087,300.9,0.37,63.59913426720063,1.482,548.34,0,False,True
6088,300.9,0.33,78.55071436968746,1.599,527.67,0,True,False
6089,300.9,0.39,67.27452695831764,1.476,575.64,0,False,False
6090,300.9,0.375,82.30868523981727,1.509,565.875,0,True,False
6091,300.9,0.29100000000000004,49.066929302281835,1.708,497.028,0,False,False
6092,300.9,0.575,64.76597728914476,1.412,811.9,0,False,True
6093,300.9,0.285,69.50656739684462,1.658,472.53,0,True,False
6094,301.0,0.5720000000000001,54.64686525139034,1.375,786.5,1,False,False
6095,300.9,0.48100000000000004,78.98539912020266,1.402,674.362,0,True,False
6096,300.9,0.473,83.99015815520772,1.452,686.7959999999999,0,False,False
6097,300.8,0.408,59.68847456863308,1.483,605.064,0,True,False
6098,300.9,0.384,54.532032740216955,1.477,567.168,1,False,True
6099,300.8,0.22399999999999998,58.596896427822934,1.924,430.976,0,True,False
6100,300.9,0.287,77.63683728659657,1.609,461.78299999999996,0,False,True
6101,300.8,0.21100000000000002,67.27342127590839,1.886,397.9460000000001,0,True,False
6102,300.7,0.29600000000000004,37.238618625904756,1.616,478.33600000000007,1,False,False
6103,300.7,0.43200000000000005,62.10849552228574,1.442,622.944,0,True,False
6104,300.8,0.451,35.86500613704849,1.407,634.557,0,False,True
6105,300.8,0.413,73.92676855017027,1.461,603.3929999999999,0,True,False
6106,300.8,0.462,51.41561367712319,1.522,703.1640000000001,0,True,False
6107,300.9,0.48100000000000004,58.600374105866464,1.432,688.7919999999999,0,False,False
6108,300.9,0.49,74.9339052953816,1.438,704.62,0,True,False
6109,300.8,0.281,37.322440864288076,1.678,471.51800000000003,0,True,False
6110,300.8,0.387,42.927076779580524,1.514,585.918,0,False,True
6111,300.7,0.413,54.89801882225574,1.534,633.5419999999999,0,False,True
6112,300.7,0.41200000000000003,46.49625817727803,1.486,612.2320000000001,1,True,False
6113,300.7,0.22,51.89507128875316,1.925,423.5,0,False,True
6114,300.7,0.3,84.90873689462325,1.724,517.2,0,False,False
6115,300.8,0.355,76.27072187869054,1.549,549.895,0,True,False
6116,300.8,0.47700000000000004,79.19509074800543,1.457,694.989,0,False,False
6117,300.8,0.439,81.85273167828876,1.453,637.867,0,False,False
6118,300.8,0.444,52.04679401570978,1.578,700.632,0,False,True
6119,300.9,0.614,49.85384788982363,1.325,813.55,0,True,False
6120,300.9,0.39299999999999996,46.703124628603746,1.471,578.103,0,False,False
6121,300.9,0.4,76.50584556540613,1.472,588.8,0,True,False
6122,300.9,0.374,68.97759311425925,1.457,544.918,0,True,False
6123,301.0,0.5529999999999999,46.80859912414387,1.402,775.3059999999999,0,True,False
6124,300.9,0.415,53.84969146052275,1.477,612.955,0,False,True
6125,300.9,0.301,60.33558819663992,1.727,519.827,0,False,True
6126,300.9,0.20199999999999999,61.40700286368768,1.995,402.99,0,False,True
6127,300.9,0.525,79.43638642758573,1.37,719.25,0,False,False
6128,300.9,0.664,54.028306647360814,1.228,815.3920000000002,0,True,False
6129,300.9,0.38,80.42620152502562,1.499,569.62,0,True,False
6130,301.0,0.469,57.06837801598948,1.508,707.252,0,True,False
6131,301.0,0.442,72.3186337396177,1.473,651.066,0,True,False
6132,301.0,0.376,81.5127159992528,1.64,616.64,0,False,True
6133,301.1,0.425,80.37878519816331,1.429,607.325,0,False,False
6134,301.1,0.409,37.847643364784055,1.47,601.23,0,True,False
6135,301.0,0.37,45.285214748828494,1.581,584.97,0,True,False
6136,301.0,0.289,58.84527127661376,1.74,502.86,0,True,False
6137,300.9,0.406,56.577714497655364,1.39,564.34,0,False,False
6138,300.9,0.19699999999999998,67.04458324186035,1.988,391.63599999999997,0,False,True
6139,300.8,0.43,82.2354525412706,1.452,624.36,0,False,False
6140,300.8,0.33399999999999996,40.62023556389744,1.586,529.7239999999999,0,False,True
6141,300.8,0.34299999999999997,57.59293325671202,1.589,545.0269999999999,0,False,False
6142,300.8,0.457,44.620551894356964,1.486,679.102,0,True,False
6143,300.9,0.27899999999999997,79.70537991989738,1.755,489.645,0,True,False
6144,301.0,0.34600000000000003,83.22900929008264,1.575,544.95,1,False,True
6145,301.1,0.377,58.93508409451751,1.615,608.855,0,False,True
6146,301.1,0.418,40.200514886407035,1.436,600.2479999999999,0,True,False
6147,301.1,0.406,74.26473333613366,1.47,596.82,0,False,False
6148,301.1,0.198,69.85706752461995,2.089,413.62200000000007,0,False,False
6149,301.1,0.37,52.73354133051552,1.564,578.68,0,False,False
6150,301.0,0.474,79.37037369844818,1.42,673.08,0,False,True
6151,301.1,0.29100000000000004,83.79159448913535,1.711,497.90100000000007,1,False,False
6152,301.1,0.353,62.89269245650977,1.555,548.915,0,False,False
6153,301.1,0.35700000000000004,63.28639556721462,1.592,568.344,0,True,False
6154,301.0,0.644,49.87567525568889,1.236,795.984,0,True,False
6155,301.0,0.242,64.2253017991657,1.765,427.13,0,True,False
6156,301.0,0.312,56.98211602624232,1.634,509.80799999999994,0,True,False
6157,301.1,0.415,50.1095513464026,1.508,625.82,0,False,False
6158,301.1,0.29600000000000004,38.359259826195064,1.774,525.104,0,False,False
6159,301.1,0.29100000000000004,47.63539298545625,1.677,488.00700000000006,1,True,False
6160,301.0,0.58,44.89273248388322,1.399,811.42,0,False,True
6161,301.0,0.34,62.10209922769745,1.57,533.8,0,True,False
6162,301.0,0.44299999999999995,65.08350108817969,1.479,655.197,0,True,False
6163,301.0,0.349,65.42858621530083,1.558,543.742,0,True,False
6164,300.8,0.48100000000000004,54.40905005228396,1.358,653.198,0,True,False
6165,300.9,0.307,56.0614866842748,1.656,508.392,0,True,False
6166,300.9,0.358,76.711921482032,1.523,545.2339999999999,0,False,False
6167,300.9,0.406,58.811640675858115,1.403,569.618,1,False,False
6168,300.9,0.516,84.38866660685612,1.362,702.7919999999999,0,False,True
6169,300.7,0.271,56.98086150044324,1.778,481.838,0,True,False
6170,300.7,0.382,67.47904723089195,1.448,553.1360000000001,0,True,False
6171,300.8,0.401,37.51814994966979,1.559,625.159,0,True,False
6172,300.8,0.42200000000000004,67.66699622094055,1.416,597.552,0,False,False
6173,300.8,0.379,77.5713197207503,1.577,597.683,0,True,False
6174,300.8,0.278,82.1228919266648,1.633,453.974,0,False,True
6175,300.9,0.312,84.86603058198853,1.573,490.776,0,False,False
6176,300.9,0.44299999999999995,49.10893228246165,1.517,672.031,0,False,False
6177,301.0,0.373,63.76850324128584,1.515,565.0949999999999,0,False,False
6178,301.0,0.45299999999999996,57.53589927660737,1.527,691.7309999999999,0,True,False
6179,301.1,0.679,63.19087402875855,1.282,870.4780000000001,0,True,False
6180,301.1,0.451,42.87264785949233,1.396,629.596,0,True,False
6181,301.0,0.446,77.80747862979707,1.492,665.432,0,False,False
6182,301.0,0.19699999999999998,80.47844716722938,1.975,389.075,0,True,False
6183,301.0,0.353,57.48308315564613,1.475,520.675,0,True,False
6184,301.0,0.373,49.021493078678844,1.495,557.6349999999999,0,False,True
6185,301.0,0.358,42.04167138265062,1.553,555.9739999999999,0,True,False
6186,301.1,0.217,69.18824123889021,1.918,416.20599999999996,0,False,True
6187,301.1,0.466,50.61159198103676,1.413,658.4580000000001,0,False,True
6188,301.0,0.56,80.47692849566943,1.437,804.72,0,True,False
6189,301.0,0.45899999999999996,68.5506237422435,1.45,665.55,0,True,False
6190,301.0,0.21899999999999997,67.28426625871204,1.91,418.29,0,True,False
6191,300.9,0.264,62.970105794912044,1.749,461.736,0,False,False
6192,301.0,0.22,37.28881697143628,1.916,421.52,0,False,False
6193,301.0,0.45299999999999996,81.59612178427935,1.428,646.8839999999999,1,False,True
6194,301.0,0.384,66.396874664973,1.578,605.952,0,False,True
6195,300.9,0.39899999999999997,84.70309916915552,1.571,626.829,0,False,False
6196,300.9,0.302,61.867820238644356,1.729,522.1579999999999,1,True,False
6197,300.9,0.304,70.50554459531065,1.701,517.1039999999999,0,True,False
6198,300.9,0.45799999999999996,37.81047789331111,1.493,683.794,0,False,True
6199,301.0,0.327,66.58680884117055,1.554,508.158,1,True,False
6200,300.9,0.43200000000000005,73.23248057951787,1.497,646.7040000000001,0,True,False
6201,301.0,0.298,73.92571474262786,1.679,500.34200000000004,0,False,False
6202,301.0,0.445,73.50558261151427,1.51,671.95,0,False,False
6203,301.0,0.5489999999999999,46.314131364683384,1.296,711.5039999999999,0,False,True
6204,301.0,0.418,83.7699238802613,1.404,586.872,0,False,False
6205,300.9,0.349,84.75910603124694,1.519,530.131,0,True,False
6206,300.9,0.273,38.77979375808006,1.696,463.00800000000004,0,False,True
6207,300.8,0.284,81.82232114058786,1.669,473.996,0,True,False
6208,300.7,0.40700000000000003,49.47245971521846,1.447,588.929,0,True,False
6209,300.7,0.46299999999999997,69.46420408754824,1.418,656.534,0,False,False
6210,300.7,0.405,51.905546036806605,1.407,569.835,0,True,False
6211,300.8,0.445,83.38771616865608,1.434,638.13,0,False,False
6212,300.8,0.488,40.07519291517677,1.36,663.68,0,True,False
6213,300.8,0.537,59.887340847818805,1.402,752.8740000000001,0,False,False
6214,300.9,0.349,56.402389597103735,1.552,541.6479999999999,0,True,False
6215,300.9,0.442,51.30117261389924,1.392,615.264,0,False,True
6216,301.1,0.41,67.27669954400743,1.521,623.61,0,False,True
6217,301.1,0.275,41.552787171083374,1.724,474.1,0,True,False
6218,301.0,0.461,70.83312090668485,1.455,670.755,0,True,False
6219,301.0,0.506,84.02960619023936,1.366,691.196,0,True,False
6220,301.1,0.439,75.2279357234315,1.407,617.673,0,True,False
6221,301.1,0.493,78.00083764547728,1.47,724.71,0,False,True
6222,301.2,0.508,52.98183715895013,1.359,690.372,0,False,False
6223,301.1,0.258,51.24433032406094,1.792,462.336,0,True,False
6224,301.1,0.379,60.85241773450666,1.552,588.208,0,True,False
6225,301.2,0.32899999999999996,37.286330738113634,1.612,530.348,0,True,False
6226,301.2,0.414,82.26790672282664,1.424,589.536,0,False,False
6227,301.3,0.593,42.18925865080961,1.341,795.2130000000001,1,True,False
6228,301.2,0.382,80.15065195840462,1.479,564.9780000000001,0,False,True
6229,301.2,0.501,39.179111100017785,1.413,707.913,0,False,True
6230,301.3,0.174,76.13124638392802,2.165,376.71,0,True,False
6231,301.3,0.33,42.59812629391075,1.641,541.53,0,False,False
6232,301.3,0.408,36.906580704573635,1.495,609.9599999999999,0,False,True
6233,301.3,0.304,70.97447251297044,1.576,479.1039999999999,0,False,False
6234,301.2,0.371,49.01326500872142,1.467,544.2570000000001,1,True,False
6235,301.2,0.41200000000000003,70.72480763921747,1.479,609.3480000000001,1,True,False
6236,301.3,0.33899999999999997,62.75426252364099,1.596,541.044,1,False,True
6237,301.3,0.369,40.44036951150328,1.512,557.928,0,False,False
6238,301.4,0.38799999999999996,81.60650366505818,1.414,548.632,1,False,False
6239,301.3,0.574,57.61570873817388,1.39,797.86,0,False,True
6240,301.2,0.316,71.7223638899344,1.644,519.504,1,False,True
6241,301.2,0.428,60.05102860078125,1.394,596.632,0,False,True
6242,301.1,0.524,65.21807374806023,1.324,693.776,0,True,False
6243,301.0,0.436,50.138679617834626,1.476,643.536,0,False,False
6244,301.0,0.166,45.01801520017251,2.204,365.86400000000003,0,False,False
6245,301.0,0.309,62.12851017040339,1.665,514.485,0,False,True
6246,300.9,0.41700000000000004,57.0109486485501,1.445,602.565,0,False,False
6247,300.8,0.46799999999999997,54.50566067169666,1.457,681.8759999999999,0,True,False
6248,300.8,0.46299999999999997,68.62835975473115,1.492,690.7959999999999,0,False,True
6249,300.8,0.612,69.5253316005568,1.405,859.86,0,False,False
6250,300.7,0.355,37.29600280456315,1.542,547.41,0,True,False
6251,300.8,0.377,51.93722471218361,1.52,573.0400000000001,0,False,False
6252,300.8,0.365,55.58822751131887,1.598,583.27,0,True,False
6253,300.8,0.361,39.84460805820841,1.538,555.2180000000001,1,True,False
6254,300.9,0.309,46.79504333491442,1.615,499.035,0,True,False
6255,301.0,0.47,37.58208986113783,1.408,661.76,0,False,False
6256,301.0,0.573,84.81210493085104,1.379,790.1669999999999,0,False,False
6257,301.0,0.37799999999999995,71.82786014849222,1.493,564.3539999999999,1,False,False
6258,301.1,0.491,39.37250782513768,1.376,675.6160000000001,0,False,False
6259,301.1,0.40700000000000003,36.012468989504605,1.583,644.2810000000001,0,False,True
6260,301.2,0.474,70.96439000761401,1.396,661.704,0,True,False
6261,301.1,0.45299999999999996,56.959608284133346,1.436,650.5079999999999,0,True,False
6262,301.1,0.47600000000000003,74.3398354532288,1.417,674.492,1,False,True
6263,301.0,0.33399999999999996,81.17380189091918,1.641,548.0939999999999,0,True,False
6264,301.0,0.273,64.96501945081863,1.698,463.55400000000003,0,False,True
6265,300.9,0.391,44.35542114586265,1.541,602.5310000000001,0,False,True
6266,300.8,0.466,74.10970180232263,1.383,644.4780000000001,0,False,False
6267,300.8,0.46799999999999997,82.79058715871872,1.368,640.2239999999999,0,False,True
6268,300.8,0.35200000000000004,64.0115643529978,1.57,552.6400000000001,0,True,False
6269,300.9,0.335,69.09987236403668,1.616,541.36,0,True,False
6270,300.9,0.43200000000000005,51.87373475183365,1.444,623.808,0,False,False
6271,300.9,0.188,54.07638473301556,2.021,379.94800000000004,0,True,False
6272,300.9,0.293,71.7327248926532,1.702,498.686,0,False,True
6273,301.1,0.527,81.38855492034097,1.429,753.0830000000001,0,True,False
6274,301.2,0.289,66.44941936121761,1.711,494.4789999999999,0,False,False
6275,301.2,0.32899999999999996,74.49239542426737,1.543,507.647,0,False,False
6276,301.3,0.322,43.58175087076865,1.628,524.216,0,False,False
6277,301.2,0.6459999999999999,45.59795451289868,1.233,796.5179999999999,0,True,False
6278,301.2,0.406,61.6017343416695,1.461,593.1659999999999,1,True,False
6279,301.2,0.38299999999999995,43.82770961214203,1.568,600.544,0,False,True
6280,301.3,0.544,66.74975351104618,1.432,779.008,0,True,False
6281,301.2,0.41100000000000003,49.58265926973495,1.527,627.5970000000001,1,False,True
6282,301.3,0.41200000000000003,74.5766309333446,1.455,599.46,0,False,False
6283,301.3,0.45399999999999996,75.40551733071717,1.418,643.7719999999999,0,False,True
6284,301.3,0.295,58.18937278776765,1.719,507.105,0,False,False
6285,301.2,0.313,44.040531751881765,1.734,542.7420000000001,0,True,False
6286,301.2,0.461,67.33874805409663,1.426,657.3860000000001,1,False,False
6287,301.1,0.35200000000000004,84.63935091317933,1.611,567.072,0,False,True
6288,301.1,0.41100000000000003,66.12954489712617,1.479,607.869,0,False,False
6289,301.0,0.509,36.78873453570039,1.317,670.3530000000001,0,False,True
6290,301.0,0.614,35.864698788354126,1.248,766.2719999999999,0,False,False
6291,301.0,0.217,51.01809852461531,1.932,419.244,0,True,False
6292,301.1,0.358,44.789190343020245,1.547,553.826,0,True,False
6293,301.0,0.316,75.65256035716541,1.614,510.024,0,False,True
6294,301.0,0.449,77.24028335180003,1.512,678.888,0,True,False
6295,301.1,0.387,47.93093856552381,1.529,591.7230000000001,0,False,True
6296,301.1,0.249,51.28223884749464,1.782,443.71799999999996,0,False,True
6297,301.0,0.39399999999999996,46.81234838575573,1.429,563.026,0,True,False
6298,301.1,0.607,80.41912736856321,1.309,794.563,0,True,False
6299,301.1,0.441,60.13246673111411,1.428,629.748,0,False,False
6300,301.2,0.49200000000000005,67.80685220410099,1.385,681.42,0,True,False
6301,301.2,0.39399999999999996,55.774104334980166,1.517,597.698,0,False,True
6302,301.2,0.396,66.55070967522656,1.576,624.096,1,False,False
6303,301.2,0.512,54.29276883608681,1.437,735.7440000000001,0,False,False
6304,301.2,0.505,51.983921886461275,1.457,735.785,0,False,True
6305,301.1,0.375,66.72400365867401,1.532,574.5,0,True,False
6306,301.1,0.326,64.55310390244946,1.603,522.578,0,False,False
6307,301.0,0.344,49.67639770839748,1.563,537.672,0,True,False
6308,301.0,0.345,42.467422515973674,1.617,557.865,1,True,False
6309,300.8,0.26899999999999996,53.428834691906886,1.686,453.53399999999993,0,False,False
6310,300.9,0.504,55.75988195709546,1.382,696.528,0,False,True
6311,300.9,0.17800000000000002,66.43421667123025,2.09,372.02,0,True,False
6312,300.9,0.445,80.72643818184318,1.446,643.47,0,False,False
6313,300.9,0.381,36.80923987664626,1.533,584.073,1,False,False
6314,300.9,0.47600000000000003,47.18305062709224,1.44,685.44,0,True,False
6315,301.0,0.25,44.68579711397802,1.793,448.25,0,True,False
6316,301.0,0.461,60.114720434689175,1.517,699.337,1,False,True
6317,300.9,0.36,56.485040352157995,1.544,555.84,0,False,False
6318,300.9,0.488,71.45188119100942,1.321,644.6479999999999,0,False,False
6319,300.9,0.509,47.12079562724319,1.416,720.7439999999999,0,False,False
6320,300.8,0.4,64.72491828748792,1.514,605.6,0,True,False
6321,300.8,0.525,79.19286317999797,1.304,684.6,0,False,False
6322,300.7,0.649,80.53388699591522,1.286,834.614,0,False,False
6323,300.7,0.402,82.93923023625155,1.483,596.166,0,False,False
6324,300.7,0.469,73.66305760399942,1.351,633.619,0,True,False
6325,300.7,0.526,80.29939531294575,1.367,719.0419999999999,1,True,False
6326,300.7,0.32299999999999995,46.726543599263714,1.721,555.8829999999999,0,True,False
6327,300.6,0.40399999999999997,44.87904721752385,1.455,587.82,0,False,True
6328,300.6,0.495,35.324404189026325,1.425,705.375,0,False,False
6329,300.7,0.297,70.34221787145492,1.672,496.584,0,False,False
6330,300.7,0.34600000000000003,81.87335939068723,1.641,567.7860000000001,0,True,False
6331,300.5,0.37,44.34676725208382,1.58,584.6,0,True,False
6332,300.5,0.474,66.84717877134395,1.495,708.63,0,False,False
6333,300.5,0.198,72.32298796108887,1.994,394.81200000000007,0,False,False
6334,300.4,0.318,81.38071175740282,1.415,449.97,0,False,False
6335,300.4,0.304,67.34301120086108,1.725,524.4,0,True,False
6336,300.4,0.434,83.51468663743762,1.43,620.62,0,False,False
6337,300.4,0.48100000000000004,52.233657050627386,1.395,670.995,1,True,False
6338,300.4,0.436,52.49642668857038,1.435,625.66,0,True,False
6339,300.4,0.28600000000000003,62.15062550071728,1.681,480.7660000000001,0,False,False
6340,300.5,0.486,54.175094055795356,1.451,705.186,1,True,False
6341,300.5,0.45899999999999996,35.07128641437663,1.397,641.223,0,True,False
6342,300.4,0.47200000000000003,71.58860125434937,1.421,670.712,1,False,False
6343,300.3,0.42,72.58585207392417,1.444,606.48,1,False,False
6344,300.2,0.23,72.34873023433852,1.827,420.21,0,False,True
6345,300.2,0.47700000000000004,52.25103333052333,1.374,655.398,0,False,False
6346,300.2,0.29600000000000004,61.11447366555859,1.65,488.4,0,True,False
6347,300.2,0.607,52.99867590883348,1.275,773.925,0,True,False
6348,300.2,0.446,35.80182000153229,1.421,633.766,1,False,True
6349,300.2,0.33799999999999997,63.12244706357094,1.557,526.266,1,False,False
6350,300.1,0.35200000000000004,41.18803330420055,1.506,530.1120000000001,0,False,False
6351,300.1,0.491,39.00206620457203,1.362,668.742,0,True,False
6352,300.0,0.47100000000000003,72.77495343483936,1.542,726.2819999999999,0,False,False
6353,300.0,0.38799999999999996,35.475310120905284,1.496,580.448,0,True,False
6354,300.0,0.42,82.9504221804363,1.491,626.22,0,False,False
6355,300.1,0.348,60.762768205628845,1.565,544.6199999999999,1,False,True
6356,300.1,0.379,84.15082153530741,1.481,561.299,0,False,True
6357,300.1,0.484,37.89987862363542,1.42,687.28,0,False,False
6358,300.2,0.5479999999999999,64.17647744329567,1.398,766.1039999999999,0,False,False
6359,300.2,0.457,52.46635179879556,1.466,669.962,0,False,True
6360,300.1,0.5670000000000001,77.1741246407143,1.43,810.81,0,False,False
6361,300.1,0.401,53.06113676171431,1.441,577.841,0,True,False
6362,300.1,0.573,48.02437895286745,1.348,772.404,0,False,False
6363,300.0,0.287,77.87765635499566,1.738,498.806,0,True,False
6364,300.0,0.36200000000000004,53.732654582663045,1.618,585.716,0,False,False
6365,299.9,0.41700000000000004,35.84166599302807,1.489,620.913,0,False,False
6366,299.9,0.579,54.514455041966684,1.412,817.548,0,False,False
6367,299.9,0.18100000000000002,67.7261134505471,2.065,373.765,0,True,False
6368,300.0,0.331,47.71797694031909,1.571,520.0010000000001,0,True,False
6369,300.0,0.48700000000000004,56.59937962125787,1.423,693.0010000000001,0,False,False
6370,300.0,0.249,37.83575691411128,1.781,443.46899999999994,0,False,True
6371,300.1,0.469,64.40463957569786,1.321,619.549,0,False,False
6372,300.1,0.36700000000000005,72.81474619301969,1.546,567.3820000000001,0,True,False
6373,300.0,0.22399999999999998,55.66562807005552,1.879,420.89599999999996,0,False,True
6374,300.0,0.289,56.011631640073006,1.735,501.415,0,False,True
6375,300.0,0.38799999999999996,39.41412492924582,1.506,584.328,0,True,False
6376,300.0,0.32299999999999995,45.09704322559913,1.629,526.1669999999999,0,True,False
6377,300.0,0.287,42.733765156395634,1.694,486.17799999999994,0,False,False
6378,300.1,0.37,59.084388433076896,1.541,570.17,0,False,True
6379,300.0,0.446,61.46277704753751,1.514,675.2440000000001,1,False,True
6380,300.1,0.45899999999999996,82.447006564213,1.485,681.615,0,False,True
6381,300.2,0.55,38.661575213861695,1.43,786.5,0,False,False
6382,300.2,0.271,64.99339865775235,1.771,479.94100000000003,0,False,False
6383,300.2,0.419,61.324926366412065,1.481,620.539,0,True,False
6384,300.2,0.43799999999999994,60.81165489679146,1.483,649.554,0,True,False
6385,300.1,0.451,78.65796436914133,1.463,659.813,0,False,False
6386,300.1,0.483,45.276923534774326,1.41,681.03,0,False,False
6387,300.2,0.34299999999999997,37.03866371706857,1.656,568.0079999999999,0,False,False
6388,300.2,0.392,68.61357538170962,1.487,582.904,0,False,False
6389,300.3,0.466,52.257873206799005,1.509,703.1940000000001,1,True,False
6390,300.3,0.301,35.87949581062623,1.677,504.77700000000004,0,False,False
6391,300.3,0.55,47.568700364520694,1.45,797.5,1,True,False
6392,300.2,0.43,50.466338710840596,1.413,607.59,0,False,False
6393,300.1,0.33799999999999997,65.8419188392121,1.68,567.8399999999999,0,False,True
6394,300.2,0.305,43.62928970246361,1.678,511.79,0,False,False
6395,300.2,0.44,55.6527173976699,1.408,619.52,0,False,True
6396,300.1,0.521,59.123772220891624,1.376,716.8960000000001,0,True,False
6397,300.0,0.46399999999999997,57.96186956820455,1.526,708.064,0,False,False
6398,300.0,0.326,83.6970383333391,1.587,517.3620000000001,0,True,False
6399,300.1,0.5820000000000001,37.27521188951481,1.351,786.2819999999999,0,False,False
6400,300.1,0.38,82.54840932261996,1.501,570.38,0,False,True
6401,300.1,0.358,64.09686069970166,1.601,573.1579999999999,0,False,False
6402,300.0,0.397,74.78638574849191,1.573,624.4810000000001,0,False,True
6403,300.1,0.36700000000000005,56.519630900803776,1.584,581.328,0,True,False
6404,300.1,0.336,57.69189406284902,1.649,554.064,0,False,True
6405,300.2,0.614,78.96632495079118,1.183,726.362,0,True,False
6406,300.1,0.175,79.79672481459511,2.151,376.425,1,False,True
6407,300.2,0.456,46.93444407156488,1.526,695.8560000000001,0,True,False
6408,300.3,0.29,44.96209392923091,1.611,467.19,0,True,False
6409,300.3,0.317,59.81175869349755,1.601,507.517,0,False,False
6410,300.3,0.408,80.01385135638458,1.56,636.4799999999999,0,False,True
6411,300.4,0.419,51.11775467030881,1.544,646.936,0,True,False
6412,300.4,0.423,67.60073076695656,1.56,659.88,0,True,False
6413,300.4,0.442,70.40758438703006,1.423,628.966,1,False,True
6414,300.4,0.335,73.93373324470778,1.614,540.69,0,True,False
6415,300.4,0.35100000000000003,63.19622289604816,1.457,511.40700000000004,0,True,False
6416,300.4,0.42200000000000004,55.12275891394848,1.503,634.2660000000001,0,False,False
6417,300.4,0.38,83.35079943994864,1.484,563.92,0,True,False
6418,300.3,0.39899999999999997,65.56653766514263,1.54,614.46,0,False,True
6419,300.3,0.521,71.42826058166355,1.405,732.005,0,False,True
6420,300.3,0.467,52.24914228479392,1.394,650.998,0,False,False
6421,300.3,0.364,68.497459050154,1.518,552.552,0,False,True
6422,300.3,0.414,47.8898831082063,1.527,632.178,0,False,False
6423,300.3,0.5529999999999999,47.25484587643181,1.377,761.4809999999999,0,True,False
6424,300.3,0.375,70.73611009047133,1.537,576.375,0,True,False
6425,300.3,0.43200000000000005,61.069736813146754,1.409,608.688,0,False,False
6426,300.3,0.561,69.16383052111948,1.393,781.4730000000001,0,True,False
6427,300.2,0.368,48.47192453740458,1.448,532.8639999999999,0,False,True
6428,300.2,0.493,64.93616705283652,1.418,699.074,1,False,True
6429,300.2,0.24100000000000002,57.19668248515563,1.743,420.06300000000005,0,True,False
6430,300.2,0.474,64.8480143422764,1.394,660.7559999999999,0,False,False
6431,300.3,0.392,49.54398661221097,1.523,597.0160000000001,0,False,False
6432,300.2,0.594,70.77254818245619,1.353,803.682,0,False,True
6433,300.3,0.465,75.29646830797327,1.447,672.855,0,False,True
6434,300.3,0.34,47.995823692886184,1.57,533.8,0,False,False
6435,300.3,0.385,50.0310279927821,1.494,575.19,1,False,True
6436,300.3,0.341,68.05771348595465,1.621,552.7610000000001,0,False,False
6437,300.4,0.261,69.7792587151772,1.769,461.709,0,False,False
6438,300.4,0.6609999999999999,70.2049842198725,1.282,847.4019999999999,0,True,False
6439,300.4,0.303,69.13492523879185,1.581,479.043,0,True,False
6440,300.6,0.327,54.640385847626945,1.656,541.5120000000001,0,False,False
6441,300.6,0.317,54.74268372018392,1.648,522.4159999999999,1,True,False
6442,300.7,0.314,47.74088118221907,1.639,514.646,0,True,False
6443,300.7,0.5479999999999999,42.84168499481815,1.348,738.704,0,False,False
6444,300.8,0.33299999999999996,69.62886896984529,1.537,511.82099999999997,0,True,False
6445,300.8,0.61,39.65943929861564,1.27,774.7,1,False,False
6446,300.7,0.344,81.88961433933909,1.662,571.728,1,False,False
6447,300.7,0.402,76.33431518357257,1.471,591.3420000000001,0,False,True
6448,300.6,0.45799999999999996,77.8752869978628,1.337,612.346,0,False,False
6449,300.7,0.248,80.33344073075952,1.877,465.496,0,True,False
6450,300.6,0.446,55.430248536162004,1.519,677.474,1,False,False
6451,300.6,0.473,77.33503616752006,1.378,651.794,0,False,True
6452,300.7,0.275,42.90306501458247,1.696,466.4,0,False,True
6453,300.7,0.508,36.08208973041178,1.376,699.008,1,False,False
6454,300.7,0.242,74.2445697331925,1.807,437.29400000000004,0,True,False
6455,300.7,0.32799999999999996,38.73983239984697,1.598,524.1439999999999,0,False,True
6456,300.7,0.402,84.42623336629609,1.565,629.1300000000001,0,True,False
6457,300.7,0.506,68.73982148007781,1.387,701.822,0,False,False
6458,300.7,0.48,72.67248551210528,1.395,669.6,0,False,False
6459,300.6,0.629,47.2901928138933,1.302,818.9580000000001,0,True,False
6460,300.6,0.552,68.69326969598441,1.397,771.1440000000001,0,True,False
6461,300.6,0.529,37.16099686274786,1.313,694.577,0,True,False
6462,300.6,0.359,76.89128599618005,1.505,540.295,0,False,False
6463,300.6,0.44,43.48120465157862,1.483,652.52,1,False,True
6464,300.5,0.604,69.86790334168853,1.358,820.232,0,True,False
6465,300.5,0.27,46.22402506163642,1.735,468.45,0,False,True
6466,300.5,0.485,38.422658471302135,1.416,686.76,0,True,False
6467,300.4,0.311,59.074683927469714,1.74,541.14,0,False,False
6468,300.4,0.27399999999999997,43.464310513639475,1.692,463.60799999999995,1,True,False
6469,300.5,0.425,71.4721994163275,1.507,640.475,0,False,True
6470,300.4,0.35,46.878292169174244,1.521,532.35,0,False,True
6471,300.4,0.545,52.123627811791444,1.379,751.555,1,False,False
6472,300.4,0.385,63.37196256322365,1.523,586.355,0,False,True
6473,300.4,0.336,49.24841387886558,1.571,527.8560000000001,0,False,False
6474,300.4,0.507,53.89940581049808,1.547,784.3290000000001,1,False,True
6475,300.5,0.5429999999999999,75.78108855201933,1.347,731.4209999999999,0,False,False
6476,300.5,0.302,43.960492478051286,1.56,471.12,0,False,True
6477,300.5,0.486,39.110079474096686,1.384,672.6240000000001,0,False,False
6478,300.5,0.24600000000000002,51.417889256650966,1.841,452.8860000000001,1,True,False
6479,300.5,0.29100000000000004,56.21883835069391,1.663,483.93300000000005,0,False,False
6480,300.6,0.42700000000000005,62.13296410682838,1.418,605.4860000000001,0,True,False
6481,300.7,0.266,53.62118480875036,1.775,472.15,1,False,False
6482,300.7,0.484,74.49558501114026,1.406,680.5039999999999,0,False,False
6483,300.6,0.43700000000000006,36.965974383423664,1.48,646.7600000000001,0,False,False
6484,300.7,0.45299999999999996,56.5883769099279,1.412,639.636,0,True,False
6485,300.6,0.225,54.11279573282023,1.913,430.425,0,True,False
6486,300.6,0.376,67.37892454034295,1.629,612.504,0,False,False
6487,300.5,0.214,83.3138125948698,1.939,414.94599999999997,1,False,True
6488,300.6,0.36200000000000004,60.51877033144311,1.541,557.8420000000001,0,True,False
6489,300.7,0.544,84.34384234708602,1.33,723.52,0,False,False
6490,300.7,0.38799999999999996,50.11246974565987,1.49,578.1199999999999,0,False,False
6491,300.7,0.445,36.54340662712305,1.383,615.435,0,False,False
6492,300.8,0.527,43.28315837382064,1.468,773.6360000000001,0,True,False
6493,300.8,0.46,54.756244238728364,1.444,664.24,0,False,False
6494,300.7,0.531,50.816695459427606,1.363,723.753,0,True,False
6495,300.6,0.332,39.852706549168886,1.617,536.844,1,False,True
6496,300.6,0.311,56.63300538453584,1.694,526.8340000000001,0,True,False
6497,300.7,0.27,51.90578858297813,1.815,490.05,0,True,False
6498,300.8,0.653,41.13096102287192,1.312,856.7359999999999,0,True,False
6499,300.8,0.192,49.80585653059545,2.041,391.87199999999996,0,True,False
6500,300.9,0.268,79.32180276776953,1.671,447.82800000000003,1,False,True
6501,300.9,0.466,50.10244327446701,1.416,659.8560000000001,0,True,False
6502,300.9,0.36,70.69777116210258,1.6,576.0,0,True,False
6503,300.9,0.13699999999999998,65.60235398288778,2.595,355.515,0,False,False
6504,300.9,0.429,56.35905812041859,1.465,628.485,0,True,False
6505,301.0,0.27399999999999997,46.951281840183455,1.681,460.59399999999994,0,True,False
6506,301.1,0.396,53.45073496729727,1.457,576.9720000000001,0,False,True
6507,301.0,0.441,64.60536067355214,1.454,641.214,0,False,True
6508,301.0,0.326,52.537660737467746,1.558,507.908,0,False,True
6509,301.0,0.307,45.74482167871159,1.756,539.092,0,False,True
6510,301.1,0.368,40.823137444581604,1.564,575.552,0,False,False
6511,301.1,0.5529999999999999,78.98834689547826,1.455,804.615,0,True,False
6512,301.2,0.157,57.01564878759528,2.28,357.96,0,False,True
6513,301.1,0.48100000000000004,66.2604160871465,1.433,689.273,0,False,True
6514,301.1,0.38,59.52051805684026,1.513,574.94,0,False,True
6515,301.0,0.418,78.62832591789817,1.507,629.9259999999999,0,False,False
6516,301.0,0.435,62.346742622410545,1.48,643.8,0,True,False
6517,301.1,0.401,59.039070897455666,1.47,589.47,0,False,True
6518,301.1,0.366,81.23004952108563,1.54,563.64,1,False,False
6519,301.0,0.679,70.98447980226773,1.212,822.948,1,False,True
6520,301.1,0.469,40.57749536734286,1.417,664.573,0,True,False
6521,301.2,0.349,43.885223059840705,1.666,581.434,0,True,False
6522,301.1,0.272,74.3561431469721,1.666,453.152,0,True,False
6523,301.1,0.45799999999999996,76.79256605899772,1.489,681.962,0,False,True
6524,301.1,0.27699999999999997,62.259541454514824,1.85,512.45,0,True,False
6525,301.1,0.248,62.722761393331965,1.874,464.75200000000007,0,True,False
6526,301.1,0.736,66.59664814257222,1.312,965.632,0,False,True
6527,301.2,0.384,56.95578871413197,1.515,581.76,1,True,False
6528,301.2,0.444,69.0099561741952,1.516,673.1039999999999,1,False,True
6529,301.2,0.4,40.42406287832078,1.546,618.4,0,True,False
6530,301.3,0.409,83.06396211836932,1.481,605.729,0,False,True
6531,301.3,0.325,72.50774118974608,1.605,521.625,0,False,False
6532,301.2,0.262,66.55871020045035,1.656,433.87199999999996,0,False,True
6533,301.2,0.52,50.81610285047404,1.352,703.04,0,False,True
6534,301.3,0.47200000000000003,43.04777437283646,1.504,709.888,0,True,False
6535,301.3,0.442,55.46714819144724,1.436,634.712,0,True,False
6536,301.2,0.436,68.07883702870292,1.505,656.18,0,True,False
6537,301.3,0.47100000000000003,66.68548717115554,1.406,662.2260000000001,0,False,False
6538,301.3,0.397,54.13205775327857,1.481,587.957,1,False,True
6539,301.4,0.446,65.66431969165649,1.487,663.202,0,False,False
6540,301.4,0.541,75.68741477837739,1.436,776.8760000000001,0,False,False
6541,301.4,0.637,36.31423861688035,1.368,871.416,0,True,False
6542,301.4,0.38299999999999995,57.531052396513786,1.509,577.947,0,False,True
6543,301.4,0.369,72.92776142333955,1.543,569.367,1,False,True
6544,301.4,0.29600000000000004,62.30722352316886,1.698,502.608,0,True,False
6545,301.4,0.465,67.5738043964535,1.47,683.55,0,False,False
6546,301.4,0.303,60.8338196302671,1.738,526.614,0,True,False
6547,301.4,0.39899999999999997,84.59372723411555,1.53,610.47,1,False,False
6548,301.4,0.292,37.73107682445191,1.74,508.08,0,False,False
6549,301.4,0.24100000000000002,59.552241088618864,1.77,426.57,0,True,False
6550,301.3,0.44,39.57082745572588,1.527,671.88,0,False,False
6551,301.3,0.46,42.98927810567852,1.516,697.36,0,True,False
6552,301.4,0.365,54.15191752091309,1.616,589.84,0,False,False
6553,301.4,0.261,42.777004575024364,1.786,466.1460000000001,0,False,False
6554,301.4,0.527,83.18435829783255,1.389,732.003,0,True,False
6555,301.4,0.298,82.33948883625796,1.639,488.422,0,False,True
6556,301.5,0.467,51.80548231103019,1.394,650.998,0,False,False
6557,301.5,0.27899999999999997,66.98738560188397,1.686,470.39399999999995,1,True,False
6558,301.5,0.319,61.687666029689304,1.638,522.5219999999999,0,True,False
6559,301.5,0.419,75.77934902578843,1.447,606.293,0,False,True
6560,301.5,0.39,66.37228049084712,1.512,589.68,0,False,True
6561,301.6,0.218,35.01262272452811,1.961,427.49800000000005,0,True,False
6562,301.5,0.354,73.15871928048693,1.596,564.9839999999999,0,True,False
6563,301.5,0.213,72.34240606480591,1.871,398.523,0,True,False
6564,301.5,0.205,60.486135278324056,1.942,398.11,1,False,False
6565,301.4,0.382,80.14594866165268,1.557,594.774,0,True,False
6566,301.4,0.368,80.42231028452008,1.55,570.4,0,True,False
6567,301.3,0.226,61.195583835219864,1.966,444.31600000000003,0,False,False
6568,301.3,0.361,65.39941155982689,1.499,541.139,0,False,False
6569,301.3,0.363,84.82610359623362,1.521,552.1229999999999,0,True,False
6570,301.4,0.42,49.94101174057087,1.375,577.5,0,False,False
6571,301.4,0.311,51.23086211557387,1.634,508.17400000000004,0,False,False
6572,301.3,0.494,44.13869513317482,1.378,680.732,1,True,False
6573,301.4,0.537,79.79334695789339,1.428,766.836,0,True,False
6574,301.4,0.253,72.22441949746332,1.855,469.315,0,False,True
6575,301.4,0.33,40.28214244351209,1.578,520.74,1,True,False
6576,301.4,0.45299999999999996,84.08836755989827,1.451,657.303,0,False,False
6577,301.5,0.349,71.54808540805581,1.644,573.756,1,False,True
6578,301.4,0.45299999999999996,77.52610548024873,1.388,628.7639999999999,0,True,False
6579,301.4,0.409,37.40753945866005,1.543,631.087,0,True,False
6580,301.3,0.41600000000000004,60.24804594710838,1.501,624.4159999999999,0,False,False
6581,301.3,0.391,69.92991433635197,1.507,589.2370000000001,0,False,True
6582,301.4,0.36,62.14732922859206,1.559,561.24,0,False,True
6583,301.5,0.35700000000000004,68.33237328496386,1.528,545.4960000000001,0,False,False
6584,301.5,0.382,75.89370317952363,1.503,574.1460000000001,0,True,False
6585,301.5,0.44,53.71685314800981,1.372,603.68,1,False,False
6586,301.5,0.32799999999999996,77.43343378093549,1.6,524.8,0,False,False
6587,301.5,0.44,43.145805238264536,1.453,639.32,0,False,False
6588,301.6,0.24600000000000002,48.54430275131874,1.813,445.99800000000005,0,True,False
6589,301.6,0.40399999999999997,37.16728099636629,1.457,588.6279999999999,1,True,False
6590,301.6,0.389,53.22134056676256,1.553,604.117,0,False,True
6591,301.7,0.259,53.99547724120602,1.763,456.61699999999996,1,False,False
6592,301.7,0.209,75.26352986036255,2.023,422.80699999999996,0,True,False
6593,301.6,0.478,67.6565335144828,1.457,696.4459999999999,0,True,False
6594,301.6,0.295,56.836127907783336,1.679,495.305,0,False,True
6595,301.6,0.19699999999999998,67.60569893118742,2.103,414.291,0,False,False
6596,301.5,0.386,37.63916752578456,1.46,563.56,0,True,False
6597,301.5,0.39399999999999996,44.013576800918806,1.454,572.876,0,True,False
6598,301.5,0.46799999999999997,66.34739276208775,1.481,693.1080000000001,0,True,False
6599,301.5,0.511,67.06834096126511,1.424,727.6640000000001,1,False,True
6600,301.6,0.395,73.70673293537135,1.494,590.13,0,False,False
6601,301.5,0.47,55.14998795268011,1.424,669.28,1,False,False
6602,301.5,0.479,71.1277048308078,1.347,645.213,0,False,False
6603,301.5,0.467,69.19901662800947,1.374,641.658,1,True,False
6604,301.5,0.474,83.16966891849245,1.403,665.0219999999999,0,False,True
6605,301.5,0.374,45.75651132123396,1.573,588.302,0,False,False
6606,301.6,0.301,62.58397818763197,1.691,508.99100000000004,0,True,False
6607,301.5,0.44299999999999995,65.08822210552347,1.538,681.334,0,True,False
6608,301.5,0.391,84.93239424671103,1.556,608.3960000000001,0,False,False
6609,301.5,0.368,45.059207108332586,1.593,586.2239999999999,0,False,True
6610,301.5,0.39899999999999997,61.16090099836461,1.474,588.126,0,True,False
6611,301.5,0.34,52.30926538568194,1.543,524.62,0,False,True
6612,301.5,0.33799999999999997,61.29464842894999,1.587,536.406,0,False,True
6613,301.6,0.7,46.6064301051553,1.222,855.4,0,True,False
6614,301.7,0.41100000000000003,37.380618921374406,1.513,621.8430000000001,0,True,False
6615,301.7,0.287,63.628272694884444,1.66,476.42,0,True,False
6616,301.7,0.42100000000000004,51.79271579304161,1.545,650.445,0,False,False
6617,301.7,0.45799999999999996,44.097070087421685,1.38,632.04,0,True,False
6618,301.6,0.608,51.19677830390169,1.321,803.168,0,True,False
6619,301.6,0.6579999999999999,37.46401007238725,1.309,861.322,0,False,False
6620,301.7,0.313,82.52211170450516,1.627,509.251,0,False,False
6621,301.6,0.23800000000000002,64.05739574866303,1.791,426.25800000000004,0,True,False
6622,301.7,0.218,75.73843406735125,1.861,405.69800000000004,0,False,False
6623,301.7,0.511,56.15590987738652,1.493,762.923,0,False,False
6624,301.7,0.41100000000000003,80.16573337830928,1.442,592.662,0,False,False
6625,301.7,0.39799999999999996,59.16591107761266,1.532,609.736,0,False,True
6626,301.6,0.444,63.69726611003347,1.421,630.924,0,True,False
6627,301.6,0.425,59.58969900313284,1.613,685.525,1,False,True
6628,301.7,0.221,71.66391479338259,1.876,414.59600000000006,0,False,False
6629,301.6,0.345,63.332803880103114,1.593,549.585,0,False,False
6630,301.6,0.494,48.579946179019885,1.397,690.118,0,False,False
6631,301.6,0.493,42.27697656613231,1.414,697.102,0,False,False
6632,301.5,0.5529999999999999,65.3062194441489,1.378,762.034,0,True,False
6633,301.4,0.512,59.45899807735181,1.301,666.112,0,False,False
6634,301.5,0.293,39.798784834805645,1.737,508.941,0,False,False
6635,301.5,0.445,54.78087328966342,1.396,621.22,1,False,False
6636,301.5,0.39299999999999996,60.738821100022676,1.534,602.862,1,True,False
6637,301.5,0.255,76.3446616912795,1.774,452.37,0,False,True
6638,301.5,0.48,38.80505279166812,1.453,697.44,0,False,False
6639,301.5,0.442,52.42476741230014,1.453,642.2260000000001,0,True,False
6640,301.4,0.484,76.13280613551927,1.38,667.92,0,False,False
6641,301.4,0.43200000000000005,67.42119658857894,1.334,576.288,0,False,True
6642,301.5,0.287,49.497916090189335,1.702,488.474,0,False,True
6643,301.6,0.375,77.26675610113212,1.431,536.625,1,False,False
6644,301.5,0.605,59.664679028134614,1.308,791.34,1,False,True
6645,301.5,0.439,59.917594565523025,1.565,687.035,0,True,False
6646,301.5,0.396,83.82936696001921,1.486,588.456,0,False,False
6647,301.5,0.342,82.35582516181893,1.479,505.81800000000004,0,False,True
6648,301.5,0.22399999999999998,52.9266341684922,1.927,431.64799999999997,0,False,True
6649,301.5,0.41100000000000003,42.028956433154114,1.488,611.568,0,False,False
6650,301.5,0.5489999999999999,51.2833366139047,1.35,741.15,0,False,True
6651,301.6,0.353,36.5241630155694,1.561,551.0329999999999,0,True,False
6652,301.5,0.556,36.03839433551956,1.276,709.456,0,False,True
6653,301.5,0.35700000000000004,54.77610681257096,1.58,564.0600000000001,0,True,False
6654,301.4,0.29100000000000004,82.0509911348617,1.61,468.51,1,True,False
6655,301.4,0.166,78.56786706161039,2.203,365.69800000000004,0,True,False
6656,301.4,0.327,60.57214169588115,1.639,535.953,0,False,False
6657,301.4,0.447,63.26131905854153,1.553,694.191,0,True,False
6658,301.4,0.47600000000000003,35.296674837302824,1.374,654.024,0,True,False
6659,301.4,0.509,45.775057791688276,1.43,727.87,1,True,False
6660,301.3,0.313,36.238706346719184,1.626,508.93800000000005,0,True,False
6661,301.4,0.43799999999999994,72.72697663476939,1.421,622.3979999999999,1,False,False
6662,301.3,0.39799999999999996,42.282289801324886,1.501,597.3979999999999,0,False,False
6663,301.3,0.187,78.45235512384085,2.093,391.39099999999996,0,True,False
6664,301.3,0.47200000000000003,67.1662156837894,1.504,709.888,0,False,False
6665,301.3,0.384,46.470933825785664,1.538,590.592,0,False,True
6666,301.3,0.415,42.88601585416249,1.44,597.6,0,False,True
6667,301.3,0.514,66.38123504615265,1.414,726.7959999999999,1,True,False
6668,301.4,0.39899999999999997,80.04184901411617,1.536,612.8639999999999,0,False,False
6669,301.4,0.392,70.91801094571909,1.476,578.5920000000001,0,True,False
6670,301.4,0.33899999999999997,52.42733258016888,1.571,532.569,0,True,False
6671,301.5,0.20199999999999999,64.36917976343236,1.998,403.596,0,True,False
6672,301.5,0.42100000000000004,50.53808476862107,1.357,571.297,0,False,True
6673,301.6,0.505,84.95747833893294,1.424,719.12,1,True,False
6674,301.6,0.518,72.44195942309256,1.38,714.84,0,True,False
6675,301.5,0.355,65.71908198783768,1.618,574.39,1,True,False
6676,301.5,0.28,56.16295713829146,1.579,442.12,0,False,True
6677,301.5,0.44,65.90761451297786,1.423,626.12,0,False,False
6678,301.5,0.385,52.080803123366735,1.435,552.475,0,True,False
6679,301.5,0.6559999999999999,36.44324197290154,1.336,876.4159999999999,0,False,False
6680,301.6,0.424,54.75442611783164,1.392,590.208,0,False,False
6681,301.5,0.49700000000000005,81.52404097899336,1.417,704.2490000000001,0,False,False
6682,301.4,0.451,66.31505473869329,1.425,642.675,0,True,False
6683,301.5,0.389,39.197785153545084,1.512,588.168,0,False,True
6684,301.5,0.506,79.24968066975129,1.318,666.908,0,True,False
6685,301.6,0.40399999999999997,48.443742467075744,1.538,621.352,0,False,False
6686,301.6,0.436,47.18847465413637,1.532,667.952,0,True,False
6687,301.7,0.248,49.85454843901604,1.715,425.32,1,True,False
6688,301.7,0.287,63.86011180629787,1.7,487.9,0,True,False
6689,301.7,0.40299999999999997,62.234404671698826,1.548,623.8439999999999,0,False,False
6690,301.7,0.43,59.57068773114409,1.546,664.78,0,True,False
6691,301.7,0.49200000000000005,70.87684317563135,1.343,660.7560000000001,0,False,True
6692,301.7,0.478,50.82688656674795,1.51,721.78,0,True,False
6693,301.8,0.23600000000000002,74.10322607862156,1.839,434.004,0,False,False
6694,301.8,0.267,43.76608391892996,1.756,468.852,0,False,True
6695,301.7,0.627,74.13103945385046,1.3,815.1,0,False,False
6696,301.7,0.5579999999999999,68.19050526251414,1.311,731.538,0,False,False
6697,301.7,0.313,69.16041547737933,1.636,512.068,0,False,False
6698,301.6,0.341,59.077669856363,1.643,560.263,0,True,False
6699,301.6,0.447,68.35007663404323,1.418,633.846,0,False,True
6700,301.7,0.40399999999999997,38.98985232797287,1.516,612.464,0,True,False
6701,301.6,0.502,77.57755585246836,1.419,712.3380000000001,0,False,False
6702,301.6,0.341,37.7773616743823,1.623,553.443,0,False,False
6703,301.6,0.32,42.43707549357487,1.664,532.48,0,True,False
6704,301.5,0.282,63.83948542486182,1.744,491.80799999999994,0,True,False
6705,301.5,0.36,71.97057277283457,1.51,543.6,0,False,False
6706,301.5,0.581,38.81257821731268,1.382,802.942,0,False,True
6707,301.4,0.461,81.038240706116,1.381,636.641,0,False,True
6708,301.3,0.39,83.68038244003493,1.556,606.84,0,False,False
6709,301.4,0.374,65.29750865038555,1.464,547.536,0,False,False
6710,301.4,0.376,59.062172768841826,1.481,556.856,0,False,True
6711,301.5,0.49700000000000005,72.06974861398749,1.323,657.5310000000001,0,True,False
6712,301.5,0.461,51.41786761636027,1.426,657.3860000000001,1,True,False
6713,301.4,0.364,59.663221705255324,1.516,551.8240000000001,0,False,False
6714,301.3,0.452,80.80755134072007,1.416,640.032,0,False,True
6715,301.3,0.5379999999999999,82.78277126207668,1.44,774.72,0,False,True
6716,301.3,0.304,81.35345580255925,1.576,479.1039999999999,0,False,False
6717,301.3,0.536,48.12240334819201,1.387,743.432,0,True,False
6718,301.4,0.486,46.62345201083817,1.464,711.5040000000001,0,False,False
6719,301.4,0.18,49.88322529646571,2.137,384.66,0,True,False
6720,301.4,0.406,57.06555561942301,1.431,580.986,0,True,False
6721,301.3,0.48,50.70837063959818,1.458,699.84,1,False,True
6722,301.4,0.61,53.710639786952896,1.28,780.8,1,True,False
6723,301.4,0.287,66.03184760603799,1.657,475.559,0,False,True
6724,301.4,0.361,73.1262838546988,1.565,564.965,0,False,False
6725,301.3,0.368,71.77790991339586,1.56,574.0799999999999,0,False,False
6726,301.5,0.47100000000000003,75.7211783539576,1.359,640.089,0,True,False
6727,301.5,0.41,36.60922016077011,1.5,615.0,0,True,False
6728,301.5,0.255,37.3866894839378,1.785,455.175,0,True,False
6729,301.5,0.23199999999999998,74.46914803443147,1.891,438.712,0,False,True
6730,301.5,0.40399999999999997,61.65394111623159,1.524,615.696,1,False,True
6731,301.6,0.423,63.90703368810601,1.431,605.313,0,False,False
6732,301.6,0.512,37.629343010718856,1.385,709.12,0,True,False
6733,301.7,0.44799999999999995,47.76569005856354,1.503,673.3439999999999,0,False,True
6734,301.7,0.46799999999999997,66.9177152442739,1.311,613.548,0,True,False
6735,301.6,0.401,77.95909450553381,1.575,631.575,0,True,False
6736,301.6,0.401,80.84916985907013,1.485,595.485,0,False,False
6737,301.7,0.42200000000000004,60.020974791754085,1.527,644.394,1,False,True
6738,301.7,0.335,62.27371163690988,1.537,514.895,0,True,False
6739,301.8,0.501,76.65248155344955,1.463,732.9630000000001,0,True,False
6740,301.7,0.436,61.88123003736773,1.482,646.152,0,False,True
6741,301.8,0.5589999999999999,60.84292627686587,1.417,792.1030000000001,0,True,False
6742,301.7,0.395,80.25420188804767,1.506,594.87,0,True,False
6743,301.7,0.3,74.496636052794,1.639,491.7,0,False,False
6744,301.7,0.38,80.45362631806472,1.418,538.84,0,False,True
6745,301.7,0.581,45.91235273905769,1.298,754.138,0,False,False
6746,301.8,0.446,61.218774332767836,1.395,622.17,0,False,True
6747,301.7,0.405,77.12360642966789,1.578,639.09,0,False,False
6748,301.8,0.298,40.55739137335544,1.597,475.906,1,True,False
6749,301.7,0.193,74.7331077146981,2.016,389.088,0,False,True
6750,301.7,0.359,44.148669170743474,1.585,569.015,0,False,False
6751,301.7,0.44,75.40593774926606,1.505,662.2,0,True,False
6752,301.7,0.371,65.60004687784341,1.505,558.355,0,False,False
6753,301.6,0.295,44.66179957424336,1.706,503.27,0,True,False
6754,301.6,0.507,58.667708966640056,1.385,702.195,0,True,False
6755,301.8,0.369,69.09525832303858,1.495,551.655,0,True,False
6756,301.8,0.316,66.69264504417711,1.663,525.508,0,False,False
6757,301.8,0.266,56.36235981158522,1.84,489.44,0,False,True
6758,301.8,0.262,79.96832644604635,1.822,477.36400000000003,0,False,False
6759,301.7,0.32799999999999996,60.963170724392214,1.644,539.232,0,False,True
6760,301.7,0.44299999999999995,60.29336492643442,1.441,638.3629999999999,0,True,False
6761,301.5,0.406,38.112529497072714,1.451,589.106,0,True,False
6762,301.5,0.508,81.10601948988185,1.4,711.2,0,True,False
6763,301.4,0.532,43.855828433918646,1.362,724.5840000000001,1,True,False
6764,301.4,0.265,61.417234671827714,1.782,472.23,1,True,False
6765,301.4,0.38299999999999995,75.1783800700155,1.536,588.288,0,False,True
6766,301.5,0.32299999999999995,45.77266384778217,1.58,510.3399999999999,0,False,True
6767,301.4,0.43200000000000005,61.36866449854206,1.427,616.464,0,False,True
6768,301.3,0.41700000000000004,47.034245461167046,1.509,629.253,0,True,False
6769,301.3,0.395,72.98474988999558,1.434,566.43,0,False,True
6770,301.2,0.526,63.21705839365754,1.392,732.192,0,True,False
6771,301.3,0.401,77.79879301975717,1.509,605.109,0,True,False
6772,301.2,0.225,79.72790014386914,1.962,441.45,0,False,True
6773,301.3,0.39299999999999996,67.4366741222699,1.536,603.6479999999999,1,False,False
6774,301.3,0.479,71.26956230794723,1.381,661.4989999999999,0,True,False
6775,301.2,0.273,62.461004994343185,1.747,476.931,0,False,False
6776,301.2,0.3,54.221436653369146,1.67,501.0,0,True,False
6777,301.3,0.475,67.40589615104173,1.451,689.225,0,False,False
6778,301.2,0.213,80.41443117436644,1.951,415.56300000000005,1,False,False
6779,301.3,0.255,55.8340190215719,1.819,463.845,0,False,True
6780,301.3,0.542,50.72050131868977,1.372,743.6240000000001,0,True,False
6781,301.3,0.385,54.42184692762871,1.56,600.6,0,True,False
6782,301.3,0.353,56.76988151057998,1.494,527.382,0,False,False
6783,301.3,0.534,38.67805144888581,1.531,817.554,0,False,False
6784,301.3,0.469,59.92209202174972,1.45,680.05,0,True,False
6785,301.3,0.525,59.71571240250298,1.391,730.275,0,False,False
6786,301.2,0.45299999999999996,64.42219138202616,1.389,629.217,0,False,True
6787,301.2,0.509,53.14100152356657,1.409,717.1809999999999,0,False,True
6788,301.1,0.585,65.65537979777949,1.388,811.98,0,False,True
6789,301.1,0.439,78.91081551371015,1.41,618.99,0,False,True
6790,301.1,0.307,82.77354952475821,1.646,505.32199999999995,0,False,False
6791,301.1,0.16699999999999998,64.18061080705249,2.219,370.573,0,False,True
6792,301.2,0.41200000000000003,37.12954769851565,1.551,639.0120000000001,0,True,False
6793,301.2,0.24,83.46179986335545,1.811,434.64,0,True,False
6794,301.3,0.314,70.29310304481281,1.608,504.912,0,True,False
6795,301.3,0.552,51.798182427682605,1.428,788.2560000000001,0,False,False
6796,301.4,0.504,42.35788504818617,1.477,744.408,0,True,False
6797,301.3,0.583,42.170930611813745,1.3,757.9,0,False,True
6798,301.2,0.349,43.38722030698014,1.615,563.635,0,True,False
6799,301.2,0.324,37.27862608069101,1.676,543.0239999999999,1,True,False
6800,301.1,0.122,80.10770943264558,2.636,321.592,0,False,False
6801,301.1,0.488,62.03841164136682,1.31,639.28,0,True,False
6802,301.1,0.48200000000000004,69.99797063569187,1.334,642.988,0,True,False
6803,301.1,0.31,76.40542546341538,1.621,502.51,1,True,False
6804,301.1,0.434,74.57705031666,1.367,593.2779999999999,0,False,False
6805,301.0,0.337,79.13028118644208,1.588,535.1560000000001,1,False,False
6806,301.0,0.376,83.3627311262476,1.497,562.8720000000001,1,False,True
6807,301.1,0.32899999999999996,56.953530737096976,1.608,529.0319999999999,0,False,False
6808,301.0,0.414,82.51677333341954,1.549,641.286,0,False,False
6809,301.0,0.45,71.16449741714081,1.391,625.95,0,True,False
6810,300.9,0.381,38.533409515403925,1.49,567.69,0,True,False
6811,301.0,0.345,69.08915606061727,1.727,595.815,0,False,True
6812,300.9,0.46399999999999997,69.33583298024243,1.504,697.8559999999999,0,True,False
6813,300.9,0.5379999999999999,80.29302818962636,1.35,726.3,0,True,False
6814,300.9,0.43,53.6466066235046,1.42,610.6,0,False,True
6815,300.8,0.441,64.2455750135909,1.465,646.065,0,False,False
6816,300.9,0.441,35.609377550587126,1.427,629.307,0,True,False
6817,300.9,0.43200000000000005,51.6037621090668,1.477,638.064,0,True,False
6818,301.0,0.48100000000000004,38.11218630793905,1.493,718.133,0,False,True
6819,301.0,0.299,61.093648638244844,1.657,495.443,0,False,True
6820,300.9,0.46,75.87238252534766,1.359,625.14,0,False,False
6821,300.8,0.345,45.322134606453446,1.551,535.095,0,False,False
6822,300.8,0.375,61.372052277888926,1.545,579.375,0,False,False
6823,300.9,0.292,45.20043182553835,1.709,499.02799999999996,1,False,True
6824,300.9,0.563,41.03442339231202,1.268,713.8839999999999,0,False,True
6825,300.9,0.253,60.54983959671712,1.74,440.22,0,True,False
6826,301.0,0.251,38.95743104748638,1.828,458.82800000000003,0,False,True
6827,301.0,0.21600000000000003,64.36773155689947,1.822,393.552,0,True,False
6828,301.0,0.418,36.566873033836316,1.515,633.27,0,True,False
6829,301.0,0.529,40.33574859341878,1.392,736.368,1,False,False
6830,300.9,0.35700000000000004,62.49987427436789,1.474,526.2180000000001,0,False,False
6831,301.0,0.534,64.5703706449457,1.359,725.7059999999999,1,False,True
6832,301.1,0.523,36.4493465046879,1.565,818.495,1,True,False
6833,301.1,0.425,63.66883940007792,1.384,588.2,0,False,False
6834,301.1,0.531,76.92512626618185,1.387,736.497,0,False,True
6835,301.1,0.511,71.1158088646977,1.378,704.158,0,False,True
6836,301.0,0.257,41.55925519603993,1.809,464.91299999999995,0,True,False
6837,301.1,0.528,64.62373237818075,1.339,706.992,0,True,False
6838,301.0,0.386,68.61262500371068,1.423,549.278,0,False,False
6839,301.1,0.41600000000000004,36.86156008761459,1.57,653.12,0,True,False
6840,301.2,0.341,77.76738343418114,1.558,531.278,0,False,True
6841,301.1,0.217,80.3133698644915,1.799,390.383,0,False,True
6842,301.1,0.35,77.52261366811294,1.591,556.85,0,True,False
6843,301.2,0.29600000000000004,76.23157339945567,1.635,483.96,1,True,False
6844,301.3,0.425,72.24825992304466,1.509,641.325,0,True,False
6845,301.3,0.23199999999999998,66.67160156409801,1.838,426.416,0,False,True
6846,301.3,0.324,68.93135024941259,1.648,533.952,0,True,False
6847,301.2,0.495,75.31976466674915,1.498,741.51,0,False,False
6848,301.2,0.28,68.12492291806524,1.757,491.96,1,False,False
6849,301.1,0.5329999999999999,51.386347834103546,1.389,740.337,0,False,False
6850,301.1,0.376,53.7980551080677,1.498,563.248,0,True,False
6851,301.0,0.358,79.8528734186146,1.521,544.5179999999999,0,True,False
6852,301.0,0.413,35.856104289858095,1.394,575.722,0,False,True
6853,301.0,0.327,69.9410290622141,1.602,523.854,0,False,True
6854,300.9,0.40700000000000003,82.73887762126077,1.417,576.719,0,False,True
6855,301.0,0.429,70.31140849789868,1.511,648.219,0,True,False
6856,301.1,0.307,84.6955994115891,1.654,507.77799999999996,0,True,False
6857,301.1,0.228,69.37724527641655,1.836,418.608,0,False,False
6858,301.1,0.35600000000000004,36.71815146084305,1.622,577.432,0,True,False
6859,301.0,0.45399999999999996,76.35049408234619,1.467,666.018,0,False,True
6860,301.1,0.22699999999999998,49.23149559696596,1.909,433.34299999999996,0,False,False
6861,301.1,0.20199999999999999,57.30286128322204,1.91,385.82,0,True,False
6862,301.1,0.166,50.6045957953541,2.207,366.362,0,False,True
6863,301.1,0.494,48.42770531048397,1.384,683.6959999999999,0,False,True
6864,301.1,0.295,56.57028518348927,1.63,480.85,0,True,False
6865,301.1,0.6,53.93757242203369,1.268,760.8,0,False,False
6866,301.1,0.387,66.66692909212946,1.531,592.4970000000001,0,True,False
6867,301.0,0.415,75.65756004937553,1.454,603.41,0,True,False
6868,301.0,0.509,49.85443265936204,1.342,683.078,0,True,False
6869,301.0,0.46299999999999997,45.686057641100874,1.363,631.069,0,False,False
6870,301.0,0.42100000000000004,68.3447635435171,1.412,594.452,0,False,True
6871,301.0,0.392,68.51600329153908,1.597,626.024,0,False,False
6872,301.0,0.47,80.0565619643086,1.349,634.03,0,True,False
6873,301.0,0.353,35.79728432266554,1.472,519.616,0,False,False
6874,301.0,0.395,77.6520331058255,1.478,583.81,0,True,False
6875,300.9,0.589,61.050108647417844,1.295,762.755,0,False,True
6876,300.8,0.32899999999999996,66.06510445860494,1.592,523.7679999999999,0,False,False
6877,300.8,0.544,39.56857202807074,1.43,777.92,0,True,False
6878,300.8,0.401,56.63074664360228,1.488,596.688,0,True,False
6879,300.9,0.35,46.36512036192619,1.518,531.3,0,False,True
6880,300.8,0.17,47.71125150412546,2.237,380.29,0,True,False
6881,300.9,0.24600000000000002,60.20475573380137,1.801,443.04600000000005,0,False,True
6882,301.0,0.376,75.62279752015561,1.573,591.448,0,True,False
6883,300.9,0.214,72.18904650724281,2.073,443.62199999999996,0,True,False
6884,300.9,0.19399999999999998,64.5499979542977,1.953,378.88199999999995,0,False,False
6885,300.8,0.39,61.97090963767335,1.492,581.88,0,False,True
6886,300.8,0.48700000000000004,56.3653021617245,1.397,680.339,0,False,True
6887,300.8,0.43200000000000005,83.63549867806933,1.465,632.8800000000001,0,True,False
6888,300.8,0.26899999999999996,63.009627711711666,1.782,479.35799999999995,0,True,False
6889,300.9,0.45399999999999996,47.69831991561111,1.434,651.036,0,True,False
6890,300.9,0.42700000000000005,46.50453960200198,1.387,592.249,0,False,False
6891,300.9,0.415,65.56765153875709,1.532,635.78,0,False,False
6892,300.9,0.41100000000000003,61.141376365546435,1.505,618.555,1,False,True
6893,301.0,0.433,35.38489014773564,1.44,623.52,0,False,True
6894,301.0,0.434,76.50326860978896,1.47,637.98,0,True,False
6895,301.1,0.46299999999999997,70.20611771162173,1.408,651.904,0,False,False
6896,301.0,0.456,68.09146448390518,1.357,618.792,0,False,True
6897,301.0,0.4,38.43903288488295,1.454,581.6,0,False,True
6898,301.0,0.635,53.102792508624574,1.352,858.52,0,True,False
6899,301.0,0.439,81.76911303663931,1.448,635.672,0,True,False
6900,300.9,0.335,78.12946206706819,1.671,559.785,0,False,False
6901,301.0,0.313,49.27714689347667,1.67,522.71,0,True,False
6902,301.0,0.345,42.852944204956934,1.547,533.715,0,True,False
6903,301.0,0.406,57.454397858428855,1.461,593.1659999999999,0,True,False
6904,301.0,0.358,52.791518933383045,1.609,576.0219999999999,0,False,False
6905,300.9,0.313,69.11131883529956,1.704,533.3520000000001,0,True,False
6906,301.0,0.349,83.32174050421598,1.55,540.95,0,True,False
6907,301.0,0.439,53.15007249912807,1.53,671.67,0,True,False
6908,300.9,0.402,38.1112086326121,1.449,582.498,0,False,True
6909,300.9,0.327,79.88070041711927,1.613,527.451,1,False,True
6910,300.8,0.48100000000000004,36.89748651199354,1.376,661.8560000000001,1,False,False
6911,300.8,0.456,82.63829485766665,1.434,653.904,0,False,False
6912,300.8,0.41100000000000003,68.228971400452,1.48,608.28,1,False,True
6913,300.8,0.319,82.08446042209746,1.634,521.246,0,True,False
6914,300.8,0.385,44.982984332448915,1.481,570.185,0,True,False
6915,300.9,0.289,37.03498976269038,1.668,482.05199999999996,0,True,False
6916,301.0,0.36200000000000004,59.41049891382459,1.484,537.2080000000001,0,True,False
6917,300.9,0.318,57.53117072850626,1.603,509.754,0,True,False
6918,301.0,0.375,51.57461366274414,1.481,555.375,0,False,True
6919,301.0,0.318,82.88282371943487,1.559,495.76200000000006,0,False,False
6920,301.0,0.39799999999999996,76.12918660807162,1.444,574.712,0,False,False
6921,301.2,0.48,68.07910106877966,1.423,683.04,0,False,True
6922,301.1,0.48100000000000004,43.14291458189139,1.432,688.7919999999999,0,True,False
6923,301.2,0.483,71.71617041092624,1.463,706.6289999999999,0,True,False
6924,301.2,0.493,71.35062273498619,1.433,706.4689999999999,0,False,False
6925,301.2,0.529,56.253408680800376,1.461,772.8689999999999,0,False,False
6926,301.1,0.555,81.23929548570068,1.266,702.63,0,True,False
6927,301.1,0.534,43.34889411145052,1.417,756.678,0,False,False
6928,301.1,0.434,48.366878120583216,1.488,645.7919999999999,0,False,False
6929,301.1,0.245,38.16121696253168,1.816,444.92,0,False,False
6930,301.0,0.55,74.77254790887937,1.301,715.55,0,False,False
6931,300.9,0.218,66.08796930476987,1.836,400.24800000000005,1,True,False
6932,300.8,0.39899999999999997,50.74701528406248,1.521,606.879,0,True,False
6933,300.8,0.672,43.19068317971577,1.322,888.3840000000001,0,False,False
6934,300.8,0.406,37.00738850143702,1.492,605.7520000000001,0,True,False
6935,300.8,0.409,43.33727843129683,1.536,628.2239999999999,0,False,True
6936,300.7,0.243,57.66423231688291,1.878,456.35400000000004,0,False,False
6937,300.6,0.40700000000000003,47.35884845053031,1.471,598.697,0,True,False
6938,300.6,0.402,47.949108871598334,1.452,583.7040000000001,0,False,True
6939,300.7,0.444,78.77881833338571,1.452,644.688,0,False,False
6940,300.7,0.53,60.75688367305503,1.348,714.44,1,True,False
6941,300.8,0.446,71.46259865642074,1.453,648.038,0,False,True
6942,300.8,0.5760000000000001,36.785547451407155,1.316,758.0160000000001,0,False,True
6943,300.8,0.26899999999999996,53.258167783901435,1.732,465.90799999999996,0,False,False
6944,300.7,0.35200000000000004,58.958467369772094,1.522,535.744,0,True,False
6945,300.7,0.39799999999999996,44.32084276050924,1.487,591.826,0,False,False
6946,300.8,0.222,41.00957707227693,1.852,411.144,0,False,True
6947,300.7,0.46799999999999997,78.51518892499212,1.486,695.448,0,True,False
6948,300.7,0.371,81.97158135498984,1.562,579.5020000000001,0,True,False
6949,300.7,0.514,38.94033490227037,1.457,748.898,0,False,True
6950,300.7,0.265,52.450935627122156,1.769,468.785,0,True,False
6951,300.7,0.531,82.91428140722368,1.374,729.594,0,False,True
6952,300.8,0.435,39.15808665662325,1.524,662.94,0,False,False
6953,300.8,0.402,67.1820686439363,1.498,602.196,0,False,False
6954,300.8,0.414,83.61106854835027,1.462,605.2679999999999,0,True,False
6955,300.8,0.523,83.91118342906873,1.429,747.367,0,False,True
6956,300.7,0.479,58.56116654518716,1.399,670.1209999999999,0,True,False
6957,300.8,0.391,43.137455389119026,1.434,560.694,0,False,False
6958,300.7,0.522,45.104215748871944,1.324,691.128,0,False,False
6959,300.6,0.40700000000000003,79.48006975621973,1.563,636.1410000000001,0,False,False
6960,300.6,0.34700000000000003,80.58415021648679,1.543,535.421,0,False,True
6961,300.7,0.52,65.39398219367774,1.413,734.76,1,False,False
6962,300.7,0.41200000000000003,73.30881997349556,1.378,567.7360000000001,0,True,False
6963,300.7,0.499,71.99656257352041,1.373,685.127,0,False,True
6964,300.7,0.19899999999999998,68.09107989945535,1.981,394.21899999999994,0,False,False
6965,300.7,0.523,76.36384774359695,1.263,660.549,0,True,False
6966,300.7,0.521,69.27033115201606,1.312,683.552,0,True,False
6967,300.7,0.207,61.70011528737496,1.969,407.58299999999997,1,False,True
6968,300.8,0.517,46.84781812940784,1.365,705.705,1,True,False
6969,300.9,0.255,72.19440720593096,1.789,456.195,0,False,False
6970,300.8,0.321,58.67189339191373,1.583,508.14300000000003,0,False,False
6971,300.7,0.449,49.73958420037547,1.436,644.764,0,True,False
6972,300.7,0.428,75.09731378708877,1.559,667.252,0,False,False
6973,300.7,0.499,69.83568001765141,1.377,687.123,0,True,False
6974,300.7,0.419,81.866978156235,1.462,612.578,0,False,False
6975,300.7,0.48200000000000004,43.27208200094388,1.318,635.2760000000001,0,False,False
6976,300.7,0.516,67.45946423182465,1.378,711.048,0,False,False
6977,300.6,0.467,47.211973404408795,1.344,627.648,0,False,False
6978,300.7,0.14300000000000002,80.17914926508209,2.377,339.911,1,False,True
6979,300.7,0.503,39.97497071283078,1.427,717.781,0,False,True
6980,300.9,0.604,67.80809032224386,1.353,817.212,1,True,False
6981,300.8,0.455,74.5542860764015,1.505,684.775,0,True,False
6982,300.8,0.325,52.74589201823536,1.612,523.9,0,False,False
6983,300.7,0.43,82.70690396919046,1.44,619.2,0,False,True
6984,300.7,0.539,77.53653422930186,1.334,719.026,0,False,True
6985,300.7,0.25,49.73091498424517,1.706,426.5,0,False,True
6986,300.8,0.248,35.37705463579994,1.698,421.10400000000004,0,True,False
6987,300.7,0.307,49.832858805903044,1.688,518.216,0,False,False
6988,300.7,0.138,49.065523523537124,2.437,336.306,0,False,False
6989,300.7,0.46799999999999997,79.49823037504545,1.478,691.704,0,True,False
6990,300.7,0.353,83.35605891273738,1.608,567.6239999999999,1,True,False
6991,300.7,0.134,38.521999298513016,2.478,332.052,0,False,True
6992,300.8,0.33399999999999996,58.56474142666583,1.509,504.006,0,True,False
6993,300.7,0.369,62.41659992648979,1.596,588.924,1,True,False
6994,300.7,0.256,39.645583066485166,1.74,445.44,0,True,False
6995,300.6,0.532,53.87488545687613,1.375,731.5,0,False,True
6996,300.6,0.312,50.85412086964753,1.705,531.96,0,False,False
6997,300.5,0.32,61.80281771635437,1.621,518.72,0,False,False
6998,300.6,0.382,68.0595449865969,1.566,598.212,1,False,True
6999,300.6,0.429,70.17425552482834,1.388,595.452,0,True,False
7000,300.6,0.36700000000000005,41.83775118066938,1.457,534.719,0,False,False
7001,300.6,0.455,75.64738509723108,1.463,665.665,1,True,False
7002,300.5,0.382,68.92710148953795,1.564,597.448,0,True,False
7003,300.5,0.47200000000000003,79.45374583733599,1.411,665.992,1,False,True
7004,300.5,0.467,57.466802971771706,1.54,719.18,0,False,True
7005,300.5,0.203,79.69448813610958,1.95,395.85,0,True,False
7006,300.6,0.529,78.28870611780377,1.339,708.3309999999999,0,True,False
7007,300.6,0.396,56.920466617963484,1.419,561.924,1,False,False
7008,300.5,0.452,54.05716576464893,1.499,677.548,0,True,False
7009,300.5,0.496,81.64060074851284,1.368,678.528,1,True,False
7010,300.5,0.36200000000000004,70.75823672692188,1.536,556.032,0,True,False
7011,300.5,0.429,81.41226732190378,1.469,630.201,0,True,False
7012,300.5,0.122,74.84873894479065,2.633,321.226,0,False,True
7013,300.4,0.614,65.46487196457072,1.298,796.972,0,True,False
7014,300.4,0.363,40.792638850188226,1.544,560.472,0,True,False
7015,300.5,0.47700000000000004,49.57403362895492,1.403,669.2310000000001,1,False,False
7016,300.5,0.429,83.44212035491958,1.452,622.9079999999999,0,False,True
7017,300.6,0.431,50.97110493571022,1.509,650.379,0,True,False
7018,300.7,0.37,39.662743489268536,1.474,545.38,1,True,False
7019,300.7,0.467,70.37766779596599,1.377,643.059,0,True,False
7020,300.8,0.271,71.70021272718421,1.741,471.81100000000004,1,False,False
7021,300.8,0.5379999999999999,49.27288601435754,1.46,785.48,0,False,False
7022,300.7,0.326,49.88359896731519,1.631,531.706,0,False,True
7023,300.7,0.332,58.44464927543919,1.561,518.2520000000001,0,False,True
7024,300.7,0.385,36.089447488112775,1.572,605.22,0,False,True
7025,300.6,0.187,74.46615051805819,2.127,397.749,0,False,False
7026,300.6,0.447,50.85443936370628,1.448,647.2560000000001,1,False,False
7027,300.6,0.396,77.68815510009888,1.543,611.028,0,True,False
7028,300.6,0.348,75.13152108000169,1.508,524.784,0,False,True
7029,300.6,0.504,68.07010165593915,1.403,707.112,1,True,False
7030,300.6,0.397,51.24374335496444,1.454,577.238,0,True,False
7031,300.7,0.273,60.815828083058506,1.772,483.756,1,False,False
7032,300.7,0.491,57.24146287989795,1.479,726.1890000000001,0,True,False
7033,300.7,0.31,51.94409431243371,1.723,534.13,0,False,False
7034,300.7,0.46399999999999997,77.4068144651589,1.469,681.6159999999999,0,False,False
7035,300.6,0.262,59.175353728883266,1.83,479.46,0,False,False
7036,300.6,0.382,76.63615488985732,1.497,571.854,0,False,True
7037,300.7,0.527,40.260923707091216,1.54,811.58,0,True,False
7038,300.6,0.395,42.051239430016786,1.514,598.03,0,False,False
7039,300.7,0.342,83.86601525564885,1.654,565.668,0,False,False
7040,300.6,0.37,64.38842313030449,1.519,562.03,1,False,False
7041,300.7,0.303,60.48848367495245,1.72,521.16,0,False,True
7042,300.6,0.377,61.157803157205585,1.47,554.19,0,True,False
7043,300.6,0.299,45.76343870164299,1.642,490.95799999999997,0,False,False
7044,300.7,0.191,70.93519747509865,2.006,383.1460000000001,0,True,False
7045,300.7,0.35600000000000004,39.23903118648772,1.505,535.78,0,False,True
7046,300.7,0.276,63.66618565515116,1.609,444.084,0,True,False
7047,300.7,0.222,63.53843982929507,1.863,413.586,0,False,False
7048,300.6,0.426,80.70942120667556,1.401,596.826,0,True,False
7049,300.6,0.198,61.30914050524302,2.007,397.38599999999997,0,True,False
7050,300.6,0.473,41.85313479870898,1.494,706.6619999999999,1,False,False
7051,300.6,0.47700000000000004,63.63766296240813,1.457,694.989,0,False,True
7052,300.6,0.377,39.56638221826662,1.556,586.6120000000001,0,False,False
7053,300.6,0.428,45.189691764996084,1.51,646.28,0,False,True
7054,300.7,0.387,36.55542920937081,1.567,606.429,0,False,False
7055,300.7,0.431,60.66467912297492,1.476,636.156,0,False,False
7056,300.8,0.306,39.22663076467862,1.663,508.87800000000004,0,True,False
7057,300.8,0.506,58.46971892656645,1.409,712.9540000000001,0,False,True
7058,300.8,0.36200000000000004,81.6472517662072,1.666,603.0920000000001,0,True,False
7059,300.7,0.45899999999999996,70.9880706509666,1.52,697.68,0,False,True
7060,300.6,0.33799999999999997,38.87058371126465,1.644,555.672,0,False,True
7061,300.6,0.35600000000000004,46.21049061044216,1.479,526.524,0,False,True
7062,300.6,0.49700000000000005,68.68312099467171,1.446,718.6619999999999,0,False,False
7063,300.6,0.511,79.73509305120919,1.407,718.977,0,False,False
7064,300.7,0.517,36.64592933819769,1.234,637.9780000000001,0,False,True
7065,300.8,0.297,75.6225565860297,1.696,503.712,0,True,False
7066,300.8,0.529,63.090694016915435,1.384,732.136,0,False,False
7067,300.8,0.36200000000000004,62.30456626481963,1.572,569.064,0,True,False
7068,300.8,0.42100000000000004,82.8906591376679,1.386,583.506,0,False,False
7069,300.8,0.428,72.38223062983866,1.461,625.308,0,True,False
7070,300.8,0.39399999999999996,77.5059434028056,1.525,600.85,0,True,False
7071,300.7,0.61,52.69977847723334,1.333,813.13,0,True,False
7072,300.7,0.406,62.7182020414205,1.505,611.03,0,False,False
7073,300.7,0.41700000000000004,65.77028387138853,1.439,600.063,0,False,False
7074,300.7,0.43200000000000005,51.07919701812325,1.491,644.1120000000001,0,True,False
7075,300.7,0.392,63.51240624736998,1.488,583.296,0,False,False
7076,300.7,0.474,46.832768973985694,1.536,728.064,0,True,False
7077,300.7,0.21,42.16878355341198,1.96,411.6,0,False,False
7078,300.7,0.31,53.698512963866634,1.594,494.14,0,False,False
7079,300.7,0.526,71.96448143732185,1.357,713.7819999999999,0,False,False
7080,300.7,0.41100000000000003,80.80935740369438,1.445,593.895,0,False,False
7081,300.7,0.473,57.885702574911626,1.543,729.8389999999999,1,True,False
7082,300.7,0.526,67.14118441377158,1.366,718.5160000000001,1,False,True
7083,300.7,0.4,40.15185654875502,1.458,583.2,0,False,False
7084,300.7,0.618,80.22318792761644,1.416,875.0880000000001,0,False,False
7085,300.6,0.244,63.43021067849672,1.794,437.736,0,False,False
7086,300.6,0.41,74.01691238125785,1.484,608.44,0,True,False
7087,300.6,0.134,74.72206004606969,2.514,336.876,0,False,False
7088,300.6,0.305,47.824026318405295,1.648,502.64,0,False,False
7089,300.6,0.327,61.45872265909247,1.614,527.778,0,True,False
7090,300.6,0.341,83.02398757804887,1.622,553.1020000000001,1,True,False
7091,300.6,0.401,39.48172724104139,1.478,592.678,0,True,False
7092,300.6,0.51,69.15249490147818,1.318,672.18,0,False,True
7093,300.7,0.359,83.1132039017586,1.493,535.987,1,False,False
7094,300.7,0.507,50.02885540270111,1.369,694.0830000000001,0,True,False
7095,300.6,0.45899999999999996,78.07239607021741,1.447,664.173,0,True,False
7096,300.6,0.499,81.68287727041358,1.485,741.015,0,False,False
7097,300.6,0.478,72.35431046974125,1.489,711.742,0,False,True
7098,300.6,0.523,46.566415615347914,1.233,644.8589999999999,0,True,False
7099,300.7,0.326,51.700035941329695,1.642,535.292,0,True,False
7100,300.7,0.441,36.79046472088654,1.373,605.493,0,False,True
7101,300.7,0.32799999999999996,76.57266171226776,1.569,514.632,0,True,False
7102,300.8,0.228,77.480559325554,1.85,421.8,0,True,False
7103,300.8,0.42200000000000004,66.63551549830964,1.494,630.4680000000001,0,False,True
7104,300.8,0.301,52.62639256319257,1.777,534.8770000000001,1,False,False
7105,300.9,0.431,38.84055138199603,1.454,626.674,0,True,False
7106,300.9,0.342,72.65288049574548,1.536,525.312,0,True,False
7107,300.8,0.39,71.32630968049614,1.482,577.98,0,True,False
7108,300.9,0.41200000000000003,80.63012608694504,1.512,622.944,0,True,False
7109,300.8,0.358,71.52660105026811,1.511,540.938,0,False,True
7110,300.9,0.405,76.43474711220009,1.599,647.595,0,False,False
7111,300.8,0.36,72.29773089519998,1.518,546.48,1,False,False
7112,300.8,0.39399999999999996,66.53435941561582,1.45,571.3,1,False,True
7113,300.9,0.47,56.348319709550466,1.427,670.69,1,False,False
7114,300.9,0.327,80.10586543211389,1.561,510.44700000000006,0,True,False
7115,300.9,0.43799999999999994,67.5484285953735,1.457,638.1659999999999,1,False,False
7116,301.0,0.536,54.91776609829545,1.46,782.56,0,False,True
7117,301.0,0.332,39.17346475909786,1.601,531.532,1,False,True
7118,300.9,0.401,49.535242795219105,1.57,629.57,1,True,False
7119,300.9,0.359,62.18633674150824,1.565,561.835,1,False,False
7120,301.0,0.444,48.781768500809726,1.378,611.832,0,False,False
7121,300.9,0.161,46.0617673958951,2.288,368.36800000000005,0,False,True
7122,300.9,0.447,61.369675704392364,1.375,614.6250000000001,0,True,False
7123,300.9,0.278,43.49101729478673,1.788,497.064,0,False,False
7124,300.9,0.40399999999999997,75.02050316625517,1.576,636.704,0,False,True
7125,300.8,0.245,59.2184075671329,1.868,457.66,0,False,False
7126,300.7,0.5660000000000001,63.69313869813251,1.261,713.7260000000001,0,False,False
7127,300.6,0.33899999999999997,42.36916337986743,1.542,522.7379999999999,0,True,False
7128,300.6,0.5379999999999999,51.22881678146837,1.438,773.6439999999999,0,True,False
7129,300.6,0.369,55.50448416305765,1.511,557.559,1,True,False
7130,300.6,0.31,75.41064152582516,1.635,506.85,0,False,True
7131,300.6,0.488,73.50797615430763,1.428,696.8639999999999,0,True,False
7132,300.5,0.444,46.14887373938407,1.41,626.04,0,False,False
7133,300.5,0.479,65.80895408035039,1.423,681.617,0,False,False
7134,300.5,0.413,47.17281788859988,1.552,640.976,0,True,False
7135,300.5,0.502,84.41235778451227,1.406,705.812,0,False,False
7136,300.5,0.483,82.60619390654352,1.443,696.9689999999999,1,False,False
7137,300.5,0.637,63.16323602603103,1.343,855.4910000000001,0,False,True
7138,300.6,0.41200000000000003,69.94512859470714,1.486,612.2320000000001,0,False,False
7139,300.6,0.5,75.07151911043225,1.297,648.5,0,False,False
7140,300.6,0.423,71.04992100224518,1.495,632.3849999999999,0,True,False
7141,300.5,0.465,69.99143455412104,1.382,642.63,0,False,True
7142,300.4,0.444,82.9277003974764,1.356,602.064,0,True,False
7143,300.3,0.415,64.82280531536416,1.452,602.58,0,False,True
7144,300.3,0.308,66.81513359095278,1.582,487.256,0,True,False
7145,300.4,0.40299999999999997,77.46343752190906,1.517,611.351,0,False,True
7146,300.5,0.445,68.49454339292035,1.413,628.785,0,False,False
7147,300.4,0.318,71.64663110087614,1.496,475.728,1,False,True
7148,300.3,0.41200000000000003,46.70843430983212,1.466,603.9920000000001,0,True,False
7149,300.3,0.408,53.56334620575355,1.617,659.7359999999999,1,False,False
7150,300.2,0.418,42.36506728559465,1.506,629.5079999999999,0,False,False
7151,300.2,0.493,60.28827211674027,1.401,690.693,0,False,True
7152,300.2,0.22899999999999998,57.786370034012315,1.906,436.47399999999993,0,True,False
7153,300.2,0.364,84.85814071397284,1.566,570.0239999999999,0,False,True
7154,300.2,0.473,65.56043264077712,1.493,706.189,0,False,True
7155,300.3,0.39899999999999997,74.32224115972116,1.483,591.717,0,True,False
7156,300.2,0.312,51.70073353788271,1.569,489.52799999999996,0,False,True
7157,300.2,0.307,76.57726656713982,1.664,510.84799999999996,0,False,False
7158,300.2,0.401,65.75424832438418,1.486,595.886,1,False,False
7159,300.2,0.536,69.84961657992193,1.389,744.5040000000001,1,True,False
7160,300.1,0.41700000000000004,49.72153889747272,1.511,630.087,0,False,False
7161,300.2,0.405,62.43191958477885,1.485,601.425,0,False,False
7162,300.2,0.429,66.70184867068043,1.44,617.76,0,False,False
7163,300.2,0.439,64.45473379082905,1.378,604.942,0,False,False
7164,300.1,0.39299999999999996,80.75968557122832,1.501,589.8929999999999,0,False,False
7165,300.2,0.44,79.91363322462767,1.474,648.56,0,False,False
7166,300.2,0.479,83.54920289384353,1.392,666.768,1,True,False
7167,300.3,0.447,68.37140030034948,1.429,638.763,0,False,True
7168,300.3,0.603,83.59570650628423,1.362,821.286,0,False,False
7169,300.3,0.295,76.62390000159544,1.704,502.68,0,True,False
7170,300.3,0.523,48.541607016997965,1.492,780.3159999999999,0,True,False
7171,300.3,0.395,56.371783477564854,1.442,569.59,0,False,False
7172,300.2,0.515,46.919622109450486,1.438,740.57,0,False,True
7173,300.1,0.466,35.20985804152826,1.402,653.332,0,True,False
7174,300.1,0.308,44.40243765734543,1.684,518.672,1,False,False
7175,300.2,0.485,35.20302931434378,1.53,742.05,0,True,False
7176,300.1,0.435,70.99192306752451,1.569,682.515,0,False,False
7177,300.1,0.316,56.27671488605998,1.65,521.4,1,False,True
7178,300.2,0.496,50.62873635389291,1.415,701.84,0,False,True
7179,300.2,0.315,73.0860445547594,1.6,504.0,0,True,False
7180,300.2,0.423,76.62433873098226,1.523,644.2289999999999,0,False,False
7181,300.2,0.303,83.764976932494,1.628,493.284,1,True,False
7182,300.2,0.521,67.10067923376207,1.331,693.451,0,False,False
7183,300.3,0.168,58.07644792700259,2.158,362.54400000000004,0,False,True
7184,300.2,0.509,50.26321508037179,1.445,735.505,0,False,True
7185,300.2,0.361,46.11591046071131,1.593,575.073,0,True,False
7186,300.3,0.292,45.64629752413006,1.672,488.224,0,False,True
7187,300.4,0.314,55.45946873598994,1.644,516.216,0,False,False
7188,300.4,0.5429999999999999,84.5893177643965,1.402,761.286,1,True,False
7189,300.4,0.568,35.042684871870165,1.286,730.448,0,False,False
7190,300.4,0.46299999999999997,44.86029486155004,1.486,688.018,1,False,False
7191,300.3,0.46299999999999997,44.41964912017869,1.345,622.7349999999999,0,False,False
7192,300.3,0.341,70.85597427661462,1.629,555.489,0,False,False
7193,300.2,0.43799999999999994,52.624236379903095,1.429,625.9019999999999,1,False,False
7194,300.1,0.647,57.863040229591036,1.306,844.982,0,True,False
7195,300.1,0.526,42.43120652349525,1.38,725.88,0,False,True
7196,300.1,0.493,55.24985194384739,1.443,711.3989999999999,0,False,False
7197,300.1,0.42700000000000005,40.1599905952918,1.426,608.902,0,True,False
7198,300.0,0.418,61.65216439442916,1.486,621.1479999999999,0,False,True
7199,300.0,0.345,39.896918269142795,1.53,527.85,0,False,True
7200,300.0,0.414,74.5254190586578,1.507,623.8979999999999,0,False,True
7201,300.0,0.33399999999999996,63.33008587702447,1.608,537.072,0,True,False
7202,300.0,0.406,71.19839368867585,1.474,598.444,0,True,False
7203,300.0,0.619,55.92581933263419,1.326,820.794,0,False,False
7204,299.8,0.48,54.074564662111364,1.434,688.32,0,True,False
7205,299.8,0.41700000000000004,39.91044445244318,1.526,636.3420000000001,0,False,True
7206,299.8,0.396,61.19278035214113,1.483,587.268,0,True,False
7207,299.8,0.519,60.7251082428546,1.457,756.183,1,True,False
7208,299.7,0.344,58.40510222248027,1.54,529.76,0,False,False
7209,299.8,0.29100000000000004,72.02591823412246,1.707,496.737,0,True,False
7210,299.8,0.342,76.62522000161772,1.624,555.408,0,False,True
7211,299.8,0.502,72.53948374742541,1.331,668.1619999999999,0,False,False
7212,299.8,0.40299999999999997,42.19328714034219,1.431,576.693,0,True,False
7213,299.8,0.285,66.1029754641054,1.705,485.925,0,True,False
7214,299.8,0.452,39.01615528447667,1.427,645.004,0,False,False
7215,299.9,0.41200000000000003,69.73111437202382,1.625,669.5,0,True,False
7216,299.9,0.47700000000000004,54.09195482805633,1.477,704.5290000000001,0,False,False
7217,300.0,0.281,41.62494781331433,1.651,463.93100000000004,0,False,False
7218,299.9,0.282,78.1025428488064,1.716,483.912,0,False,False
7219,299.9,0.48700000000000004,65.70041695194686,1.4,681.8,0,False,True
7220,299.8,0.377,52.73624839737637,1.556,586.6120000000001,1,False,True
7221,299.8,0.426,36.53635898252497,1.429,608.754,0,False,True
7222,299.7,0.496,61.86551295018053,1.433,710.768,0,True,False
7223,299.8,0.617,81.16129392431162,1.32,814.44,0,True,False
7224,299.8,0.516,64.8189916351183,1.374,708.984,0,True,False
7225,299.8,0.31,83.58253023097465,1.598,495.38,0,False,True
7226,299.8,0.218,41.822555913522926,1.91,416.38,0,False,True
7227,299.7,0.513,63.415255229741845,1.399,717.687,0,False,True
7228,299.7,0.271,74.90625240032148,1.72,466.12,0,True,False
7229,299.8,0.474,61.27703655628581,1.368,648.432,0,False,True
7230,299.8,0.33399999999999996,39.55331779937363,1.749,584.1659999999999,1,False,False
7231,299.8,0.39399999999999996,64.14430007736088,1.542,607.548,0,True,False
7232,299.8,0.366,65.58689529212359,1.553,568.398,0,False,False
7233,299.9,0.42100000000000004,71.43546242376763,1.639,690.0190000000001,0,True,False
7234,299.9,0.45899999999999996,73.0605757582737,1.447,664.173,0,False,False
7235,299.8,0.48100000000000004,73.53863441053036,1.397,671.957,0,True,False
7236,299.8,0.5379999999999999,68.17221968194829,1.361,732.2180000000001,0,False,False
7237,299.8,0.371,45.79055932093291,1.46,541.66,1,False,False
7238,299.8,0.337,55.21178779197397,1.632,549.984,0,False,True
7239,299.8,0.36,73.80649863071993,1.697,610.92,0,False,False
7240,299.8,0.42,82.67134917004066,1.553,652.26,0,False,False
7241,299.9,0.563,38.9473482418311,1.362,766.8059999999999,0,False,True
7242,299.9,0.42100000000000004,61.776833889859745,1.484,624.764,1,False,True
7243,299.9,0.514,50.626113566215324,1.447,743.758,0,True,False
7244,300.0,0.512,46.26969471584149,1.393,713.216,1,False,False
7245,300.0,0.26899999999999996,60.290534175985755,1.76,473.44,0,True,False
7246,300.0,0.34600000000000003,65.30446702782683,1.477,511.04200000000003,0,True,False
7247,299.9,0.29100000000000004,35.488611570974065,1.681,489.17100000000005,1,False,False
7248,300.0,0.535,74.01032861005955,1.314,702.99,0,False,True
7249,300.0,0.28,75.99410656297238,1.762,493.36,0,True,False
7250,299.9,0.447,83.27554122839665,1.402,626.694,0,False,True
7251,300.1,0.42,44.032186661234746,1.429,600.18,0,False,True
7252,300.2,0.401,64.72762811804739,1.448,580.648,0,False,True
7253,300.2,0.429,56.33126867381972,1.501,643.929,0,True,False
7254,300.3,0.391,51.741392577767535,1.522,595.1020000000001,0,False,True
7255,300.3,0.375,63.281672571875234,1.493,559.875,0,True,False
7256,300.2,0.294,74.1191546611775,1.704,500.976,1,False,False
7257,300.2,0.425,36.15263917226051,1.408,598.4,0,True,False
7258,300.2,0.418,83.47000562830934,1.518,634.5239999999999,0,True,False
7259,300.3,0.259,75.49407928528554,1.742,451.17799999999994,0,False,False
7260,300.4,0.43,72.55768518227893,1.5,645.0,0,False,False
7261,300.4,0.145,73.01936910902518,2.424,351.48,0,True,False
7262,300.4,0.251,54.45303548093263,1.818,456.31800000000004,0,True,False
7263,300.4,0.35600000000000004,72.58102754224069,1.545,550.02,0,False,False
7264,300.4,0.469,54.33851043014788,1.429,670.2009999999999,0,True,False
7265,300.4,0.449,79.93534147873964,1.448,650.1519999999999,0,False,True
7266,300.4,0.48700000000000004,43.86111916532349,1.384,674.008,0,True,False
7267,300.4,0.32799999999999996,49.617371210757575,1.578,517.584,0,True,False
7268,300.5,0.267,62.566877134953806,1.695,452.565,0,True,False
7269,300.5,0.36200000000000004,50.960551794363624,1.543,558.566,0,False,False
7270,300.4,0.33399999999999996,56.21186226476367,1.54,514.36,0,True,False
7271,300.2,0.258,59.621134469929736,1.808,466.464,0,True,False
7272,300.3,0.49700000000000005,77.81766744067544,1.293,642.6210000000001,0,False,True
7273,300.2,0.595,61.15961268043464,1.202,715.19,1,False,False
7274,300.2,0.292,53.122992430728026,1.704,497.568,0,True,False
7275,300.2,0.381,47.38680820175579,1.478,563.118,0,False,False
7276,300.2,0.387,55.43379893960986,1.514,585.918,0,False,True
7277,300.1,0.488,60.78680522071849,1.35,658.8,0,True,False
7278,300.1,0.542,72.30574286016181,1.475,799.45,0,True,False
7279,300.0,0.287,41.052438808616934,1.714,491.91799999999995,1,False,True
7280,300.0,0.409,46.08045941195755,1.465,599.185,0,False,False
7281,299.9,0.696,53.982700793433665,1.288,896.4479999999999,0,False,False
7282,300.0,0.297,53.019920255975734,1.675,497.475,0,True,False
7283,300.0,0.364,54.58740438026059,1.486,540.904,0,True,False
7284,300.0,0.5870000000000001,74.67606323201622,1.443,847.041,0,False,False
7285,300.1,0.5710000000000001,51.207720148108656,1.345,767.995,0,True,False
7286,300.2,0.617,60.09490902013323,1.202,741.6340000000001,1,False,False
7287,300.1,0.371,66.19535164289482,1.48,549.08,0,False,False
7288,300.2,0.35700000000000004,46.608927509180255,1.53,546.21,0,True,False
7289,300.2,0.20800000000000002,70.93476935737695,1.983,412.464,1,False,True
7290,300.3,0.5379999999999999,62.355565986914044,1.433,770.954,0,False,True
7291,300.3,0.244,57.339058151568906,1.806,440.66399999999993,0,False,False
7292,300.2,0.467,75.4892013369157,1.416,661.2719999999999,0,True,False
7293,300.1,0.381,47.1747629592591,1.556,592.836,1,True,False
7294,300.1,0.292,79.15879853071615,1.627,475.084,0,False,False
7295,300.1,0.243,63.052436768335184,1.809,439.58700000000005,0,True,False
7296,300.1,0.574,65.4587439689829,1.329,762.8459999999999,0,False,True
7297,300.0,0.21899999999999997,78.75294820844714,1.881,411.93899999999996,0,True,False
7298,300.1,0.39799999999999996,75.8791343924668,1.5,596.9999999999999,0,False,False
7299,300.1,0.36,65.07810344109501,1.532,551.52,1,True,False
7300,300.1,0.509,72.6593851924087,1.492,759.428,0,False,False
7301,300.2,0.423,56.66597451164484,1.431,605.313,0,True,False
7302,300.1,0.39399999999999996,62.36888767498731,1.554,612.276,0,False,False
7303,300.1,0.442,38.103506835425556,1.494,660.3480000000001,1,True,False
7304,300.1,0.45399999999999996,39.49289590000234,1.374,623.7959999999999,0,False,True
7305,300.1,0.44299999999999995,76.4712702093166,1.394,617.5419999999999,1,True,False
7306,300.0,0.257,37.983582784124835,1.79,460.03,1,False,True
7307,300.1,0.45799999999999996,43.46995628163036,1.356,621.048,1,False,True
7308,300.0,0.521,74.79163294752207,1.385,721.585,1,True,False
7309,300.0,0.491,35.057297531412814,1.333,654.503,1,False,True
7310,300.0,0.449,49.12021644229321,1.505,675.745,0,True,False
7311,300.0,0.335,64.2019328913311,1.606,538.01,0,False,True
7312,300.0,0.36700000000000005,64.77249657346482,1.558,571.7860000000001,0,False,False
7313,300.0,0.524,73.85764541147367,1.412,739.888,0,True,False
7314,299.9,0.384,60.296312724608526,1.408,540.672,0,True,False
7315,299.9,0.5329999999999999,60.47009347654851,1.268,675.8439999999999,0,True,False
7316,299.9,0.5,71.26552877703503,1.47,735.0,0,False,True
7317,299.9,0.47,59.93122316331417,1.497,703.59,1,True,False
7318,299.9,0.29100000000000004,65.42455432818085,1.638,476.658,0,False,False
7319,299.9,0.439,79.88870341275255,1.535,673.865,0,False,False
7320,299.8,0.327,55.072550380618594,1.654,540.8580000000001,0,False,True
7321,299.8,0.49700000000000005,54.256253545961115,1.411,701.2669999999999,0,True,False
7322,299.8,0.235,35.17744959323856,1.911,449.085,0,False,False
7323,299.8,0.33299999999999996,65.6713130760616,1.573,523.809,1,False,False
7324,299.9,0.46299999999999997,36.4885953703566,1.479,684.7769999999999,0,False,False
7325,299.9,0.266,60.20742448641582,1.82,484.12,0,True,False
7326,299.9,0.457,75.21168945161133,1.419,648.4830000000001,0,True,False
7327,299.9,0.529,62.49605352598316,1.335,706.215,0,True,False
7328,299.9,0.39399999999999996,48.4818082608338,1.576,620.944,0,False,False
7329,300.0,0.42200000000000004,74.30842107246856,1.517,640.174,0,True,False
7330,299.9,0.34299999999999997,48.48585020412694,1.576,540.568,1,False,False
7331,299.8,0.366,71.65158904729493,1.537,562.542,0,True,False
7332,299.8,0.342,65.51292275951155,1.524,521.2080000000001,0,False,True
7333,299.8,0.237,43.49981483740006,1.805,427.785,1,False,True
7334,299.9,0.5329999999999999,80.25669374220928,1.367,728.6109999999999,1,False,False
7335,299.8,0.303,45.03218414785979,1.694,513.282,0,True,False
7336,299.9,0.499,84.47935370703348,1.328,662.672,0,True,False
7337,299.9,0.428,35.36552443274704,1.549,662.972,0,True,False
7338,299.9,0.32799999999999996,48.17416885714515,1.539,504.792,0,True,False
7339,299.8,0.38799999999999996,44.993014863709945,1.496,580.448,0,False,False
7340,299.8,0.364,35.699670508523134,1.579,574.756,0,False,False
7341,299.7,0.466,71.61839500736578,1.386,645.876,0,False,True
7342,299.7,0.377,69.67129010497982,1.505,567.3850000000001,0,True,False
7343,299.7,0.345,74.61754821774653,1.661,573.045,0,False,False
7344,299.6,0.48,47.834927323228264,1.468,704.64,1,False,False
7345,299.6,0.498,57.216758354148496,1.384,689.232,0,False,False
7346,299.6,0.605,67.95567608107737,1.381,835.505,0,True,False
7347,299.6,0.47,56.98842519440718,1.469,690.43,0,False,False
7348,299.6,0.366,69.86628851589579,1.627,595.4820000000001,0,False,False
7349,299.7,0.40399999999999997,66.6986704220221,1.462,590.6479999999999,0,False,False
7350,299.7,0.365,40.732390151108824,1.633,596.045,0,False,True
7351,299.7,0.395,74.05215605384839,1.469,580.255,0,True,False
7352,299.7,0.434,71.0338179546259,1.458,632.7719999999999,0,True,False
7353,299.7,0.428,67.79171938087026,1.44,616.3199999999999,0,False,False
7354,299.8,0.304,42.75468031355012,1.687,512.848,0,False,False
7355,299.7,0.47700000000000004,48.39982243976819,1.429,681.633,0,True,False
7356,299.6,0.341,54.65885157938002,1.588,541.508,0,False,True
7357,299.6,0.512,48.99648108282217,1.333,682.4960000000001,0,False,True
7358,299.6,0.429,46.390514533806574,1.487,637.923,0,False,True
7359,299.5,0.315,75.26788350808879,1.659,522.585,0,True,False
7360,299.4,0.43200000000000005,66.91161231801011,1.512,653.184,0,False,True
7361,299.5,0.35200000000000004,63.27360657751252,1.585,557.9200000000001,0,False,False
7362,299.5,0.385,46.29763554266269,1.502,578.27,0,False,False
7363,299.5,0.35100000000000003,80.90382811343207,1.594,559.494,0,False,False
7364,299.5,0.489,44.55915195486581,1.412,690.4680000000001,0,False,True
7365,299.5,0.517,74.74754664123385,1.402,724.8340000000001,1,False,False
7366,299.6,0.204,83.33363333526465,2.057,419.62799999999993,0,True,False
7367,299.6,0.368,71.35463646121181,1.531,563.4079999999999,0,False,False
7368,299.5,0.611,84.64293875923148,1.359,830.349,1,False,False
7369,299.6,0.3,67.55255584889733,1.62,486.0,0,True,False
7370,299.6,0.29600000000000004,45.87301718019475,1.646,487.21600000000007,0,False,True
7371,299.6,0.461,45.190974685825566,1.455,670.755,0,False,False
7372,299.6,0.44,51.22821421277382,1.512,665.28,0,False,False
7373,299.6,0.42700000000000005,35.356501011050305,1.473,628.971,0,True,False
7374,299.6,0.38,69.08492350414173,1.553,590.14,0,False,False
7375,299.5,0.504,48.43338923139138,1.379,695.016,0,True,False
7376,299.4,0.406,75.75916161463763,1.567,636.202,0,True,False
7377,299.5,0.431,52.95863252796501,1.481,638.311,0,False,False
7378,299.5,0.527,58.99782467316564,1.349,710.923,0,False,False
7379,299.5,0.524,83.28444582801846,1.388,727.312,0,False,False
7380,299.6,0.48700000000000004,47.108606152363855,1.357,660.859,0,True,False
7381,299.6,0.248,71.06270487148697,1.743,432.264,0,False,False
7382,299.7,0.431,72.75588946527085,1.495,644.345,0,True,False
7383,299.8,0.28300000000000003,46.049907876181756,1.698,480.534,0,False,True
7384,299.7,0.445,60.04984183060978,1.41,627.45,0,False,False
7385,299.7,0.36200000000000004,52.510096265648414,1.614,584.268,1,False,False
7386,299.8,0.539,73.59531217000446,1.375,741.125,0,True,False
7387,299.8,0.318,66.12416595145187,1.574,500.53200000000004,0,True,False
7388,299.8,0.446,58.79915274302735,1.423,634.658,0,False,True
7389,299.8,0.313,73.96816325238592,1.694,530.2220000000001,0,True,False
7390,299.8,0.325,46.757778500420855,1.707,554.775,0,False,False
7391,299.7,0.41200000000000003,72.68109402921795,1.49,613.8800000000001,0,False,False
7392,299.7,0.313,78.26871560464122,1.675,524.275,1,True,False
7393,299.7,0.39299999999999996,78.93107984037863,1.492,586.356,0,False,True
7394,299.7,0.354,74.1836796509802,1.594,564.276,1,False,False
7395,299.7,0.38,55.40070834991344,1.479,562.02,0,True,False
7396,299.7,0.38,84.09040113589134,1.572,597.36,0,True,False
7397,299.7,0.35100000000000003,53.979682191121995,1.616,567.216,0,True,False
7398,299.7,0.261,66.93126995512128,1.737,453.357,1,False,True
7399,299.7,0.37799999999999995,43.053708903473435,1.498,566.2439999999999,0,False,False
7400,299.6,0.35100000000000003,84.02244493181963,1.642,576.3420000000001,0,True,False
7401,299.6,0.342,70.19929609323316,1.633,558.4860000000001,1,True,False
7402,299.8,0.519,72.66887726231842,1.409,731.271,0,False,False
7403,299.8,0.435,38.28883517055723,1.463,636.405,0,False,False
7404,299.8,0.486,73.17089071103359,1.376,668.7360000000001,0,False,False
7405,299.8,0.322,73.73617146103007,1.553,500.06600000000003,0,True,False
7406,299.8,0.35200000000000004,68.5886363181115,1.53,538.5600000000001,1,True,False
7407,299.8,0.40700000000000003,49.59548068951718,1.545,628.815,0,False,False
7408,299.8,0.47200000000000003,59.484502108044076,1.427,673.5440000000001,0,False,True
7409,299.9,0.511,40.521718565435826,1.292,660.212,0,True,False
7410,299.8,0.17600000000000002,58.57935332295763,2.084,366.784,0,False,False
7411,299.9,0.276,47.19119263002024,1.747,482.172,0,False,False
7412,300.0,0.478,52.4548493247041,1.425,681.15,0,False,False
7413,300.0,0.336,43.130020420184934,1.637,550.032,0,True,False
7414,300.1,0.35200000000000004,46.50271838734485,1.616,568.832,0,False,True
7415,300.1,0.33399999999999996,38.82843209100581,1.619,540.746,0,False,False
7416,300.1,0.391,80.99506832184608,1.489,582.1990000000001,0,False,False
7417,300.1,0.424,61.52053439877017,1.452,615.6479999999999,0,True,False
7418,300.1,0.41,54.83709856313698,1.495,612.95,0,True,False
7419,300.2,0.397,61.7514606384392,1.427,566.519,0,True,False
7420,300.1,0.36200000000000004,66.41466142407764,1.572,569.064,1,False,False
7421,300.1,0.4,81.09393966846746,1.547,618.8,0,True,False
7422,300.1,0.485,43.934647614315665,1.342,650.87,0,False,False
7423,300.0,0.441,49.77762493176088,1.351,595.7909999999999,0,True,False
7424,300.0,0.473,83.78946681720574,1.407,665.511,0,False,False
7425,300.1,0.298,53.55964933242622,1.575,469.35,0,False,False
7426,300.0,0.24100000000000002,36.12808253786638,1.791,431.6310000000001,0,True,False
7427,300.0,0.29,42.38217463185794,1.692,490.68,0,True,False
7428,300.0,0.319,36.3169350874276,1.634,521.246,0,True,False
7429,300.0,0.233,84.49615712103642,1.864,434.31200000000007,0,False,False
7430,300.0,0.336,48.94354244956115,1.59,534.24,0,False,False
7431,300.0,0.461,81.17713784681129,1.384,638.024,0,True,False
7432,300.0,0.618,84.79431378798579,1.352,835.536,0,False,False
7433,300.1,0.431,64.99206105715571,1.484,639.604,0,True,False
7434,300.1,0.21899999999999997,36.65981575327809,1.913,418.94699999999995,0,True,False
7435,300.0,0.382,39.07958151934635,1.508,576.056,0,True,False
7436,299.9,0.40700000000000003,59.07945275539389,1.504,612.128,0,False,True
7437,300.0,0.41200000000000003,55.3086006455743,1.487,612.644,0,True,False
7438,299.8,0.3,65.30886528908837,1.727,518.1,0,True,False
7439,299.9,0.275,56.9423904855682,1.647,452.925,0,True,False
7440,300.0,0.414,81.70384246357422,1.493,618.102,1,True,False
7441,300.0,0.29600000000000004,61.73698577067555,1.655,489.88,0,False,False
7442,299.9,0.5479999999999999,69.6863030731221,1.337,732.6759999999999,0,True,False
7443,300.0,0.369,79.82426363212483,1.601,590.7689999999999,1,True,False
7444,300.1,0.379,42.34359379166037,1.589,602.231,0,False,False
7445,300.2,0.551,46.48673270592643,1.286,708.586,0,True,False
7446,300.2,0.413,40.365933023700755,1.553,641.3889999999999,0,False,False
7447,300.2,0.51,41.98191996149561,1.379,703.29,1,False,False
7448,300.3,0.308,60.62919834671166,1.677,516.516,0,True,False
7449,300.3,0.384,51.0589629483732,1.488,571.3919999999999,0,False,False
7450,300.3,0.45899999999999996,56.15864197633775,1.418,650.862,0,True,False
7451,300.3,0.41,84.1244915897031,1.451,594.91,0,False,False
7452,300.3,0.431,42.83521738979741,1.508,649.948,0,False,False
7453,300.3,0.336,62.04060353990378,1.579,530.544,0,True,False
7454,300.3,0.47700000000000004,39.94355775268255,1.432,683.0640000000001,0,False,False
7455,300.2,0.473,50.92481566319393,1.446,683.9580000000001,0,False,True
7456,300.2,0.395,61.376296183729934,1.597,630.815,0,False,True
7457,300.2,0.502,82.3315872982669,1.397,701.2940000000001,0,False,False
7458,300.1,0.366,54.56141106417415,1.53,559.98,0,False,False
7459,300.1,0.514,38.24533481073349,1.433,736.562,0,True,False
7460,300.0,0.32,54.40807239801585,1.591,509.12,1,True,False
7461,300.0,0.41600000000000004,42.28705879369889,1.445,601.12,0,False,False
7462,300.0,0.28300000000000003,46.49948066457226,1.749,494.96700000000004,0,True,False
7463,300.0,0.304,65.90453115824953,1.703,517.712,0,False,True
7464,300.1,0.469,38.37119331018408,1.518,711.942,0,True,False
7465,300.1,0.423,58.23618781250187,1.535,649.305,0,True,False
7466,300.1,0.521,65.47307930053822,1.39,724.19,0,True,False
7467,300.3,0.23600000000000002,56.09291961837484,1.801,425.03600000000006,0,False,True
7468,300.3,0.41600000000000004,35.95631753118652,1.463,608.6080000000001,0,False,False
7469,300.3,0.377,84.27596784514327,1.56,588.1200000000001,0,False,False
7470,300.3,0.335,53.35578836702676,1.607,538.345,0,True,False
7471,300.4,0.546,73.92885934666334,1.332,727.2719999999999,0,False,True
7472,300.3,0.5329999999999999,51.282324609372665,1.365,727.545,1,True,False
7473,300.3,0.325,58.750837849670944,1.617,525.525,0,False,True
7474,300.3,0.628,54.423182130549826,1.304,818.9119999999999,0,False,False
7475,300.3,0.223,52.126961475480385,1.989,443.547,0,True,False
7476,300.3,0.534,36.09256886038894,1.339,715.026,0,False,False
7477,300.2,0.418,53.00104689272517,1.492,623.656,0,False,False
7478,300.1,0.402,79.4744995199765,1.518,610.2360000000001,0,True,False
7479,300.1,0.395,69.51966692968418,1.479,584.205,0,False,True
7480,300.1,0.341,42.27114295477199,1.523,519.3430000000001,0,False,False
7481,300.2,0.353,64.55775023113696,1.57,554.2099999999999,0,True,False
7482,300.2,0.361,79.61154299744358,1.506,543.6659999999999,0,True,False
7483,300.2,0.475,70.00170204824278,1.51,717.25,0,False,False
7484,300.2,0.28800000000000003,42.434219617834835,1.671,481.24800000000005,0,False,False
7485,300.3,0.534,78.39162483672484,1.312,700.6080000000001,0,False,False
7486,300.3,0.38799999999999996,50.07720066444327,1.595,618.8599999999999,0,False,False
7487,300.3,0.318,57.70380721561709,1.635,519.93,0,False,False
7488,300.3,0.336,61.30713798445732,1.707,573.552,0,False,True
7489,300.3,0.435,77.52533021890977,1.545,672.075,0,False,False
7490,300.2,0.28,81.58037475738305,1.751,490.28,0,False,True
7491,300.4,0.3,81.4826438895278,1.707,512.1,0,True,False
7492,300.4,0.579,35.39770906392703,1.32,764.28,1,True,False
7493,300.3,0.514,81.09442427927286,1.319,677.9659999999999,0,True,False
7494,300.2,0.542,37.719348300078614,1.448,784.816,0,False,False
7495,300.2,0.48200000000000004,48.28868284087177,1.436,692.1519999999999,0,False,True
7496,300.3,0.34,60.74939273639164,1.609,547.06,0,True,False
7497,300.2,0.445,58.996284450219704,1.464,651.48,0,True,False
7498,300.3,0.451,65.23548969436959,1.483,668.8330000000001,0,False,True
7499,300.2,0.285,58.97231143685029,1.748,498.18,1,True,False
7500,300.3,0.263,81.71878398202104,1.746,459.19800000000004,1,False,False
7501,300.2,0.514,47.02744241072935,1.41,724.74,1,False,False
7502,300.2,0.308,48.70123470192429,1.64,505.12,0,False,True
7503,300.3,0.299,81.03689678465281,1.655,494.845,1,True,False
7504,300.3,0.289,38.836975687262814,1.646,475.69399999999996,0,True,False
7505,300.4,0.42,65.47804109524048,1.589,667.38,0,False,False
7506,300.5,0.39399999999999996,69.08679760328053,1.546,609.1239999999999,0,False,True
7507,300.5,0.418,60.27708617148697,1.511,631.598,0,False,False
7508,300.5,0.28300000000000003,69.71159394115686,1.75,495.25,0,True,False
7509,300.5,0.275,43.63773230059835,1.73,475.75,0,False,False
7510,300.6,0.601,77.631611638577,1.372,824.572,0,False,True
7511,300.5,0.389,42.00128447349428,1.524,592.836,0,False,True
7512,300.4,0.361,55.04062221578749,1.601,577.961,0,False,True
7513,300.5,0.344,38.76288006541029,1.636,562.784,0,True,False
7514,300.4,0.149,62.26055394087001,2.261,336.889,1,True,False
7515,300.4,0.32299999999999995,68.48729037128196,1.636,528.428,0,False,False
7516,300.4,0.583,82.06108175476453,1.335,778.305,0,False,True
7517,300.3,0.575,71.96680979480004,1.236,710.7,0,True,False
7518,300.3,0.473,62.05514582270756,1.445,683.485,1,True,False
7519,300.2,0.408,81.63085085851668,1.5,611.9999999999999,0,False,True
7520,300.2,0.21,58.92184190204382,1.999,419.79,0,True,False
7521,300.2,0.355,63.06028265494347,1.529,542.795,0,True,False
7522,300.2,0.40700000000000003,64.80492638350479,1.467,597.069,1,False,False
7523,300.1,0.54,55.49898629432835,1.334,720.36,0,False,False
7524,300.1,0.462,76.9241345282912,1.343,620.466,0,False,False
7525,300.2,0.311,44.25879694225296,1.639,509.72900000000004,0,True,False
7526,300.1,0.491,62.7421095185804,1.383,679.053,1,False,False
7527,300.1,0.314,71.1116628093597,1.66,521.24,0,False,False
7528,300.1,0.452,80.19880859382886,1.47,664.44,0,False,False
7529,300.1,0.266,79.19591982171391,1.748,464.968,0,False,False
7530,300.1,0.35700000000000004,60.4370144715071,1.467,523.719,0,True,False
7531,300.1,0.39299999999999996,67.15807255816708,1.617,635.481,0,True,False
7532,300.1,0.5670000000000001,54.71188680646505,1.377,780.7590000000001,0,True,False
7533,300.0,0.321,58.408888144010014,1.629,522.909,1,True,False
7534,300.0,0.379,80.31328962865248,1.504,570.016,0,False,False
7535,300.0,0.473,81.5351996596237,1.418,670.7139999999999,1,False,True
7536,300.0,0.317,79.77070290335098,1.629,516.3929999999999,0,False,False
7537,300.1,0.125,41.91854309068191,2.579,322.375,1,False,True
7538,300.1,0.647,77.5042010665318,1.305,844.335,0,True,False
7539,300.2,0.385,82.41818655107402,1.45,558.25,0,False,False
7540,300.2,0.369,53.06248472868023,1.487,548.703,0,True,False
7541,300.2,0.312,60.93231447108346,1.587,495.144,0,True,False
7542,300.3,0.409,73.9547627906498,1.528,624.952,0,True,False
7543,300.4,0.499,63.10390687828244,1.401,699.0989999999999,0,False,False
7544,300.3,0.45,84.67417608531247,1.446,650.7,0,False,True
7545,300.2,0.442,57.78566825784142,1.425,629.85,0,True,False
7546,300.2,0.226,70.69713556036888,1.891,427.36600000000004,0,True,False
7547,300.2,0.428,74.62955700982721,1.454,622.312,0,False,True
7548,300.1,0.409,59.70502078792197,1.43,584.87,0,True,False
7549,300.2,0.436,77.8491902855688,1.495,651.82,0,False,True
7550,300.3,0.41600000000000004,62.30772956035982,1.544,642.304,0,False,False
7551,300.3,0.34299999999999997,55.582539840081566,1.554,533.0219999999999,0,False,True
7552,300.2,0.373,40.39118369259735,1.491,556.1429999999999,0,False,False
7553,300.3,0.40700000000000003,54.67067881752121,1.525,620.6750000000001,0,False,False
7554,300.3,0.396,71.69682273666422,1.505,595.98,0,False,False
7555,300.3,0.502,81.06432058400537,1.371,688.242,0,False,False
7556,300.3,0.605,47.58397019301552,1.332,805.86,0,False,False
7557,300.3,0.37,52.76177586652513,1.471,544.27,0,True,False
7558,300.4,0.273,42.69804970522131,1.75,477.75,0,False,False
7559,300.3,0.48100000000000004,69.53614471144844,1.386,666.666,0,False,False
7560,300.4,0.562,83.00942150049627,1.355,761.51,0,False,True
7561,300.3,0.5379999999999999,67.04761099240878,1.377,740.8259999999999,0,False,False
7562,300.3,0.494,65.85382650031131,1.388,685.672,0,False,False
7563,300.3,0.5870000000000001,62.674496525021695,1.35,792.45,0,True,False
7564,300.4,0.23399999999999999,39.42278703427682,1.831,428.45399999999995,0,False,False
7565,300.3,0.652,71.47519132146918,1.381,900.4119999999999,0,False,False
7566,300.3,0.256,65.10247717746753,1.783,456.44800000000004,0,False,True
7567,300.3,0.34700000000000003,68.07383844281435,1.613,559.711,0,False,True
7568,300.2,0.147,79.94055465137109,2.37,348.39,0,True,False
7569,300.2,0.337,74.19803935305089,1.627,548.299,0,False,True
7570,300.2,0.718,74.0457626077263,1.255,901.09,1,True,False
7571,300.2,0.275,81.35918844396738,1.777,488.675,0,True,False
7572,300.3,0.309,84.49674757314997,1.606,496.25399999999996,0,False,False
7573,300.3,0.28600000000000003,64.06413659805298,1.676,479.33600000000007,0,True,False
7574,300.3,0.371,40.444080801558286,1.605,595.455,0,False,False
7575,300.4,0.374,57.95649538877182,1.487,556.1379999999999,0,True,False
7576,300.4,0.465,74.38005732308221,1.471,684.015,0,True,False
7577,300.3,0.442,36.38626623809246,1.477,652.8340000000001,1,False,False
7578,300.4,0.32,37.84437191780745,1.53,489.6,0,False,False
7579,300.4,0.289,38.35788911914106,1.673,483.49699999999996,0,False,True
7580,300.4,0.568,71.55178791641555,1.436,815.648,0,False,False
7581,300.4,0.512,60.0583314281586,1.495,765.44,1,False,False
7582,300.4,0.561,53.44489717602968,1.366,766.326,0,True,False
7583,300.4,0.45299999999999996,40.2808522630868,1.489,674.5169999999999,0,True,False
7584,300.3,0.466,71.61201251029445,1.48,689.68,1,True,False
7585,300.4,0.373,51.05099052754498,1.472,549.056,0,False,False
7586,300.4,0.508,48.266203503233356,1.397,709.6759999999999,0,False,False
7587,300.4,0.355,67.61596007767756,1.589,564.095,0,False,False
7588,300.4,0.541,62.950544629842085,1.405,760.105,0,False,False
7589,300.4,0.201,53.12053209066508,2.013,404.61300000000006,1,False,False
7590,300.4,0.26,67.0743735402794,1.802,468.52,1,True,False
7591,300.4,0.461,48.56107601920591,1.433,660.613,1,True,False
7592,300.5,0.613,74.74151308021634,1.296,794.448,0,False,True
7593,300.5,0.366,46.465947515382695,1.551,567.666,0,False,False
7594,300.5,0.675,42.94188476910078,1.27,857.25,0,False,True
7595,300.6,0.385,74.12197047494374,1.531,589.435,0,True,False
7596,300.5,0.452,70.39460153489665,1.397,631.444,0,False,True
7597,300.5,0.37200000000000005,44.13194878508992,1.547,575.484,0,True,False
7598,300.5,0.18899999999999997,40.8122876344969,2.074,391.986,0,True,False
7599,300.5,0.426,76.9199544243346,1.491,635.1659999999999,1,False,True
7600,300.5,0.28300000000000003,73.8299241098344,1.759,497.797,0,True,False
7601,300.4,0.354,51.36286868498321,1.595,564.63,0,False,False
7602,300.4,0.62,67.90987041066833,1.351,837.62,0,True,False
7603,300.4,0.287,41.20800932739054,1.705,489.335,0,False,False
7604,300.4,0.436,60.352382952383905,1.406,613.016,0,False,True
7605,300.4,0.34600000000000003,35.936514603020996,1.639,567.094,1,True,False
7606,300.4,0.203,54.580094046077775,2.026,411.278,0,False,False
7607,300.4,0.565,38.74214107357025,1.35,762.75,0,True,False
7608,300.5,0.41100000000000003,58.75735900784413,1.468,603.3480000000001,0,False,False
7609,300.5,0.271,56.08408234264472,1.642,444.982,0,True,False
7610,300.5,0.418,57.2192513319028,1.49,622.8199999999999,0,True,False
7611,300.5,0.434,37.2665651023997,1.507,654.038,0,True,False
7612,300.5,0.327,53.08081706409162,1.611,526.797,0,True,False
7613,300.5,0.276,72.82419245499582,1.743,481.06800000000004,0,False,True
7614,300.5,0.46299999999999997,53.44571866768101,1.475,682.925,0,True,False
7615,300.5,0.475,70.75859763047903,1.432,680.2,0,True,False
7616,300.5,0.47,53.47393618168666,1.442,677.74,0,False,False
7617,300.6,0.40399999999999997,56.16197207450932,1.468,593.072,0,True,False
7618,300.5,0.45299999999999996,63.194605641463305,1.556,704.8679999999999,0,False,False
7619,300.5,0.514,82.53409684035412,1.312,674.368,0,False,True
7620,300.6,0.47,40.44302233233276,1.459,685.73,0,False,False
7621,300.5,0.369,36.64568843305869,1.651,609.2189999999999,0,False,True
7622,300.5,0.384,65.39785919050226,1.49,572.16,0,False,False
7623,300.6,0.315,82.45485444642131,1.473,463.995,0,True,False
7624,300.6,0.299,84.48615662773574,1.734,518.466,0,False,False
7625,300.6,0.455,59.20821236960009,1.507,685.685,0,False,False
7626,300.6,0.349,58.40408105425492,1.556,543.044,0,False,False
7627,300.5,0.535,67.24818853725981,1.351,722.785,0,False,True
7628,300.5,0.44799999999999995,62.78173786024849,1.445,647.3599999999999,0,False,False
7629,300.5,0.327,66.70440288070591,1.619,529.413,0,False,True
7630,300.5,0.64,78.69997127689471,1.269,812.16,0,False,True
7631,300.5,0.377,72.31530847438046,1.534,578.318,0,False,False
7632,300.5,0.493,59.84386958433978,1.444,711.8919999999999,0,False,False
7633,300.5,0.268,58.09322295000848,1.744,467.39200000000005,1,True,False
7634,300.4,0.446,66.9800874256558,1.441,642.686,0,False,True
7635,300.3,0.40700000000000003,57.78531422101487,1.506,612.942,0,False,False
7636,300.3,0.385,57.888967563281994,1.526,587.51,0,True,False
7637,300.4,0.297,35.81529508932524,1.704,506.08799999999997,0,True,False
7638,300.4,0.524,43.70320687036542,1.445,757.18,0,False,False
7639,300.5,0.359,59.425681999787656,1.661,596.299,0,True,False
7640,300.5,0.418,76.13267295251845,1.466,612.788,1,True,False
7641,300.4,0.35100000000000003,48.936350336356206,1.608,564.408,0,False,False
7642,300.4,0.573,61.132171656557446,1.352,774.6959999999999,0,True,False
7643,300.4,0.317,52.24810423796161,1.604,508.46799999999996,0,False,False
7644,300.4,0.507,40.24019947697945,1.427,723.489,0,True,False
7645,300.4,0.446,82.91492415356504,1.424,635.104,0,True,False
7646,300.4,0.293,77.73369351251509,1.662,486.966,0,False,False
7647,300.4,0.239,38.92462122334532,1.936,462.70399999999995,0,False,False
7648,300.4,0.317,70.98936312341422,1.728,547.776,0,True,False
7649,300.4,0.28800000000000003,52.37899521787501,1.552,446.976,0,True,False
7650,300.4,0.29,84.74249035308964,1.662,481.98,0,False,False
7651,300.3,0.5770000000000001,50.11992599144888,1.343,774.9110000000001,0,True,False
7652,300.4,0.326,46.93692226813,1.476,481.176,0,True,False
7653,300.3,0.511,63.39452741527026,1.346,687.806,0,True,False
7654,300.4,0.446,76.7563081671602,1.492,665.432,0,False,True
7655,300.3,0.415,44.6259435909899,1.54,639.1,0,False,True
7656,300.4,0.325,70.47013848596657,1.596,518.7,0,False,True
7657,300.5,0.478,38.070329157056086,1.541,736.5979999999998,0,False,False
7658,300.5,0.3,80.94673715552486,1.661,498.3,0,False,False
7659,300.4,0.5539999999999999,39.05374580736494,1.359,752.886,1,False,False
7660,300.5,0.424,80.71156881720813,1.528,647.872,0,False,False
7661,300.5,0.529,59.54036247263514,1.246,659.1339999999999,0,True,False
7662,300.5,0.325,57.40455563979599,1.575,511.875,0,False,False
7663,300.5,0.304,83.66535397501883,1.658,504.032,0,False,True
7664,300.5,0.5479999999999999,84.51920888491095,1.385,758.98,0,False,False
7665,300.5,0.503,67.50890629805059,1.454,731.362,0,True,False
7666,300.5,0.405,41.35596459285242,1.497,606.285,0,True,False
7667,300.6,0.508,60.308504282760126,1.424,723.3919999999999,0,False,False
7668,300.6,0.439,61.45815504778312,1.528,670.7919999999999,0,False,False
7669,300.6,0.37,60.72232140676549,1.539,569.43,0,False,True
7670,300.7,0.584,63.474591926000485,1.336,780.2239999999999,0,True,False
7671,300.5,0.376,35.93623568971953,1.525,573.4,0,False,True
7672,300.5,0.511,70.56136407352511,1.456,744.0160000000001,0,False,False
7673,300.5,0.172,70.6197150976494,2.141,368.25199999999995,0,False,True
7674,300.5,0.391,40.773488758894395,1.476,577.116,0,False,False
7675,300.5,0.47200000000000003,63.51197212229003,1.509,712.248,1,False,False
7676,300.5,0.45399999999999996,63.41805912178873,1.447,656.938,0,False,False
7677,300.6,0.491,69.12252100952,1.448,710.9680000000001,0,False,False
7678,300.6,0.526,39.269884606754054,1.428,751.128,0,False,True
7679,300.6,0.521,66.32516536330482,1.389,723.6690000000001,0,True,False
7680,300.7,0.324,49.037597537317055,1.635,529.74,0,True,False
7681,300.7,0.43700000000000006,60.3501495248086,1.395,609.6150000000001,0,False,True
7682,300.7,0.43700000000000006,73.66617763520384,1.443,630.591,0,False,False
7683,300.7,0.491,70.28229681815066,1.412,693.2919999999999,0,False,False
7684,300.7,0.435,40.94515088389967,1.524,662.94,1,False,False
7685,300.7,0.424,64.55923935580367,1.407,596.568,0,True,False
7686,300.8,0.435,83.45582654703693,1.397,607.695,0,False,True
7687,300.7,0.369,42.83847186675011,1.504,554.976,0,False,False
7688,300.7,0.18899999999999997,77.64535438627075,2.097,396.33299999999997,0,True,False
7689,300.6,0.39799999999999996,70.12740402768884,1.553,618.0939999999999,0,True,False
7690,300.6,0.392,73.70016564548798,1.432,561.344,0,False,True
7691,300.5,0.365,49.09791635713228,1.577,575.605,0,True,False
7692,300.5,0.561,49.39444646899212,1.37,768.57,0,False,True
7693,300.5,0.36200000000000004,80.3009727888244,1.506,545.172,0,True,False
7694,300.6,0.214,52.99160160462793,1.964,420.296,0,False,False
7695,300.6,0.36700000000000005,38.150769534640524,1.5,550.5000000000001,0,False,True
7696,300.6,0.47700000000000004,65.0298351789725,1.488,709.7760000000001,0,False,False
7697,300.6,0.602,41.240883452092135,1.282,771.7640000000001,1,False,False
7698,300.5,0.451,74.8298120703954,1.4,631.4,0,False,False
7699,300.6,0.386,67.08732212505288,1.419,547.734,0,True,False
7700,300.7,0.406,78.73632526106041,1.441,585.0459999999999,0,True,False
7701,300.7,0.625,74.24186248913176,1.348,842.5,0,False,True
7702,300.8,0.387,40.60568241690981,1.468,568.1160000000001,1,False,True
7703,300.7,0.308,54.05353382172112,1.701,523.908,0,False,False
7704,300.7,0.23600000000000002,73.72801249572936,1.864,439.904,0,True,False
7705,300.6,0.318,55.86707366331629,1.63,518.34,0,True,False
7706,300.5,0.49700000000000005,83.61827423899891,1.316,654.052,0,True,False
7707,300.5,0.312,71.78702249467247,1.708,532.896,0,False,False
7708,300.5,0.275,35.77499583451605,1.679,461.725,0,False,True
7709,300.5,0.32299999999999995,78.99928457804182,1.709,552.007,0,False,False
7710,300.5,0.415,40.04023924342788,1.445,599.675,0,False,True
7711,300.5,0.519,42.026186209004294,1.39,721.41,0,True,False
7712,300.4,0.555,71.72462003055254,1.309,726.495,0,True,False
7713,300.5,0.376,78.24842797152401,1.499,563.624,0,True,False
7714,300.5,0.188,61.817481394977804,2.072,389.536,0,False,False
7715,300.5,0.43,49.45248664728896,1.487,639.41,0,True,False
7716,300.5,0.496,52.56577726265878,1.302,645.792,0,False,True
7717,300.5,0.48200000000000004,52.1444664798028,1.378,664.196,1,True,False
7718,300.5,0.53,51.33390519047561,1.365,723.45,0,False,True
7719,300.6,0.446,47.14548359108249,1.427,636.442,0,False,False
7720,300.6,0.33299999999999996,65.44335473146165,1.535,511.1549999999999,0,False,True
7721,300.5,0.41700000000000004,80.02026592825337,1.476,615.4920000000001,0,False,False
7722,300.5,0.424,50.35412065416706,1.425,604.2,0,False,True
7723,300.5,0.547,44.3347148730706,1.409,770.7230000000001,0,True,False
7724,300.5,0.302,76.92888331857125,1.73,522.46,0,False,False
7725,300.5,0.414,72.08916654448517,1.454,601.956,0,False,True
7726,300.6,0.26899999999999996,81.54185157799552,1.744,469.13599999999997,0,True,False
7727,300.8,0.29,43.27598678024548,1.761,510.69,0,True,False
7728,300.7,0.309,42.212565705829576,1.657,512.0129999999999,0,False,False
7729,300.7,0.47,62.07146971524983,1.42,667.4,0,False,True
7730,300.7,0.5920000000000001,65.72168274175476,1.329,786.768,0,False,False
7731,300.6,0.442,59.00867209297948,1.472,650.624,0,False,False
7732,300.6,0.301,64.94833181619377,1.566,471.36600000000004,0,True,False
7733,300.6,0.42700000000000005,44.01898844375357,1.43,610.6100000000001,0,True,False
7734,300.6,0.409,58.98068770820417,1.481,605.729,0,False,True
7735,300.6,0.294,67.90462804698339,1.67,490.98,0,True,False
7736,300.6,0.551,56.635322462435184,1.406,774.706,0,False,False
7737,300.6,0.469,68.9723667908299,1.354,635.026,0,False,True
7738,300.5,0.193,57.55956402769198,1.985,383.105,0,True,False
7739,300.5,0.608,51.679979042113864,1.263,767.904,0,False,False
7740,300.5,0.311,50.18025235435462,1.576,490.1360000000001,0,True,False
7741,300.5,0.451,55.5451029494294,1.453,655.303,1,False,False
7742,300.5,0.39,36.15448113411004,1.478,576.42,0,True,False
7743,300.5,0.579,68.42625692230568,1.323,766.0169999999999,1,False,False
7744,300.5,0.284,77.25528204901309,1.71,485.64,0,True,False
7745,300.4,0.595,52.73135472215593,1.314,781.83,0,False,False
7746,300.4,0.396,37.30165680708593,1.46,578.16,0,False,False
7747,300.4,0.45399999999999996,84.33877986927789,1.508,684.632,0,True,False
7748,300.5,0.5529999999999999,48.184912772553346,1.331,736.043,0,False,False
7749,300.4,0.474,41.33105608453865,1.515,718.11,1,True,False
7750,300.4,0.33,53.487625398651396,1.674,552.42,0,False,False
7751,300.4,0.512,71.92785203167783,1.444,739.328,0,True,False
7752,300.4,0.426,49.695829844528284,1.398,595.548,0,False,False
7753,300.4,0.242,63.73516019597439,1.832,443.344,0,True,False
7754,300.5,0.42,55.777999721857114,1.591,668.22,1,False,False
7755,300.4,0.39899999999999997,40.88819961383092,1.478,589.722,0,True,False
7756,300.4,0.47600000000000003,51.51435062460551,1.362,648.312,0,False,False
7757,300.5,0.579,71.24352528570333,1.368,792.072,0,True,False
7758,300.3,0.28300000000000003,65.60019486657228,1.723,487.60900000000004,0,False,True
7759,300.4,0.308,40.98891899417805,1.689,520.212,0,False,True
7760,300.4,0.5920000000000001,43.166120485715425,1.272,753.0240000000001,0,True,False
7761,300.4,0.33,67.03666796537227,1.511,498.63,0,False,False
7762,300.4,0.308,75.67077071604345,1.715,528.22,0,True,False
7763,300.3,0.43799999999999994,52.47372479790846,1.4,613.1999999999999,0,True,False
7764,300.4,0.7659999999999999,64.7655375921725,1.2,919.2,0,False,False
7765,300.4,0.387,43.532179437605265,1.555,601.7850000000001,0,False,False
7766,300.3,0.562,50.56881684526619,1.427,801.974,0,False,False
7767,300.3,0.527,36.01351028365263,1.318,694.586,0,True,False
7768,300.2,0.546,73.41379738997614,1.319,720.1740000000001,0,True,False
7769,300.2,0.209,55.050490988648335,1.96,409.64,0,True,False
7770,300.3,0.389,75.8062786826977,1.552,603.728,0,False,False
7771,300.3,0.322,70.41864980113631,1.548,498.4560000000001,0,False,False
7772,300.3,0.295,76.43721328642386,1.709,504.155,0,False,False
7773,300.3,0.41,49.28293347914414,1.464,600.24,0,True,False
7774,300.3,0.248,44.25543652139226,1.759,436.232,0,True,False
7775,300.3,0.319,83.59528413258353,1.634,521.246,0,True,False
7776,300.3,0.336,70.86638935204348,1.663,558.768,0,True,False
7777,300.3,0.473,76.70211339633352,1.445,683.485,0,True,False
7778,300.3,0.256,35.65666868549668,1.695,433.92,0,False,True
7779,300.4,0.39,52.72308101479433,1.517,591.63,0,False,True
7780,300.5,0.268,72.14083452886658,1.811,485.348,0,False,False
7781,300.4,0.235,38.899141649499164,1.815,426.525,0,False,False
7782,300.4,0.4,63.36699647844678,1.513,605.2,0,True,False
7783,300.4,0.364,56.45363837275016,1.518,552.552,0,False,True
7784,300.3,0.28800000000000003,35.880825357055365,1.667,480.096,1,True,False
7785,300.3,0.601,46.79877885597257,1.403,843.203,0,False,True
7786,300.2,0.42100000000000004,49.239599453335714,1.383,582.243,0,False,False
7787,300.3,0.462,40.592997317316126,1.466,677.2919999999999,0,True,False
7788,300.3,0.475,66.57684548713303,1.378,654.55,0,False,True
7789,300.2,0.409,47.119893812594455,1.547,632.723,0,True,False
7790,300.2,0.385,48.88097498096942,1.495,575.575,0,False,False
7791,300.1,0.293,79.91192991000737,1.729,506.59700000000004,0,False,False
7792,300.1,0.47700000000000004,58.356154634656974,1.418,676.3860000000001,1,True,False
7793,300.1,0.40399999999999997,54.60640734846362,1.485,599.94,0,False,False
7794,300.1,0.408,71.19355191573587,1.434,585.072,0,False,False
7795,300.2,0.5579999999999999,80.48068984414562,1.415,789.57,0,False,False
7796,300.1,0.29600000000000004,36.25181681187219,1.674,495.504,0,True,False
7797,300.1,0.524,57.41194232776982,1.454,761.896,1,False,True
7798,300.0,0.39,65.53906780389737,1.476,575.64,0,True,False
7799,300.0,0.28300000000000003,50.92815490629948,1.812,512.7959999999999,0,True,False
7800,300.0,0.419,73.62038610616209,1.374,575.706,0,True,False
7801,300.1,0.406,83.57385351351368,1.524,618.744,0,True,False
7802,300.0,0.496,82.17136831251416,1.383,685.9680000000001,0,True,False
7803,299.9,0.5820000000000001,48.29912696899709,1.429,831.678,0,False,True
7804,299.8,0.41200000000000003,46.3169139218743,1.517,625.004,0,True,False
7805,299.9,0.449,82.87452655106105,1.48,664.52,0,True,False
7806,299.9,0.28800000000000003,57.93142437157329,1.706,491.32800000000003,0,True,False
7807,300.0,0.486,45.41488615423459,1.349,655.614,0,False,False
7808,300.0,0.49,70.34984818152091,1.451,710.99,0,False,True
7809,299.9,0.36700000000000005,49.22101619518958,1.627,597.109,0,True,False
7810,300.0,0.354,48.36234875355262,1.537,544.098,0,True,False
7811,300.1,0.17,78.96245215388925,2.218,377.06,0,True,False
7812,300.0,0.39,43.12395766884517,1.466,571.74,0,True,False
7813,300.0,0.32,38.21964732331182,1.666,533.12,1,True,False
7814,300.0,0.41700000000000004,48.459322008584365,1.455,606.7350000000001,0,False,False
7815,300.0,0.24600000000000002,65.34727064191019,1.927,474.04200000000003,0,True,False
7816,299.9,0.284,41.15439267016353,1.703,483.652,0,False,False
7817,299.8,0.359,58.579733613839686,1.533,550.347,0,True,False
7818,299.8,0.254,66.36685552126599,1.785,453.39,0,False,True
7819,299.8,0.166,77.4368496296587,2.142,355.57200000000006,0,False,True
7820,299.8,0.462,46.49347956011272,1.369,632.4780000000001,0,False,False
7821,299.8,0.292,75.86731616913947,1.706,498.152,0,True,False
7822,299.9,0.244,46.745313056561926,1.802,439.68799999999993,0,True,False
7823,299.9,0.418,68.83832706198203,1.413,590.6339999999999,0,False,False
7824,300.0,0.532,56.53367857412276,1.484,789.488,1,False,False
7825,299.9,0.381,40.73406211893351,1.535,584.835,0,False,False
7826,299.9,0.355,70.71317314109243,1.579,560.545,0,False,True
7827,299.8,0.642,45.88813092745089,1.3,834.6,0,False,True
7828,299.8,0.44299999999999995,43.831171301229574,1.452,643.236,0,True,False
7829,299.8,0.35700000000000004,52.91614642946916,1.562,557.634,0,False,False
7830,299.8,0.28300000000000003,67.66451223797418,1.664,470.91200000000003,0,True,False
7831,299.9,0.358,46.69982393953139,1.495,535.2099999999999,0,True,False
7832,300.0,0.426,44.183076939094285,1.533,653.058,0,False,False
7833,300.0,0.37,35.497681285668214,1.484,549.08,0,True,False
7834,300.0,0.387,58.58215485508618,1.604,620.748,1,False,True
7835,300.0,0.456,56.43227846575914,1.483,676.248,1,True,False
7836,300.1,0.34700000000000003,46.693387181868815,1.549,537.503,0,False,False
7837,300.1,0.35,37.68260820048454,1.604,561.4,0,False,False
7838,300.2,0.31,56.46279372979184,1.685,522.35,0,False,False
7839,300.2,0.49200000000000005,74.41025555358156,1.372,675.0240000000001,0,True,False
7840,300.3,0.474,70.76410656635885,1.374,651.276,0,False,True
7841,300.2,0.31,78.03974449300851,1.606,497.86,0,False,False
7842,300.1,0.47200000000000003,35.47913438565778,1.471,694.312,1,False,False
7843,300.1,0.311,83.32096584022992,1.659,515.9490000000001,0,True,False
7844,300.1,0.485,52.07061263137241,1.4,679.0,0,False,False
7845,300.1,0.426,84.51988980459824,1.503,640.278,0,False,True
7846,300.2,0.23199999999999998,47.63097303008873,1.798,417.13599999999997,0,False,False
7847,300.2,0.35,58.57681937891224,1.608,562.8,0,False,True
7848,300.2,0.509,52.69638382876518,1.322,672.898,0,False,False
7849,300.2,0.377,52.788035749715135,1.547,583.219,0,True,False
7850,300.3,0.479,77.11410493741079,1.374,658.146,0,True,False
7851,300.3,0.368,72.32094698686694,1.447,532.496,0,True,False
7852,300.4,0.47200000000000003,84.60757176150241,1.373,648.056,0,False,False
7853,300.3,0.375,65.67573413587563,1.515,568.125,0,False,True
7854,300.3,0.565,58.16283021972514,1.317,744.105,0,True,False
7855,300.3,0.37200000000000005,39.503693147344556,1.551,576.9720000000001,1,False,False
7856,300.3,0.321,84.82807097569284,1.592,511.03200000000004,1,False,False
7857,300.4,0.42200000000000004,62.57653264661414,1.433,604.7260000000001,0,False,False
7858,300.5,0.431,70.02387348450709,1.432,617.192,0,True,False
7859,300.5,0.517,55.33711935956557,1.35,697.95,0,True,False
7860,300.5,0.44799999999999995,62.385785408961794,1.37,613.7599999999999,0,True,False
7861,300.5,0.446,82.12888659464436,1.415,631.09,0,True,False
7862,300.5,0.429,43.32097189658013,1.498,642.6419999999999,0,True,False
7863,300.5,0.541,49.61862921651273,1.382,747.6619999999999,0,True,False
7864,300.5,0.445,42.60298638890162,1.511,672.395,0,False,False
7865,300.5,0.595,74.61079519023873,1.33,791.35,0,True,False
7866,300.5,0.505,38.10226302109148,1.383,698.415,0,False,True
7867,300.5,0.494,39.081582492566916,1.431,706.914,0,True,False
7868,300.5,0.381,49.92470563936843,1.461,556.641,0,True,False
7869,300.4,0.467,60.70940904605057,1.438,671.546,0,True,False
7870,300.5,0.27699999999999997,55.31374002797933,1.779,492.78299999999996,1,True,False
7871,300.6,0.523,37.24081553354036,1.293,676.2389999999999,0,False,True
7872,300.6,0.547,82.87457789354758,1.308,715.4760000000001,0,True,False
7873,300.6,0.37200000000000005,82.64347601790419,1.532,569.904,0,False,True
7874,300.7,0.386,48.96781616203799,1.47,567.42,1,False,True
7875,300.7,0.379,71.57628076342908,1.548,586.692,1,False,False
7876,300.7,0.24,63.92877056916119,1.898,455.52,0,False,False
7877,300.7,0.49,46.873834750281205,1.335,654.15,1,False,False
7878,300.7,0.5379999999999999,48.108577587080774,1.42,763.96,0,True,False
7879,300.7,0.49,59.55765871552252,1.418,694.82,0,False,False
7880,300.8,0.40299999999999997,55.961847074868004,1.535,618.6049999999999,0,True,False
7881,300.7,0.47200000000000003,49.56146641156321,1.457,687.7040000000001,0,True,False
7882,300.8,0.391,75.37557981525745,1.493,583.763,0,False,False
7883,300.7,0.273,59.073145881869245,1.67,455.91,1,False,False
7884,300.7,0.45399999999999996,67.74240311945638,1.446,656.4839999999999,0,False,True
7885,300.8,0.591,44.46367500839377,1.465,865.815,0,True,False
7886,300.7,0.363,61.67538312582434,1.59,577.17,0,False,True
7887,300.6,0.185,50.89880247233108,2.174,402.19,0,True,False
7888,300.7,0.379,61.32068051974391,1.59,602.61,0,True,False
7889,300.7,0.332,74.0412916705464,1.577,523.564,0,True,False
7890,300.7,0.617,73.44566050456308,1.371,845.9069999999999,0,False,False
7891,300.8,0.256,52.7110339017138,1.767,452.35200000000003,0,True,False
7892,300.8,0.392,69.71385585398195,1.517,594.664,0,False,False
7893,300.9,0.406,82.06449751971385,1.555,631.33,0,False,True
7894,300.9,0.43799999999999994,66.28346649624532,1.416,620.208,0,False,False
7895,300.8,0.35600000000000004,42.420506169131855,1.588,565.328,0,False,False
7896,300.8,0.5,68.98543146395475,1.422,711.0,0,False,True
7897,300.8,0.536,40.24521931746557,1.376,737.5360000000001,0,False,False
7898,300.8,0.507,78.60552043965136,1.434,727.038,0,False,False
7899,300.8,0.473,60.833024790097014,1.423,673.079,0,True,False
7900,300.9,0.525,54.25703681557898,1.364,716.1,1,False,True
7901,300.8,0.23800000000000002,37.85032973248462,1.825,434.35,0,False,False
7902,300.8,0.445,54.03918672960548,1.365,607.425,0,True,False
7903,300.7,0.47200000000000003,80.16033339578948,1.43,674.96,0,True,False
7904,300.8,0.44799999999999995,36.04914981431516,1.435,642.8799999999999,1,False,True
7905,300.8,0.251,58.73240788909025,1.811,454.56100000000004,0,True,False
7906,300.8,0.43700000000000006,81.55790455553111,1.465,640.205,0,False,True
7907,300.9,0.51,54.742049988251054,1.372,699.72,0,True,False
7908,300.8,0.263,56.40878437310752,1.858,488.654,0,False,True
7909,300.7,0.268,63.928002759955994,1.715,459.62,0,True,False
7910,300.7,0.385,58.14686667885917,1.59,612.15,1,False,False
7911,300.8,0.257,43.43008456187762,1.664,427.64799999999997,0,False,True
7912,300.7,0.369,35.92777695349302,1.512,557.928,0,False,False
7913,300.7,0.44,65.49058289893509,1.498,659.12,0,False,False
7914,300.7,0.419,81.0403293503906,1.395,584.505,0,True,False
7915,300.7,0.431,40.31820665135828,1.49,642.19,0,True,False
7916,300.8,0.35100000000000003,45.54763596263767,1.527,535.9770000000001,0,True,False
7917,300.8,0.371,53.511474291248675,1.512,560.952,0,False,False
7918,300.9,0.424,75.43711145105598,1.474,624.976,0,True,False
7919,300.8,0.413,48.46301582354888,1.505,621.5649999999999,0,True,False
7920,300.8,0.4,79.10272021393843,1.496,598.4,0,False,False
7921,300.8,0.493,37.74789373250332,1.382,681.3259999999999,0,False,False
7922,300.7,0.47700000000000004,82.04783106294674,1.419,676.863,0,False,False
7923,300.7,0.397,63.03735389368825,1.462,580.414,1,True,False
7924,300.8,0.45,67.93888392438522,1.45,652.5,0,True,False
7925,300.7,0.465,53.38447612681766,1.389,645.885,1,False,True
7926,300.7,0.282,74.09971427555303,1.697,478.55400000000003,0,True,False
7927,300.7,0.5710000000000001,43.32831250422031,1.335,762.285,0,False,True
7928,300.7,0.42,37.44559126392435,1.476,619.92,0,False,True
7929,300.6,0.436,54.77584715537786,1.497,652.692,1,False,True
7930,300.6,0.292,77.68478569905197,1.669,487.34799999999996,0,True,False
7931,300.6,0.48,72.74634183188473,1.455,698.4,0,False,True
7932,300.7,0.384,60.8577985244479,1.499,575.616,0,False,True
7933,300.7,0.419,63.60688735826767,1.478,619.2819999999999,0,False,False
7934,300.8,0.218,41.49464131493777,1.928,420.30400000000003,1,True,False
7935,300.8,0.28300000000000003,77.03407543087911,1.621,458.74300000000005,0,True,False
7936,300.8,0.44299999999999995,74.34798414820985,1.356,600.708,0,True,False
7937,300.8,0.46399999999999997,67.82351969434714,1.49,691.36,1,False,False
7938,300.8,0.314,58.30955181644693,1.578,495.49199999999996,0,False,False
7939,300.8,0.313,83.22296341397562,1.681,526.153,0,True,False
7940,300.8,0.434,78.95159859382355,1.417,614.978,0,False,False
7941,300.7,0.4,67.22152467573093,1.532,612.8,0,True,False
7942,300.7,0.389,53.590049885864396,1.499,583.111,0,False,False
7943,300.8,0.45799999999999996,65.90111393407562,1.432,655.8559999999999,0,False,True
7944,300.8,0.29,63.77204632653327,1.753,508.37,0,True,False
7945,300.8,0.49,54.712099391745824,1.414,692.86,0,True,False
7946,300.8,0.322,50.333698584403805,1.655,532.9100000000001,1,True,False
7947,300.8,0.35600000000000004,55.35053961186612,1.516,539.696,0,False,False
7948,300.8,0.455,63.69557030166989,1.426,648.83,0,False,False
7949,300.8,0.39399999999999996,56.40674223555472,1.479,582.726,0,False,True
7950,300.7,0.364,48.178724410069194,1.569,571.116,0,True,False
7951,300.8,0.36,73.04816588804044,1.568,564.48,0,False,True
7952,300.9,0.245,61.57337479787064,1.843,451.535,0,True,False
7953,300.9,0.409,38.38375816128,1.48,605.32,0,False,False
7954,301.0,0.368,53.415825281306276,1.447,532.496,0,True,False
7955,301.0,0.419,79.24567286059968,1.454,609.226,0,False,True
7956,300.9,0.561,72.76182655999759,1.31,734.91,0,False,False
7957,300.9,0.38,51.16233919720035,1.513,574.94,0,False,False
7958,300.9,0.165,81.90915760222546,2.14,353.1,0,False,True
7959,301.0,0.499,38.83014541791051,1.377,687.123,0,True,False
7960,301.0,0.32299999999999995,83.06173519460944,1.585,511.9549999999999,0,True,False
7961,301.1,0.426,47.28525462423379,1.491,635.1659999999999,0,False,True
7962,301.0,0.59,35.45470901512096,1.264,745.76,0,True,False
7963,301.0,0.47,56.69040182591634,1.372,644.84,0,True,False
7964,301.0,0.39899999999999997,52.94852148435044,1.51,602.49,0,False,False
7965,300.9,0.402,61.95445026033969,1.423,572.046,0,False,False
7966,301.1,0.353,74.83864302849227,1.464,516.7919999999999,0,True,False
7967,301.0,0.359,77.12154010752235,1.602,575.1179999999999,0,True,False
7968,301.0,0.326,55.061499980584586,1.629,531.054,0,True,False
7969,300.9,0.23199999999999998,56.49228718531751,1.811,420.152,0,False,False
7970,300.9,0.28800000000000003,42.408886516473686,1.711,492.76800000000003,1,False,True
7971,300.9,0.486,37.377380444058176,1.297,630.3420000000001,0,False,True
7972,301.0,0.461,67.06074951175123,1.405,647.705,0,False,False
7973,301.1,0.5489999999999999,38.221881277634616,1.397,766.953,0,True,False
7974,301.1,0.297,71.69150597107279,1.682,499.55400000000003,1,False,True
7975,301.2,0.384,61.954507251112375,1.528,586.752,0,False,False
7976,301.2,0.38299999999999995,44.92914891130417,1.548,592.8839999999999,0,True,False
7977,301.2,0.478,61.97614717563248,1.395,666.81,1,False,True
7978,301.2,0.59,44.14988583010494,1.378,813.02,0,False,True
7979,301.2,0.535,56.936860375520595,1.48,791.8,0,False,False
7980,301.2,0.366,74.97801581211144,1.428,522.648,1,False,False
7981,301.2,0.396,58.09596467053187,1.505,595.98,0,True,False
7982,301.0,0.364,42.43496591487741,1.445,525.98,0,True,False
7983,301.0,0.426,71.19143409114726,1.488,633.888,0,False,False
7984,301.0,0.33,44.33842081350044,1.601,528.33,0,True,False
7985,301.0,0.349,71.92749371850547,1.55,540.95,0,False,False
7986,301.0,0.341,58.967614460791665,1.54,525.14,0,False,True
7987,301.1,0.345,57.68708795471508,1.587,547.515,0,False,True
7988,301.0,0.40299999999999997,77.57175189287373,1.489,600.067,0,False,False
7989,301.1,0.349,70.43017621703343,1.486,518.614,0,False,True
7990,301.1,0.379,36.64553984774696,1.43,541.97,0,False,True
7991,301.1,0.251,49.80871573008012,1.809,454.059,0,False,False
7992,301.1,0.39,78.54603304249494,1.534,598.26,0,True,False
7993,301.1,0.259,35.916308427259935,1.852,479.66799999999995,0,True,False
7994,301.1,0.319,62.26267231309852,1.595,508.805,0,True,False
7995,301.0,0.435,71.39128345869719,1.424,619.44,1,True,False
7996,301.0,0.28800000000000003,66.0928042742288,1.776,511.48800000000006,0,True,False
7997,301.0,0.415,73.02661010522182,1.499,622.085,0,True,False
7998,301.0,0.09699999999999999,71.28459244573729,2.71,262.86999999999995,0,False,False
7999,300.9,0.517,69.60153475765566,1.359,702.6030000000001,0,False,True
8000,300.9,0.31,76.07699304628261,1.617,501.27,0,True,False
8001,300.8,0.5329999999999999,67.28453342247693,1.443,769.1189999999999,0,False,False
8002,300.8,0.502,55.1209247128491,1.374,689.748,0,False,False
8003,300.9,0.23,58.59545549572938,1.851,425.73,0,True,False
8004,300.8,0.6729999999999999,70.83623913407253,1.274,857.4019999999999,0,False,True
8005,300.9,0.44,78.8153014833397,1.533,674.52,0,False,False
8006,300.8,0.373,48.61094004198878,1.477,550.9209999999999,0,True,False
8007,300.9,0.46,52.10383979855354,1.462,672.52,0,False,True
8008,301.0,0.284,81.53696981812064,1.664,472.57599999999996,1,True,False
8009,300.8,0.41100000000000003,63.925589620472266,1.414,581.154,0,False,False
8010,300.9,0.17800000000000002,43.94809085675005,2.129,378.96200000000005,0,True,False
8011,300.8,0.611,68.18475694561914,1.323,808.3530000000001,0,False,True
8012,300.8,0.433,84.53810777696899,1.427,617.891,0,False,False
8013,300.9,0.561,76.17267822352,1.375,771.375,0,False,False
8014,300.9,0.507,72.28705682757013,1.402,710.8140000000001,1,True,False
8015,300.9,0.442,45.40233271331346,1.5,663.0,1,False,False
8016,301.0,0.375,78.80698923420036,1.558,584.25,0,False,True
8017,300.9,0.414,61.28944217677732,1.447,599.058,0,False,False
8018,301.0,0.39299999999999996,79.46450110359778,1.518,596.574,0,False,False
8019,301.0,0.235,51.491391471243965,1.889,443.915,1,False,False
8020,301.0,0.307,38.10255263177164,1.675,514.225,0,False,True
8021,300.9,0.27899999999999997,58.798798432987304,1.72,479.88,0,False,False
8022,301.0,0.34600000000000003,48.491880240893884,1.499,518.654,1,False,True
8023,300.9,0.43799999999999994,70.76146448881491,1.441,631.1579999999999,0,False,True
8024,300.9,0.42700000000000005,82.85532764280163,1.397,596.519,0,False,False
8025,300.9,0.387,69.5487075575782,1.493,577.791,1,True,False
8026,300.8,0.507,79.34669648546017,1.422,720.9540000000001,0,False,False
8027,300.7,0.502,57.65120068006031,1.399,702.298,0,False,True
8028,300.6,0.449,73.58203685976508,1.425,639.825,0,True,False
8029,300.6,0.44799999999999995,77.15217183358517,1.501,672.448,0,False,False
8030,300.6,0.353,70.54378137917712,1.629,575.0369999999999,1,False,True
8031,300.6,0.42200000000000004,60.38886430347823,1.49,628.7800000000001,1,True,False
8032,300.7,0.324,66.2933054807684,1.55,502.2,0,False,False
8033,300.8,0.465,70.02534978394402,1.416,658.44,0,True,False
8034,300.7,0.38799999999999996,47.65422016107134,1.485,576.18,0,True,False
8035,300.7,0.368,75.47896304574924,1.564,575.552,0,False,True
8036,300.7,0.19699999999999998,82.51622694836367,1.91,376.27,0,True,False
8037,300.7,0.461,58.2619657589968,1.46,673.06,0,True,False
8038,300.7,0.341,70.05335915549387,1.603,546.623,0,False,True
8039,300.7,0.473,71.85129528951771,1.486,702.878,0,True,False
8040,300.8,0.318,68.11237737607402,1.56,496.08,1,False,True
8041,300.8,0.39299999999999996,62.355755416431776,1.498,588.7139999999999,0,False,True
8042,300.8,0.485,79.08239772874053,1.431,694.035,0,True,False
8043,300.8,0.451,57.446335463444726,1.486,670.186,0,True,False
8044,300.7,0.358,38.05514782433018,1.486,531.9879999999999,0,False,False
8045,300.7,0.381,77.22781878560801,1.441,549.021,0,False,False
8046,300.7,0.551,68.69906361582753,1.366,752.666,0,True,False
8047,300.6,0.414,77.46293132498232,1.471,608.994,0,False,False
8048,300.6,0.382,41.927372122234715,1.463,558.8660000000001,0,True,False
8049,300.6,0.413,36.53764702548582,1.413,583.569,0,False,True
8050,300.6,0.305,81.71872701912507,1.604,489.22,0,True,False
8051,300.7,0.511,42.38641529252871,1.401,715.9110000000001,0,True,False
8052,300.6,0.272,75.48261660352259,1.652,449.344,0,True,False
8053,300.5,0.457,76.16049710903178,1.403,641.171,0,False,True
8054,300.5,0.217,70.43526002745014,1.887,409.47900000000004,0,False,False
8055,300.4,0.479,41.56311055464354,1.405,672.995,0,False,True
8056,300.2,0.41100000000000003,68.36993122804037,1.496,614.856,0,True,False
8057,300.1,0.434,79.45432916634329,1.499,650.566,0,True,False
8058,300.2,0.37200000000000005,56.27658224004416,1.549,576.2280000000001,0,True,False
8059,300.3,0.449,55.67584271892994,1.515,680.235,0,False,False
8060,300.2,0.377,57.14291547897095,1.54,580.58,0,False,False
8061,300.2,0.44299999999999995,39.11359453381032,1.426,631.718,0,False,False
8062,300.2,0.414,79.60127845149867,1.465,606.51,0,True,False
8063,300.3,0.541,78.45914319902552,1.359,735.219,0,False,True
8064,300.3,0.364,84.89546608951431,1.551,564.564,0,True,False
8065,300.5,0.348,64.25915707492067,1.596,555.4079999999999,0,False,True
8066,300.5,0.263,72.55958182256929,1.67,439.21,0,True,False
8067,300.4,0.213,45.133595315365234,1.868,397.884,0,False,False
8068,300.6,0.39799999999999996,68.37644091120848,1.49,593.02,0,True,False
8069,300.5,0.35200000000000004,67.48664243786953,1.676,589.952,0,False,False
8070,300.5,0.221,80.06043679208062,1.875,414.375,0,False,False
8071,300.5,0.23,76.53963614195371,1.867,429.41,0,False,False
8072,300.5,0.295,81.92332313088815,1.646,485.57,0,False,False
8073,300.5,0.43200000000000005,78.44167363508038,1.375,594.0000000000001,1,False,False
8074,300.5,0.36700000000000005,78.43469474494259,1.558,571.7860000000001,0,False,False
8075,300.4,0.349,38.18616633443591,1.631,569.2189999999999,0,False,True
8076,300.4,0.43,77.29809763479778,1.366,587.38,0,True,False
8077,300.3,0.48,65.3739197251559,1.36,652.8,0,False,False
8078,300.3,0.397,54.022222588298064,1.547,614.159,0,False,False
8079,300.3,0.312,37.82573121940312,1.571,490.152,0,True,False
8080,300.2,0.361,68.88368873840233,1.528,551.6080000000001,1,False,False
8081,300.2,0.436,51.41008752688087,1.432,624.3520000000001,0,True,False
8082,300.2,0.535,58.388813249301734,1.356,725.46,0,True,False
8083,300.1,0.462,69.08642185275671,1.422,656.964,0,True,False
8084,300.1,0.42200000000000004,80.58872735120714,1.438,606.836,0,True,False
8085,300.2,0.444,76.27184578024992,1.483,658.452,0,False,False
8086,300.2,0.498,57.529856455179996,1.331,662.8380000000001,0,False,False
8087,300.2,0.375,54.38915787231895,1.463,548.625,0,False,True
8088,300.1,0.406,46.988986942202374,1.446,587.076,1,False,False
8089,300.1,0.457,53.621337558798416,1.356,619.692,0,True,False
8090,300.1,0.303,40.552319364594915,1.676,507.82800000000003,0,False,True
8091,300.1,0.23,83.55527541823773,1.91,439.3,0,False,True
8092,300.2,0.569,63.69587219797894,1.375,782.375,0,False,False
8093,300.2,0.408,41.390292139760646,1.513,617.304,1,False,False
8094,300.2,0.35700000000000004,52.64030046329529,1.511,539.427,0,False,True
8095,300.2,0.28800000000000003,62.3519571810328,1.662,478.656,0,False,False
8096,300.2,0.483,61.64428183204348,1.493,721.1189999999999,0,False,True
8097,300.2,0.374,36.77516843593162,1.555,581.57,0,True,False
8098,300.3,0.415,82.54205171145557,1.452,602.58,0,True,False
8099,300.2,0.39,48.76878407374723,1.5,585.0,0,False,False
8100,300.2,0.305,35.80923344659456,1.603,488.915,0,False,False
8101,300.3,0.278,38.82220044751412,1.682,467.596,0,False,True
8102,300.3,0.377,64.00974516239884,1.567,590.759,0,False,True
8103,300.3,0.46,41.88927603375484,1.413,649.98,0,True,False
8104,300.3,0.41600000000000004,37.08623964267517,1.429,594.464,0,True,False
8105,300.3,0.315,53.98132332063557,1.692,532.98,0,False,True
8106,300.4,0.48700000000000004,66.13805961700943,1.476,718.812,0,False,False
8107,300.4,0.304,40.59199024208062,1.596,485.18399999999997,0,True,False
8108,300.3,0.49,50.66639160756578,1.39,681.1,0,False,False
8109,300.3,0.337,55.88803358122711,1.607,541.559,0,False,False
8110,300.3,0.263,42.973004889338355,1.821,478.923,0,False,True
8111,300.3,0.185,60.303694923335506,2.141,396.085,0,False,False
8112,300.4,0.331,39.26070434508854,1.553,514.043,0,True,False
8113,300.4,0.451,37.32592481725343,1.442,650.3420000000001,0,False,True
8114,300.4,0.456,60.99176835775674,1.459,665.3040000000001,1,False,False
8115,300.4,0.135,47.39484863754378,2.496,336.96,0,False,False
8116,300.4,0.5720000000000001,39.76869039490138,1.367,781.9240000000001,0,True,False
8117,300.3,0.196,56.19562937438161,2.004,392.784,0,False,False
8118,300.3,0.475,80.75703697586974,1.406,667.85,1,True,False
8119,300.3,0.33,71.20962233270774,1.548,510.84,0,True,False
8120,300.3,0.552,75.78079576735138,1.333,735.816,0,False,False
8121,300.2,0.264,78.59569943793181,1.767,466.48799999999994,0,True,False
8122,300.2,0.27,83.63138706982095,1.827,493.29,0,False,False
8123,300.2,0.46399999999999997,73.16232867570865,1.533,711.312,0,True,False
8124,300.2,0.368,65.42039609697399,1.515,557.52,0,False,False
8125,300.2,0.41,53.27129401511236,1.568,642.88,0,True,False
8126,300.2,0.478,44.082161827885805,1.452,694.0559999999999,0,True,False
8127,300.2,0.379,69.33299369916472,1.433,543.107,0,True,False
8128,300.1,0.33799999999999997,84.7474993060971,1.65,557.6999999999999,0,False,True
8129,300.1,0.313,58.36793423094595,1.629,509.87700000000007,0,False,True
8130,300.0,0.392,71.18396840464038,1.52,595.84,0,True,False
8131,300.0,0.431,59.754622499657806,1.393,600.383,0,False,True
8132,299.9,0.496,56.59667116817383,1.364,676.5440000000001,0,False,False
8133,299.9,0.5,55.51528067799576,1.389,694.5,0,False,True
8134,299.8,0.461,60.23123414658488,1.466,675.826,1,True,False
8135,299.7,0.324,53.34478309326875,1.65,534.6,0,False,False
8136,299.6,0.363,72.4386660910904,1.554,564.102,0,True,False
8137,299.6,0.397,78.71360132957582,1.474,585.178,0,True,False
8138,299.5,0.324,79.14426533225921,1.6,518.4,0,False,True
8139,299.5,0.5489999999999999,46.384935671291295,1.356,744.444,0,False,False
8140,299.5,0.382,79.79545693657454,1.571,600.1220000000001,0,True,False
8141,299.6,0.28,52.07756159275525,1.658,464.24,0,True,False
8142,299.6,0.499,50.46538327426488,1.393,695.107,0,False,False
8143,299.7,0.498,71.3378028699118,1.448,721.1039999999999,0,False,False
8144,299.7,0.40399999999999997,50.23481700431447,1.477,596.708,0,True,False
8145,299.7,0.42700000000000005,37.64832028048551,1.506,643.062,0,False,True
8146,299.7,0.321,53.6808886155154,1.685,540.885,0,True,False
8147,299.6,0.318,71.07328001791745,1.533,487.494,1,True,False
8148,299.5,0.41,51.347921013508824,1.447,593.27,0,False,True
8149,299.5,0.395,66.47795279975733,1.488,587.76,0,True,False
8150,299.6,0.504,68.00597221315653,1.427,719.2080000000001,1,True,False
8151,299.5,0.413,71.68680058631782,1.424,588.112,0,False,False
8152,299.5,0.409,79.85652331554682,1.472,602.048,0,False,True
8153,299.5,0.457,56.62822496342157,1.438,657.166,0,True,False
8154,299.6,0.424,43.32160383312285,1.507,638.968,0,False,True
8155,299.6,0.521,50.946285771594475,1.393,725.753,0,False,True
8156,299.5,0.524,56.6083627586993,1.283,672.2919999999999,0,True,False
8157,299.6,0.309,70.69457346640566,1.644,507.996,0,False,False
8158,299.6,0.469,35.65610627808167,1.498,702.562,0,True,False
8159,299.6,0.408,50.78926917199395,1.4,571.1999999999999,0,False,False
8160,299.6,0.312,73.99212905096584,1.679,523.848,0,False,True
8161,299.7,0.303,68.54288516653477,1.618,490.254,0,False,True
8162,299.6,0.302,71.58699867928026,1.714,517.6279999999999,0,True,False
8163,299.6,0.35,75.59053847195975,1.574,550.9,0,False,False
8164,299.7,0.364,74.16178594389811,1.574,572.936,0,False,False
8165,299.6,0.409,69.1091583076389,1.472,602.048,0,True,False
8166,299.6,0.332,56.98307661852953,1.552,515.264,0,True,False
8167,299.7,0.314,84.1799164439077,1.603,503.342,0,True,False
8168,299.7,0.47100000000000003,63.45365977950369,1.353,637.263,1,False,False
8169,299.7,0.306,45.138460468441956,1.69,517.14,0,False,False
8170,299.8,0.263,49.64064275523922,1.745,458.935,0,True,False
8171,299.9,0.457,69.6781227985235,1.522,695.5540000000001,0,False,True
8172,300.0,0.345,81.23697825997317,1.641,566.145,0,False,True
8173,299.9,0.289,43.93600646029488,1.596,461.2439999999999,1,False,False
8174,299.9,0.37,39.11732478728932,1.497,553.89,1,True,False
8175,299.9,0.523,79.0765524021003,1.371,717.033,0,False,False
8176,299.9,0.41200000000000003,80.76389894564173,1.445,595.34,0,True,False
8177,299.8,0.4,48.818967265794974,1.564,625.6,0,True,False
8178,299.7,0.449,53.86428621856199,1.439,646.111,0,False,False
8179,299.7,0.521,68.00939987489292,1.352,704.3919999999999,0,True,False
8180,299.8,0.354,51.49650104212374,1.56,552.24,0,True,False
8181,299.7,0.423,78.85793541350264,1.616,683.5679999999999,0,True,False
8182,299.7,0.237,40.37893513569313,1.835,434.895,1,True,False
8183,299.7,0.327,36.89911104800976,1.649,539.2230000000001,1,True,False
8184,299.8,0.473,45.424310337139474,1.452,686.7959999999999,0,False,True
8185,299.8,0.177,49.30438891024845,2.144,379.48799999999994,0,True,False
8186,299.7,0.41,40.646329564443754,1.554,637.14,0,True,False
8187,299.7,0.254,38.284521467032334,1.827,464.05799999999994,0,True,False
8188,299.6,0.46299999999999997,72.78038567508992,1.448,670.424,0,False,True
8189,299.6,0.38799999999999996,43.21382829511287,1.53,593.6399999999999,0,False,False
8190,299.7,0.21,80.6961099533152,1.983,416.43,0,True,False
8191,299.7,0.37200000000000005,53.3999830724048,1.62,602.6400000000001,0,False,True
8192,299.6,0.298,68.53029048606727,1.63,485.74,0,True,False
8193,299.6,0.652,46.27010573844001,1.229,801.308,1,True,False
8194,299.5,0.223,47.01613842459334,1.873,417.67900000000003,0,True,False
8195,299.4,0.457,63.735460143378766,1.426,651.682,0,True,False
8196,299.4,0.539,63.0321462572993,1.376,741.664,0,True,False
8197,299.4,0.336,73.43646140060406,1.622,544.9920000000001,0,False,False
8198,299.4,0.457,72.8906652847133,1.492,681.844,0,True,False
8199,299.3,0.489,68.53438823318305,1.374,671.886,0,False,False
8200,299.2,0.27,57.45652829467455,1.737,468.99,1,True,False
8201,299.3,0.424,79.53201931403086,1.426,604.624,0,True,False
8202,299.3,0.251,66.12892451106494,1.826,458.3260000000001,0,False,False
8203,299.3,0.324,84.50992452311786,1.669,540.756,0,False,True
8204,299.4,0.401,75.96849089671792,1.473,590.673,0,True,False
8205,299.4,0.278,37.21549056191631,1.751,486.778,0,False,False
8206,299.4,0.473,51.029695354015885,1.446,683.9580000000001,0,True,False
8207,299.3,0.435,63.593785823547584,1.483,645.105,0,True,False
8208,299.2,0.426,71.07347689357437,1.535,653.91,0,True,False
8209,299.2,0.44,62.51682488809708,1.477,649.88,0,True,False
8210,299.3,0.469,74.30652112310909,1.391,652.379,1,True,False
8211,299.2,0.294,49.13278263786723,1.636,480.9839999999999,0,True,False
8212,299.2,0.33299999999999996,44.19560256164125,1.675,557.775,0,False,True
8213,299.2,0.489,37.69583418948851,1.329,649.881,0,True,False
8214,299.2,0.335,63.665687228576104,1.548,518.58,0,False,False
8215,299.2,0.45799999999999996,69.42997603377476,1.391,637.078,0,True,False
8216,299.1,0.431,51.30748585596808,1.437,619.3470000000001,0,False,False
8217,299.2,0.619,65.67920924279383,1.37,848.03,0,False,False
8218,299.1,0.371,37.60786154266646,1.577,585.067,0,True,False
8219,299.1,0.37799999999999995,39.964667314840185,1.485,561.3299999999999,0,True,False
8220,299.0,0.34299999999999997,70.08773861292491,1.504,515.872,0,False,False
8221,298.9,0.35200000000000004,53.40348526086494,1.551,545.952,0,False,True
8222,299.1,0.43,68.56670155515027,1.428,614.04,0,True,False
8223,299.0,0.27899999999999997,76.5860560139959,1.755,489.645,0,True,False
8224,299.1,0.5489999999999999,77.63112187380585,1.329,729.6209999999999,0,False,True
8225,299.1,0.35200000000000004,43.608382273222546,1.496,526.5920000000001,0,True,False
8226,299.1,0.366,59.314278617567325,1.532,560.712,0,False,False
8227,299.1,0.614,71.69633618162433,1.389,852.8459999999999,0,True,False
8228,299.1,0.514,73.69902981334552,1.524,783.3359999999999,0,True,False
8229,299.1,0.493,74.23379903644388,1.422,701.0459999999999,0,False,False
8230,299.1,0.27399999999999997,46.408366719029225,1.739,476.486,0,False,False
8231,299.1,0.26899999999999996,44.62674088618867,1.736,466.9839999999999,0,True,False
8232,299.1,0.488,64.50062341368479,1.419,692.472,0,False,False
8233,299.1,0.49700000000000005,72.054289886911,1.326,659.0219999999999,0,False,True
8234,299.1,0.43200000000000005,50.95697577670966,1.449,625.9680000000001,0,False,False
8235,299.2,0.397,40.235257843121076,1.534,608.998,0,True,False
8236,299.2,0.509,70.83731914550387,1.443,734.487,0,False,False
8237,299.2,0.41100000000000003,49.984891569000226,1.498,615.678,1,False,False
8238,299.1,0.26,43.318136215586094,1.796,466.96,0,False,True
8239,299.1,0.45299999999999996,42.38617641985658,1.519,688.107,0,False,False
8240,299.0,0.496,50.74547737633581,1.339,664.1440000000001,0,True,False
8241,299.0,0.415,64.63390329568728,1.483,615.445,1,False,False
8242,298.9,0.2,52.92011193469083,2.099,419.8,0,False,False
8243,299.0,0.297,36.03309257967158,1.689,501.633,0,True,False
8244,299.1,0.545,39.845421733890554,1.369,746.105,0,False,False
8245,299.0,0.38799999999999996,49.52516235993095,1.512,586.656,1,True,False
8246,299.0,0.6859999999999999,67.9852241073546,1.303,893.8579999999998,1,False,False
8247,299.0,0.39899999999999997,39.92575367342669,1.552,619.2479999999999,0,True,False
8248,299.0,0.28,63.03284267503409,1.713,479.64,0,False,False
8249,298.9,0.441,40.994293541200214,1.456,642.096,0,False,True
8250,299.0,0.39799999999999996,45.580766367469074,1.524,606.552,0,False,True
8251,299.0,0.452,43.60942637778814,1.394,630.0880000000001,0,False,True
8252,299.0,0.212,38.36143177854053,1.981,419.972,1,False,True
8253,299.0,0.361,68.56649086932951,1.565,564.965,0,True,False
8254,299.1,0.31,58.170177369301726,1.657,513.67,0,False,False
8255,299.0,0.371,76.55267204486691,1.625,602.875,0,False,False
8256,299.0,0.311,39.94454199911585,1.606,499.46600000000007,0,False,True
8257,299.0,0.568,42.23664666690361,1.336,758.8480000000001,0,True,False
8258,299.0,0.342,50.32288656752253,1.587,542.754,0,False,True
8259,299.1,0.397,73.29329934694042,1.602,635.994,0,False,False
8260,299.1,0.384,50.28794115778494,1.471,564.864,0,False,True
8261,299.1,0.48,55.42093537493463,1.332,639.36,0,True,False
8262,299.2,0.484,50.08017831485823,1.434,694.0559999999999,0,True,False
8263,299.1,0.239,39.011214590051495,1.921,459.1189999999999,1,False,True
8264,299.2,0.306,81.97168114480937,1.704,521.424,0,True,False
8265,299.1,0.495,62.42694960355944,1.397,691.515,0,False,True
8266,299.1,0.28,74.39165940927484,1.791,501.48,0,True,False
8267,299.1,0.24100000000000002,67.9178546092648,1.818,438.13800000000003,0,False,False
8268,299.2,0.363,60.712713953098756,1.54,559.02,0,True,False
8269,299.2,0.39799999999999996,39.483912832969004,1.502,597.7959999999999,0,False,False
8270,299.2,0.304,67.13667726351522,1.761,535.3439999999999,0,False,False
8271,299.1,0.384,42.76851779684161,1.517,582.5279999999999,0,True,False
8272,299.1,0.511,55.71915846781383,1.309,668.8990000000001,0,True,False
8273,298.9,0.526,66.45565717402152,1.363,716.938,0,True,False
8274,299.0,0.222,74.11145002360617,1.787,396.714,0,False,False
8275,298.9,0.292,69.25225878543097,1.64,478.88,0,False,False
8276,298.9,0.253,68.57667645273145,1.72,435.16,0,False,False
8277,298.8,0.528,42.45211045876037,1.384,730.752,0,False,False
8278,298.8,0.5579999999999999,52.306427003579394,1.294,722.052,0,False,False
8279,298.8,0.46399999999999997,37.14561363300971,1.464,679.2959999999999,0,True,False
8280,298.8,0.254,70.97384465882323,1.803,457.962,0,True,False
8281,298.8,0.391,82.62929906587095,1.602,626.3820000000001,0,True,False
8282,298.9,0.38799999999999996,48.205519508953785,1.519,589.372,0,False,True
8283,298.9,0.336,39.38483545811547,1.638,550.368,0,False,True
8284,298.9,0.33,58.77850383768268,1.615,532.95,0,True,False
8285,298.8,0.33299999999999996,77.83491115637844,1.651,549.7829999999999,0,False,False
8286,298.9,0.527,62.598709763588985,1.387,730.9490000000001,1,False,True
8287,298.8,0.32799999999999996,37.338857509505665,1.678,550.3839999999999,0,False,False
8288,298.9,0.381,83.7136120263973,1.585,603.885,0,True,False
8289,298.8,0.33799999999999997,76.43249549813004,1.64,554.3199999999999,0,True,False
8290,298.9,0.43799999999999994,41.579703852575506,1.406,615.828,0,False,False
8291,298.9,0.358,81.08988782517545,1.679,601.082,0,False,True
8292,298.9,0.26899999999999996,57.53441443025943,1.717,461.87299999999993,0,False,False
8293,298.9,0.39899999999999997,53.594899528747064,1.429,570.1709999999999,0,True,False
8294,298.9,0.444,58.05266652635941,1.533,680.6519999999999,0,True,False
8295,298.9,0.385,76.72859784354736,1.525,587.125,0,False,True
8296,298.9,0.263,67.97398391433929,1.739,457.357,0,False,True
8297,298.9,0.39,37.96242261998638,1.436,560.04,0,False,False
8298,298.8,0.331,82.88021855580854,1.595,527.945,0,False,False
8299,298.7,0.456,42.389206673915886,1.435,654.36,0,True,False
8300,298.7,0.318,72.27839758676755,1.637,520.566,0,False,True
8301,298.7,0.376,66.80682652140655,1.558,585.808,0,False,True
8302,298.7,0.341,44.37640239732804,1.644,560.604,0,True,False
8303,298.7,0.311,43.53660380565248,1.641,510.35100000000006,0,False,False
8304,298.8,0.41,78.5163796852346,1.504,616.64,0,True,False
8305,298.7,0.507,55.98474617497986,1.506,763.5419999999999,0,True,False
8306,298.8,0.44,67.72882570870692,1.38,607.2,1,True,False
8307,298.7,0.425,60.20355019283366,1.549,658.325,0,True,False
8308,298.7,0.6970000000000001,71.36767585379798,1.402,977.1940000000001,0,True,False
8309,298.7,0.45299999999999996,58.96211875196653,1.401,634.6529999999999,0,False,False
8310,298.7,0.402,49.36899576277842,1.459,586.518,0,False,False
8311,298.7,0.397,53.16916854982482,1.465,581.605,0,False,False
8312,298.8,0.527,77.95388472251713,1.295,682.465,0,True,False
8313,298.8,0.385,58.40173464613635,1.529,588.665,0,True,False
8314,298.8,0.449,45.672466612230465,1.484,666.3159999999999,0,False,False
8315,298.8,0.306,81.73026940386266,1.739,532.134,0,True,False
8316,298.7,0.40700000000000003,74.83002282491884,1.422,578.754,0,True,False
8317,298.8,0.4,37.78330730280996,1.463,585.2,0,False,True
8318,298.7,0.304,84.9471480990259,1.667,506.768,0,False,False
8319,298.7,0.39299999999999996,69.74633482200511,1.565,615.045,0,False,True
8320,298.7,0.457,43.013329952029345,1.393,636.6010000000001,0,False,False
8321,298.8,0.47700000000000004,46.85838406492982,1.453,693.081,0,True,False
8322,298.8,0.5,69.62227406207734,1.442,721.0,1,False,False
8323,298.7,0.449,73.98805276395609,1.364,612.436,0,True,False
8324,298.7,0.40399999999999997,46.951797157490304,1.453,587.012,0,False,False
8325,298.7,0.46,47.84844269496354,1.394,641.24,1,True,False
8326,298.7,0.38799999999999996,50.35603474360304,1.5,581.9999999999999,0,False,True
8327,298.6,0.342,64.90091824183183,1.523,520.8660000000001,1,True,False
8328,298.7,0.5710000000000001,43.590808915063846,1.254,716.0340000000001,0,False,True
8329,298.6,0.522,40.21215994423888,1.325,691.65,0,False,True
8330,298.8,0.496,68.94320445427567,1.424,706.3040000000001,0,False,False
8331,298.8,0.39,73.95489698965851,1.505,586.95,0,False,False
8332,298.8,0.48700000000000004,60.04647022082527,1.392,677.9040000000001,1,False,False
8333,298.8,0.44,53.19163551341927,1.529,672.76,0,False,True
8334,298.8,0.485,56.60213567632382,1.477,716.345,0,False,False
8335,298.8,0.473,54.420391693597594,1.459,690.107,0,False,True
8336,299.0,0.159,82.99924541188376,2.24,356.16,0,False,False
8337,298.9,0.488,73.40449526095702,1.449,707.112,0,False,True
8338,298.8,0.353,45.40436074250552,1.589,560.9169999999999,0,False,False
8339,298.8,0.285,54.209457602699004,1.74,495.9,0,False,False
8340,298.8,0.40299999999999997,62.20061456815549,1.499,604.097,0,False,True
8341,298.8,0.381,65.64929310318442,1.48,563.88,0,False,True
8342,298.8,0.29600000000000004,58.40919480143835,1.751,518.296,0,False,False
8343,298.7,0.406,75.50633175059795,1.51,613.06,0,True,False
8344,298.8,0.48200000000000004,73.38030097291158,1.437,692.6340000000001,1,False,False
8345,298.8,0.40399999999999997,60.257895931408335,1.609,650.036,0,False,True
8346,298.8,0.359,77.72146933908652,1.49,534.91,0,False,True
8347,298.7,0.35700000000000004,72.5544765221193,1.601,571.557,0,False,True
8348,298.7,0.311,73.92909243603216,1.665,517.815,1,True,False
8349,298.7,0.42700000000000005,82.82003897167084,1.452,620.004,0,False,False
8350,298.7,0.336,48.32334706046014,1.487,499.63200000000006,0,False,False
8351,298.7,0.48100000000000004,48.38240811834246,1.382,664.742,1,False,True
8352,298.7,0.262,79.447612784532,1.686,441.73199999999997,0,True,False
8353,298.6,0.369,73.61131866928397,1.491,550.179,0,False,True
8354,298.7,0.556,81.32727707178137,1.442,801.752,0,False,False
8355,298.6,0.503,38.15650801622265,1.39,699.17,0,True,False
8356,298.7,0.467,66.38785386307983,1.502,701.4340000000001,0,True,False
8357,298.6,0.594,42.23141690617237,1.344,798.3359999999999,0,True,False
8358,298.5,0.46299999999999997,60.194859914629134,1.385,641.2549999999999,0,False,False
8359,298.7,0.374,42.787346592672215,1.547,578.578,0,True,False
8360,298.6,0.424,41.403925449243964,1.525,646.6,1,True,False
8361,298.6,0.358,35.60841726910166,1.54,551.3199999999999,0,False,True
8362,298.6,0.44299999999999995,66.51194061914522,1.45,642.3499999999999,0,True,False
8363,298.6,0.625,52.951130834504305,1.353,845.625,1,True,False
8364,298.8,0.45,40.259414243948584,1.582,711.9,0,False,False
8365,298.9,0.49,51.141888886565496,1.396,684.04,0,False,False
8366,298.8,0.366,43.447204572579246,1.551,567.666,0,False,True
8367,298.9,0.228,82.08474157508297,1.836,418.608,0,False,False
8368,298.9,0.499,51.00024428806741,1.39,693.61,0,False,True
8369,298.9,0.42100000000000004,51.6976761644695,1.534,645.814,0,False,False
8370,298.8,0.20600000000000002,76.99290016997928,1.953,402.31800000000004,0,True,False
8371,298.8,0.336,67.38778806430021,1.634,549.024,0,True,False
8372,298.7,0.217,70.50858037015007,1.881,408.17699999999996,0,False,False
8373,298.8,0.44799999999999995,66.80009019944802,1.448,648.704,0,True,False
8374,298.7,0.505,82.30981419742827,1.362,687.81,0,False,False
8375,298.8,0.634,45.35004157790226,1.225,776.65,0,False,False
8376,298.8,0.48200000000000004,84.45196208778978,1.384,667.0880000000001,0,True,False
8377,298.8,0.493,76.54780887782566,1.334,657.6619999999999,1,True,False
8378,298.8,0.503,64.44862944381711,1.336,672.008,1,True,False
8379,298.8,0.616,68.11858121981246,1.331,819.8960000000001,0,False,False
8380,298.8,0.319,67.4412938250307,1.629,519.651,1,False,False
8381,298.9,0.257,37.919811202957696,1.776,456.43199999999996,1,False,False
8382,298.8,0.38299999999999995,45.90082492659693,1.53,585.9899999999999,0,True,False
8383,298.9,0.273,83.07354422623746,1.719,469.28700000000003,0,False,False
8384,298.8,0.35200000000000004,61.71822144296897,1.495,526.2400000000001,1,False,True
8385,298.8,0.431,53.917680163095596,1.45,624.95,0,True,False
8386,298.8,0.38799999999999996,73.10192316945376,1.563,606.444,0,False,False
8387,298.9,0.371,61.22594713279048,1.501,556.871,0,False,True
8388,298.8,0.47200000000000003,35.65813857159488,1.351,637.672,0,True,False
8389,298.9,0.465,71.81187983575589,1.365,634.725,0,False,False
8390,298.8,0.397,71.61087800264306,1.525,605.4250000000001,0,True,False
8391,298.8,0.619,43.25743560549872,1.288,797.2719999999999,0,False,False
8392,298.6,0.42700000000000005,82.83300442121066,1.423,607.6210000000001,0,True,False
8393,298.5,0.39399999999999996,46.19540657705572,1.502,591.788,1,False,True
8394,298.5,0.435,57.88746836910997,1.428,621.18,0,False,False
8395,298.6,0.381,40.73679806304573,1.566,596.6460000000001,0,False,True
8396,298.5,0.44799999999999995,65.16411597252942,1.483,664.3839999999999,0,False,False
8397,298.6,0.33299999999999996,53.772556002860625,1.593,530.4689999999999,0,False,False
8398,298.5,0.264,52.658673110485275,1.724,455.13599999999997,1,False,False
8399,298.5,0.121,76.34884386104736,2.617,316.657,0,False,True
8400,298.6,0.594,35.478085642523915,1.294,768.636,0,False,True
8401,298.6,0.40700000000000003,74.89733854462114,1.533,623.931,0,False,False
8402,298.5,0.318,63.57242828740394,1.671,531.378,0,False,True
8403,298.5,0.524,84.30492567400995,1.37,717.88,0,False,False
8404,298.5,0.451,64.47216103021245,1.462,659.362,0,False,False
8405,298.4,0.366,37.7689567073979,1.545,565.47,0,False,False
8406,298.4,0.41700000000000004,37.53226632218632,1.484,618.828,0,True,False
8407,298.4,0.45299999999999996,79.1576493185916,1.344,608.832,1,True,False
8408,298.4,0.501,77.06070727555266,1.357,679.857,0,True,False
8409,298.5,0.33,52.29450377910116,1.572,518.76,0,False,False
8410,298.5,0.26899999999999996,65.90162420905686,1.861,500.6089999999999,0,True,False
8411,298.5,0.445,59.479567852780015,1.548,688.86,0,False,False
8412,298.6,0.377,83.35820275680261,1.496,563.9920000000001,0,False,True
8413,298.6,0.49700000000000005,82.49804504384457,1.314,653.058,1,True,False
8414,298.6,0.49700000000000005,84.19195042703873,1.422,706.734,0,False,False
8415,298.6,0.201,78.3224390317132,1.842,370.242,0,True,False
8416,298.7,0.53,80.47757953875507,1.434,760.02,0,True,False
8417,298.8,0.313,45.863938938356824,1.585,496.105,0,False,True
8418,298.8,0.307,76.55033944948872,1.704,523.1279999999999,0,False,False
8419,298.9,0.23199999999999998,70.44285566021374,1.971,457.272,0,False,True
8420,299.0,0.39899999999999997,83.13932544140351,1.431,570.969,0,True,False
8421,298.9,0.377,63.56309142213097,1.546,582.8420000000001,0,False,False
8422,298.9,0.363,39.25835833552782,1.496,543.048,0,True,False
8423,298.9,0.63,64.86994455935765,1.243,783.09,0,True,False
8424,299.0,0.462,69.32904640106439,1.452,670.8240000000001,0,True,False
8425,299.1,0.447,46.016051435621414,1.38,616.8600000000001,0,True,False
8426,299.2,0.384,54.705669175636416,1.567,601.728,0,True,False
8427,299.1,0.359,64.925170702584,1.628,584.452,0,True,False
8428,299.1,0.461,53.70528686582527,1.505,693.805,0,False,True
8429,299.0,0.28,53.747385861933196,1.827,511.56,0,True,False
8430,299.0,0.4,41.65433195863987,1.577,630.8,0,True,False
8431,298.9,0.5720000000000001,82.0373361538833,1.304,745.888,0,True,False
8432,298.9,0.546,72.52471922475482,1.324,722.9040000000001,0,False,False
8433,298.8,0.39899999999999997,35.0621719433051,1.537,613.2629999999999,0,True,False
8434,298.8,0.48700000000000004,73.28066420110827,1.501,730.987,1,False,True
8435,298.7,0.29100000000000004,71.98974963289294,1.654,481.314,0,False,True
8436,298.7,0.381,35.48654800777615,1.519,578.739,1,True,False
8437,298.7,0.513,53.48021488068823,1.371,703.323,0,False,False
8438,298.7,0.659,65.33738451627653,1.181,778.2790000000001,0,True,False
8439,298.6,0.428,57.63753259290179,1.469,628.732,0,False,False
8440,298.6,0.34600000000000003,73.89930593602537,1.637,566.402,0,False,False
8441,298.6,0.56,56.2729166317217,1.37,767.2,0,True,False
8442,298.6,0.306,42.69314847269185,1.63,498.78,0,True,False
8443,298.6,0.39,83.82078121369142,1.517,591.63,0,False,False
8444,298.6,0.32299999999999995,47.101999638802326,1.668,538.7639999999999,0,False,False
8445,298.6,0.249,70.88461552706661,1.818,452.68199999999996,1,True,False
8446,298.6,0.369,42.1578155832036,1.541,568.6289999999999,0,False,False
8447,298.5,0.42100000000000004,51.45063068919663,1.482,623.922,0,False,False
8448,298.6,0.499,57.101380421521185,1.439,718.0609999999999,1,False,True
8449,298.5,0.41200000000000003,44.6116002263532,1.492,614.7040000000001,0,True,False
8450,298.4,0.278,57.497978818430475,1.725,479.55,0,False,True
8451,298.4,0.442,42.858141149587496,1.559,689.078,0,False,False
8452,298.5,0.425,62.95032694929451,1.435,609.875,0,True,False
8453,298.6,0.375,68.1856626260097,1.512,567.0,0,False,False
8454,298.6,0.371,38.121714201400536,1.564,580.244,0,False,False
8455,298.6,0.40299999999999997,78.55660605410841,1.522,613.366,0,False,True
8456,298.6,0.595,44.25704425210178,1.356,806.82,1,True,False
8457,298.6,0.386,46.26812126601619,1.556,600.6160000000001,0,False,False
8458,298.6,0.455,68.06749200415314,1.393,633.815,0,True,False
8459,298.7,0.268,58.4375530217207,1.753,469.80400000000003,0,False,True
8460,298.7,0.295,59.96977995855329,1.651,487.045,0,True,False
8461,298.7,0.547,41.40774922815663,1.372,750.484,0,False,True
8462,298.7,0.433,75.28679109382041,1.446,626.1179999999999,0,False,True
8463,298.7,0.447,65.8527123052105,1.501,670.947,0,True,False
8464,298.7,0.451,41.7691021654728,1.411,636.361,0,False,True
8465,298.6,0.275,53.6999683512798,1.672,459.8,1,False,True
8466,298.7,0.405,75.52049663675152,1.475,597.375,0,True,False
8467,298.7,0.384,63.417752299331035,1.469,564.096,0,False,False
8468,298.6,0.28300000000000003,40.43243895664652,1.704,482.232,1,False,False
8469,298.6,0.391,53.63885228946434,1.463,572.033,0,True,False
8470,298.6,0.6409999999999999,47.13471992278673,1.28,820.48,0,True,False
8471,298.7,0.38,60.87327768268632,1.464,556.32,0,True,False
8472,298.6,0.46399999999999997,77.16805644359948,1.332,618.048,0,True,False
8473,298.5,0.37799999999999995,56.81335674022099,1.634,617.6519999999999,0,False,False
8474,298.6,0.431,56.66710151841615,1.43,616.33,0,True,False
8475,298.5,0.446,80.26754511635184,1.523,679.258,0,False,True
8476,298.5,0.377,63.809270625363624,1.557,586.989,0,False,False
8477,298.5,0.322,63.30955436987034,1.585,510.37000000000006,0,True,False
8478,298.5,0.335,48.09549459376947,1.579,528.965,0,False,False
8479,298.5,0.608,65.38613739185632,1.354,823.232,0,False,False
8480,298.6,0.33399999999999996,63.795523370869816,1.627,543.418,0,False,True
8481,298.4,0.35600000000000004,54.8425735170932,1.477,525.812,0,True,False
8482,298.3,0.29,84.53477829495903,1.595,462.55,1,True,False
8483,298.4,0.381,79.09454824740433,1.52,579.12,0,False,True
8484,298.3,0.315,72.47931450384078,1.618,509.67,0,False,True
8485,298.4,0.503,61.86727942065002,1.397,702.6909999999999,0,False,False
8486,298.4,0.479,58.10299009473151,1.45,694.55,0,False,True
8487,298.5,0.402,44.24486976115997,1.501,603.402,0,True,False
8488,298.4,0.501,50.286873700731185,1.392,697.3919999999999,0,False,False
8489,298.4,0.43200000000000005,73.69803999116051,1.385,598.32,0,True,False
8490,298.4,0.46299999999999997,57.68744769687757,1.461,676.443,0,True,False
8491,298.5,0.5870000000000001,79.11347582847506,1.364,800.668,1,False,True
8492,298.5,0.386,42.395556817276436,1.579,609.494,0,True,False
8493,298.4,0.38799999999999996,60.41735480068182,1.514,587.432,0,False,False
8494,298.3,0.369,67.34828420106544,1.56,575.64,0,False,True
8495,298.3,0.36700000000000005,60.8424228153963,1.542,565.914,0,True,False
8496,298.3,0.271,79.46134457924936,1.668,452.028,0,False,True
8497,298.3,0.226,84.47816409145699,1.816,410.41600000000005,0,False,True
8498,298.3,0.342,40.79173291706849,1.509,516.078,0,False,False
8499,298.4,0.37799999999999995,41.49774520384605,1.479,559.062,0,True,False
8500,298.4,0.302,41.51620567800605,1.655,499.81,0,True,False
8501,298.3,0.303,69.05885480352637,1.711,518.433,0,False,False
8502,298.4,0.34600000000000003,53.6338047747919,1.581,547.0260000000001,0,True,False
8503,298.6,0.5589999999999999,71.6657330632953,1.279,714.9609999999999,0,True,False
8504,298.5,0.409,55.273573644348936,1.468,600.4119999999999,1,False,True
8505,298.4,0.413,66.38033606660318,1.419,586.047,0,True,False
8506,298.4,0.386,73.49290028394468,1.53,590.58,0,False,False
8507,298.4,0.273,62.41079553274603,1.71,466.83,0,True,False
8508,298.4,0.39799999999999996,61.975179522500305,1.518,604.164,0,False,False
8509,298.4,0.33299999999999996,39.41171626428172,1.679,559.107,0,False,True
8510,298.4,0.225,55.53908714547174,1.87,420.75,0,True,False
8511,298.3,0.44299999999999995,62.28885766124688,1.484,657.4119999999999,0,True,False
8512,298.4,0.442,58.0990412833205,1.457,643.994,0,False,False
8513,298.3,0.36200000000000004,80.03910000942128,1.546,559.652,1,False,False
8514,298.2,0.365,80.32653160597447,1.478,539.47,0,False,False
8515,298.2,0.47100000000000003,76.09586902943809,1.447,681.5369999999999,0,True,False
8516,298.2,0.45399999999999996,53.764903768656,1.443,655.122,0,True,False
8517,298.3,0.309,70.86495758437673,1.527,471.84299999999996,0,False,True
8518,298.3,0.5479999999999999,54.764423053480485,1.469,805.012,0,False,True
8519,298.3,0.271,46.62967994878795,1.681,455.55100000000004,0,False,False
8520,298.3,0.441,52.145132177544085,1.42,626.22,0,False,True
8521,298.3,0.499,38.54823166427678,1.543,769.957,0,False,False
8522,298.4,0.504,51.588875450232365,1.376,693.5039999999999,0,False,False
8523,298.3,0.298,58.03711086305858,1.631,486.038,0,True,False
8524,298.3,0.41700000000000004,82.7740447390415,1.529,637.5930000000001,0,False,False
8525,298.3,0.462,50.670529310981244,1.468,678.216,0,False,False
8526,298.3,0.523,80.12267696027604,1.378,720.694,0,True,False
8527,298.3,0.519,46.44291379117485,1.401,727.1189999999999,0,False,False
8528,298.4,0.374,44.548444887962475,1.531,572.594,0,False,True
8529,298.4,0.358,60.94977282160825,1.512,541.2959999999999,0,False,False
8530,298.5,0.474,68.6255684648703,1.522,721.428,0,False,False
8531,298.5,0.318,37.21661254011407,1.615,513.57,0,False,True
8532,298.6,0.465,46.05329325236083,1.449,673.785,0,True,False
8533,298.6,0.555,57.784183325065825,1.315,729.825,1,False,False
8534,298.6,0.41100000000000003,51.550216799159074,1.465,602.115,0,False,True
8535,298.6,0.433,70.6310539674161,1.404,607.932,0,False,False
8536,298.6,0.44799999999999995,60.55802980206584,1.547,693.0559999999999,0,True,False
8537,298.6,0.45399999999999996,43.01795528019501,1.426,647.404,0,True,False
8538,298.6,0.302,79.72326896575453,1.73,522.46,0,False,True
8539,298.5,0.377,49.64528377416798,1.548,583.596,0,False,False
8540,298.5,0.402,71.55655544822118,1.517,609.8340000000001,0,False,True
8541,298.6,0.293,73.99578895527048,1.687,494.291,0,False,False
8542,298.5,0.252,83.15788501280511,1.738,437.976,0,False,False
8543,298.4,0.353,59.92537332620507,1.512,533.736,1,False,True
8544,298.5,0.48700000000000004,65.79177577322162,1.365,664.755,0,False,False
8545,298.5,0.21,51.743814673976686,2.011,422.31,0,True,False
8546,298.4,0.276,68.90896467060332,1.806,498.4560000000001,0,False,False
8547,298.4,0.284,58.16917429331599,1.716,487.34399999999994,1,False,True
8548,298.4,0.243,56.88261823622111,1.666,404.838,0,True,False
8549,298.5,0.363,77.77337645580528,1.578,572.814,0,True,False
8550,298.3,0.37200000000000005,37.50844217493443,1.558,579.576,0,True,False
8551,298.3,0.455,79.09812139159342,1.456,662.48,0,False,True
8552,298.2,0.49,77.60349189142785,1.457,713.93,0,True,False
8553,298.2,0.445,60.318312678089455,1.467,652.815,0,False,False
8554,298.1,0.382,59.510142710281414,1.661,634.5020000000001,0,False,False
8555,298.1,0.33899999999999997,53.09036840177451,1.592,539.688,0,False,False
8556,298.2,0.37200000000000005,84.70868958408673,1.596,593.712,0,False,False
8557,298.2,0.406,40.558466637692064,1.489,604.534,0,True,False
8558,298.3,0.483,64.51076178143035,1.471,710.493,0,False,False
8559,298.3,0.413,69.08407950562085,1.505,621.5649999999999,0,False,True
8560,298.3,0.4,81.71650041084723,1.519,607.6,0,False,True
8561,298.3,0.45399999999999996,74.01017484283807,1.408,639.232,0,True,False
8562,298.2,0.444,67.19236014057734,1.332,591.4079999999999,0,False,True
8563,298.1,0.524,40.840615840606134,1.351,707.924,0,False,False
8564,298.0,0.36700000000000005,53.68667584157337,1.5,550.5000000000001,0,False,True
8565,298.0,0.307,41.94208212739926,1.614,495.49799999999993,0,False,False
8566,298.0,0.365,79.06063662327568,1.489,543.485,1,False,False
8567,297.9,0.266,72.48105777818215,1.751,465.7660000000001,0,False,True
8568,298.0,0.45799999999999996,72.87683933986146,1.511,692.038,0,False,True
8569,297.9,0.29600000000000004,67.61282588867721,1.691,500.53600000000006,0,False,False
8570,297.9,0.275,60.352176846835484,1.757,483.175,0,True,False
8571,297.9,0.359,42.49855297317486,1.545,554.655,0,True,False
8572,297.9,0.157,51.484744335252586,2.262,355.134,0,True,False
8573,297.7,0.35200000000000004,41.845789623844524,1.559,548.768,0,True,False
8574,297.6,0.324,71.24565714261716,1.626,526.824,0,True,False
8575,297.6,0.539,43.011438801100255,1.424,767.536,0,False,True
8576,297.6,0.29100000000000004,70.10567750858428,1.648,479.56800000000004,0,True,False
8577,297.6,0.395,69.61276947979523,1.523,601.585,0,False,False
8578,297.6,0.43200000000000005,57.96522394956445,1.502,648.864,0,True,False
8579,297.5,0.40700000000000003,41.761432705902614,1.489,606.023,0,True,False
8580,297.4,0.312,50.74004130670183,1.62,505.44,0,True,False
8581,297.5,0.306,51.00465545377757,1.631,499.08600000000007,0,True,False
8582,297.5,0.45799999999999996,70.01925665716468,1.429,654.482,0,False,True
8583,297.5,0.72,40.68715097068622,1.334,960.48,1,False,True
8584,297.4,0.38,76.45343231080454,1.423,540.74,0,True,False
8585,297.4,0.47700000000000004,73.05036450929569,1.39,663.03,0,False,False
8586,297.4,0.485,44.315345908713695,1.338,648.93,0,False,False
8587,297.3,0.375,70.95821908894447,1.461,547.875,0,False,True
8588,297.4,0.34299999999999997,68.42565907339109,1.627,558.061,0,False,True
8589,297.3,0.444,72.40604000554632,1.385,614.94,0,False,False
8590,297.3,0.48,44.446427772434724,1.538,738.24,0,False,False
8591,297.4,0.355,42.879516107823434,1.557,552.735,0,False,True
8592,297.4,0.33399999999999996,46.82419929613771,1.606,536.404,0,True,False
8593,297.5,0.445,53.29358515744878,1.43,636.35,0,False,False
8594,297.4,0.34600000000000003,74.68324905179006,1.601,553.946,0,False,True
8595,297.4,0.519,71.8961968739425,1.356,703.7639999999999,0,False,False
8596,297.5,0.309,81.27257961392667,1.624,501.816,0,False,False
8597,297.5,0.565,37.93147795493077,1.327,749.755,0,False,False
8598,297.6,0.47,35.57781405070928,1.41,662.7,0,True,False
8599,297.6,0.423,69.95694148503995,1.478,625.194,1,False,False
8600,297.6,0.40299999999999997,48.96437478970829,1.46,588.3799999999999,0,False,False
8601,297.5,0.40299999999999997,51.703944776690875,1.435,578.305,0,False,False
8602,297.4,0.469,62.34010129572561,1.359,637.371,0,False,False
8603,297.4,0.317,40.120656156339926,1.729,548.093,0,False,True
8604,297.3,0.491,67.13472082740248,1.384,679.5440000000001,0,True,False
8605,297.4,0.521,51.25737231155751,1.297,675.737,1,False,False
8606,297.5,0.33299999999999996,66.63575621504958,1.633,543.789,1,False,False
8607,297.5,0.37200000000000005,76.70034565366929,1.505,559.8600000000001,0,False,False
8608,297.5,0.5,43.555566666871485,1.433,716.5,0,True,False
8609,297.4,0.506,81.54365464572601,1.369,692.714,0,False,False
8610,297.4,0.405,61.53440705312219,1.475,597.375,0,False,True
8611,297.4,0.38299999999999995,81.14638825869841,1.561,597.8629999999999,0,False,False
8612,297.4,0.455,45.38650411008891,1.472,669.76,0,False,True
8613,297.5,0.445,65.22813323021188,1.441,641.245,0,False,True
8614,297.5,0.505,55.19435586618023,1.401,707.505,1,True,False
8615,297.5,0.331,73.71110955780065,1.691,559.721,0,True,False
8616,297.6,0.47100000000000003,65.29544716066482,1.382,650.922,0,False,True
8617,297.6,0.46399999999999997,59.72577284791592,1.355,628.72,0,False,True
8618,297.6,0.45299999999999996,80.64927032155043,1.529,692.637,0,True,False
8619,297.7,0.249,53.85585320858401,1.829,455.421,0,True,False
8620,297.6,0.39799999999999996,45.99901024490907,1.48,589.04,0,True,False
8621,297.6,0.424,65.40505934260459,1.475,625.4,0,False,True
8622,297.6,0.526,66.20142185864069,1.431,752.706,0,True,False
8623,297.5,0.423,56.95473107859377,1.437,607.851,0,False,False
8624,297.5,0.456,59.33050218446911,1.476,673.056,0,False,True
8625,297.5,0.397,82.977670714995,1.49,591.5300000000001,0,True,False
8626,297.4,0.335,71.63428456984006,1.632,546.72,0,False,False
8627,297.4,0.49700000000000005,40.53008757412885,1.402,696.7940000000001,0,True,False
8628,297.4,0.45799999999999996,45.60650354353055,1.347,616.9259999999999,0,False,True
8629,297.5,0.31,83.77883172177795,1.747,541.57,1,True,False
8630,297.5,0.391,71.32327768967656,1.557,608.787,0,False,False
8631,297.4,0.574,80.75225630723266,1.371,786.954,0,False,False
8632,297.3,0.37,50.1930731994361,1.506,557.22,0,True,False
8633,297.3,0.355,72.09334300432963,1.59,564.45,0,True,False
8634,297.4,0.537,70.70013542617556,1.336,717.432,0,False,False
8635,297.3,0.43200000000000005,49.73449927196876,1.411,609.552,0,True,False
8636,297.4,0.273,62.54081627253527,1.704,465.19200000000006,0,False,True
8637,297.5,0.273,66.37075556351476,1.723,470.379,0,False,True
8638,297.5,0.397,59.056590541373254,1.459,579.2230000000001,0,False,False
8639,297.6,0.359,76.35893533290064,1.572,564.348,0,False,False
8640,297.5,0.56,76.64345208989948,1.384,775.04,0,False,False
8641,297.6,0.475,77.53002741507784,1.383,656.925,0,False,True
8642,297.6,0.486,75.17117845490814,1.36,660.96,1,False,False
8643,297.5,0.366,59.40417385985723,1.596,584.1360000000001,0,True,False
8644,297.5,0.5429999999999999,54.07191490745036,1.448,786.2639999999999,0,True,False
8645,297.6,0.382,76.56881418571854,1.443,551.2260000000001,0,False,False
8646,297.6,0.355,59.51007292781334,1.492,529.66,0,False,False
8647,297.5,0.439,47.3185699313991,1.497,657.183,0,False,False
8648,297.5,0.385,60.36717661611081,1.53,589.05,0,True,False
8649,297.4,0.462,42.0924910959621,1.478,682.836,0,False,False
8650,297.4,0.618,69.58147452993995,1.328,820.704,0,True,False
8651,297.4,0.27399999999999997,51.79606408119532,1.771,485.25399999999996,0,True,False
8652,297.4,0.35,48.03293992237272,1.564,547.4,0,False,False
8653,297.3,0.415,82.82543731173726,1.461,606.315,0,True,False
8654,297.4,0.579,73.84404978791538,1.335,772.965,0,False,False
8655,297.4,0.46799999999999997,74.35347513619658,1.441,674.388,1,True,False
8656,297.3,0.606,66.18609846395917,1.268,768.408,0,False,False
8657,297.3,0.27399999999999997,76.95864052551485,1.697,464.97799999999995,0,False,False
8658,297.4,0.46,72.95812405816906,1.421,653.66,0,True,False
8659,297.4,0.364,64.93868520668083,1.496,544.544,0,True,False
8660,297.5,0.556,83.05622009258587,1.375,764.5,0,False,True
8661,297.4,0.521,44.57974748422115,1.295,674.695,1,False,False
8662,297.4,0.33799999999999997,82.16898594973756,1.643,555.334,0,False,False
8663,297.5,0.369,55.07190809994324,1.514,558.6659999999999,0,True,False
8664,297.5,0.294,61.41994917007433,1.671,491.27399999999994,0,False,False
8665,297.5,0.589,41.136965977215446,1.355,798.095,0,False,False
8666,297.6,0.506,62.00537194608955,1.365,690.69,0,False,False
8667,297.5,0.425,65.56033759290966,1.407,597.975,0,False,False
8668,297.5,0.461,84.8850770904262,1.455,670.755,1,True,False
8669,297.5,0.45899999999999996,83.75962055357633,1.502,689.418,0,True,False
8670,297.5,0.523,83.31986459371436,1.471,769.3330000000001,0,False,True
8671,297.5,0.304,52.419403005102865,1.581,480.62399999999997,0,False,True
8672,297.5,0.37799999999999995,84.56332493725218,1.53,578.3399999999999,0,True,False
8673,297.5,0.503,57.773907579755544,1.312,659.9359999999999,0,False,False
8674,297.4,0.426,77.59181293809502,1.494,636.444,0,True,False
8675,297.4,0.29100000000000004,45.8159984509486,1.528,444.648,1,True,False
8676,297.3,0.294,60.291658982830114,1.688,496.272,0,True,False
8677,297.3,0.424,83.30060480638028,1.52,644.48,0,True,False
8678,297.3,0.289,82.35156984617137,1.664,480.89599999999996,0,False,False
8679,297.3,0.445,69.18674389107133,1.514,673.73,1,False,False
8680,297.3,0.542,74.890716127653,1.456,789.1519999999999,0,True,False
8681,297.2,0.396,43.82133483012007,1.494,591.624,0,True,False
8682,297.2,0.3,71.08292747420788,1.605,481.5,0,False,True
8683,297.2,0.465,65.90254041676862,1.353,629.145,0,True,False
8684,297.2,0.479,39.5775867875623,1.447,693.113,0,False,False
8685,297.2,0.40399999999999997,40.65795032948381,1.588,641.552,0,True,False
8686,297.2,0.414,40.422180887563094,1.524,630.936,0,False,False
8687,297.2,0.316,71.21784674149178,1.611,509.0760000000001,0,True,False
8688,297.2,0.349,42.08576041237862,1.604,559.7959999999999,0,True,False
8689,297.1,0.469,58.38661355572353,1.483,695.5269999999999,0,True,False
8690,297.1,0.396,52.84909029388788,1.543,611.028,0,True,False
8691,297.1,0.444,62.52520703851089,1.323,587.4119999999999,0,False,False
8692,297.1,0.36200000000000004,70.32382436097015,1.555,562.9100000000001,0,False,False
8693,297.1,0.319,69.2361268610666,1.583,504.977,0,True,False
8694,297.2,0.4,60.77599579571883,1.584,633.6,0,True,False
8695,297.2,0.258,58.21674368051927,1.766,455.62800000000004,0,False,False
8696,297.2,0.444,54.890779756112934,1.498,665.112,0,False,False
8697,297.2,0.498,78.09549741521897,1.413,703.674,0,False,True
8698,297.3,0.335,51.54259024363225,1.505,504.175,1,False,False
8699,297.3,0.462,47.968291058374746,1.438,664.3560000000001,1,False,False
8700,297.3,0.341,72.16577468276355,1.655,564.355,0,False,False
8701,297.3,0.43799999999999994,52.98817308483632,1.451,635.538,0,False,True
8702,297.3,0.384,77.34992998786342,1.466,562.944,0,False,True
8703,297.2,0.23,51.39443593185724,1.774,408.02,0,True,False
8704,297.2,0.513,70.09724122872942,1.284,658.692,0,True,False
8705,297.1,0.4,37.2554503142668,1.425,570.0,0,True,False
8706,297.2,0.524,54.278144005516,1.437,752.988,0,False,False
8707,297.2,0.53,52.16150874837757,1.335,707.55,0,False,False
8708,297.2,0.41700000000000004,75.83393696379616,1.471,613.407,0,False,False
8709,297.2,0.54,83.3527701614155,1.364,736.56,0,True,False
8710,297.1,0.35600000000000004,58.04406383464807,1.578,561.768,0,False,False
8711,297.1,0.321,76.2418138576879,1.712,549.552,0,False,True
8712,297.1,0.287,69.98473504786826,1.733,497.371,0,True,False
8713,297.2,0.321,83.36929938318465,1.652,530.292,0,False,False
8714,297.2,0.24100000000000002,75.55542571714123,1.917,461.99700000000007,0,False,False
8715,297.2,0.41100000000000003,38.87390329818653,1.444,593.484,0,False,True
8716,297.1,0.371,70.6640861191118,1.442,534.9820000000001,0,False,True
8717,297.1,0.313,61.77498577111868,1.717,537.4209999999999,0,False,False
8718,297.1,0.423,35.82180289661636,1.474,623.502,1,False,False
8719,297.2,0.39299999999999996,47.565647936272185,1.509,593.0369999999999,0,False,True
8720,297.2,0.431,81.08776225134466,1.451,625.381,0,False,False
8721,297.3,0.361,81.30306863933765,1.554,560.994,0,True,False
8722,297.2,0.307,74.94252301003172,1.669,512.3829999999999,0,False,True
8723,297.2,0.504,84.08898016389946,1.366,688.4639999999999,0,True,False
8724,297.2,0.344,75.32726123121024,1.578,542.832,0,True,False
8725,297.2,0.39,35.51020936426226,1.513,590.07,0,False,True
8726,297.1,0.42100000000000004,49.391717015075585,1.515,637.815,0,False,False
8727,297.2,0.33,36.531209111888145,1.562,515.46,0,False,False
8728,297.2,0.385,39.70539843687797,1.501,577.885,0,True,False
8729,297.2,0.381,45.942040847538806,1.398,532.638,0,True,False
8730,297.3,0.5379999999999999,60.177927316276126,1.352,727.3759999999999,0,True,False
8731,297.3,0.33899999999999997,77.37660017310088,1.569,531.891,0,True,False
8732,297.2,0.466,78.0983378078554,1.486,692.4760000000001,0,False,False
8733,297.2,0.23600000000000002,65.81009292786482,1.864,439.904,0,True,False
8734,297.3,0.445,81.40879695331175,1.447,643.915,0,False,False
8735,297.2,0.415,60.003116329510405,1.392,577.68,0,True,False
8736,297.3,0.47600000000000003,79.45180220666008,1.358,646.408,0,False,True
8737,297.3,0.402,57.703262816600606,1.491,599.3820000000001,0,True,False
8738,297.3,0.36700000000000005,48.861250371094116,1.556,571.052,0,True,False
8739,297.3,0.36700000000000005,80.8206459050214,1.531,561.8770000000001,0,True,False
8740,297.4,0.376,54.39675378394347,1.429,537.304,0,False,False
8741,297.4,0.33899999999999997,60.17020544222308,1.573,533.247,0,False,False
8742,297.4,0.41200000000000003,51.44303162653386,1.538,633.6560000000001,0,False,False
8743,297.4,0.39,68.1418800145365,1.467,572.13,0,False,False
8744,297.4,0.511,84.75156125030178,1.323,676.053,1,True,False
8745,297.4,0.23,36.27567744323848,1.798,413.54,0,False,False
8746,297.4,0.46299999999999997,79.99240030035507,1.411,653.293,0,False,False
8747,297.3,0.445,35.19630284946327,1.528,679.96,0,True,False
8748,297.3,0.42,53.21139405731056,1.504,631.68,0,True,False
8749,297.3,0.396,43.430340314475714,1.384,548.064,0,True,False
8750,297.2,0.264,72.86708903362756,1.677,442.72799999999995,0,True,False
8751,297.3,0.308,37.53054203785867,1.764,543.312,0,False,False
8752,297.4,0.42,62.67424767921639,1.472,618.24,0,True,False
8753,297.4,0.5589999999999999,49.746306692265634,1.465,818.935,1,True,False
8754,297.4,0.331,41.68351244323511,1.657,548.4670000000001,0,True,False
8755,297.4,0.305,73.59091060513204,1.635,498.675,0,False,True
8756,297.4,0.319,45.87084171276284,1.582,504.65799999999996,0,False,True
8757,297.5,0.262,46.18376060274694,1.761,461.38199999999995,0,True,False
8758,297.5,0.349,48.75383925689615,1.587,553.8629999999999,0,True,False
8759,297.5,0.53,64.33833819140136,1.446,766.38,0,True,False
8760,297.5,0.53,67.98329658453741,1.352,716.56,0,False,False
8761,297.4,0.46399999999999997,35.88012618506725,1.392,645.8879999999999,0,True,False
8762,297.5,0.498,47.093481805689514,1.417,705.6659999999999,0,False,False
8763,297.5,0.24,56.54854212526414,1.824,437.76,1,False,False
8764,297.5,0.36700000000000005,51.59884760806166,1.603,588.301,0,False,True
8765,297.4,0.33399999999999996,79.2085329255443,1.62,541.08,0,True,False
8766,297.4,0.494,74.38543654432094,1.353,668.382,0,False,True
8767,297.5,0.507,66.29451077694138,1.36,689.52,0,False,True
8768,297.5,0.535,51.902120799851986,1.38,738.3,0,True,False
8769,297.5,0.536,70.033617242308,1.363,730.568,0,True,False
8770,297.4,0.41200000000000003,77.18190064228972,1.452,598.224,0,True,False
8771,297.4,0.32799999999999996,64.74151886794934,1.68,551.04,1,True,False
8772,297.5,0.39,74.22307334466896,1.536,599.04,0,True,False
8773,297.5,0.289,72.45524806998739,1.621,468.46899999999994,0,False,False
8774,297.5,0.376,63.586865558016115,1.585,595.96,0,False,False
8775,297.6,0.515,50.60916084107555,1.408,725.12,0,False,True
8776,297.5,0.387,72.28910790006358,1.536,594.432,0,True,False
8777,297.5,0.526,45.33981831788032,1.352,711.1519999999999,0,False,True
8778,297.5,0.38799999999999996,73.97441732357669,1.481,574.6279999999999,0,True,False
8779,297.5,0.45,75.22733460712665,1.454,654.3,1,False,True
8780,297.5,0.515,76.10724397851865,1.349,694.735,0,True,False
8781,297.5,0.521,58.64579854892288,1.327,691.367,0,True,False
8782,297.6,0.423,44.624038388521086,1.552,656.4959999999999,0,False,True
8783,297.5,0.447,39.98618000330344,1.456,650.832,0,True,False
8784,297.6,0.45799999999999996,72.16806252439622,1.254,574.332,0,False,False
8785,297.5,0.433,79.31306922649065,1.437,622.221,0,False,False
8786,297.5,0.271,67.54191794184533,1.694,459.074,0,False,False
8787,297.5,0.507,42.20800301941848,1.306,662.1419999999999,0,False,False
8788,297.5,0.301,81.74482242587871,1.699,511.399,1,False,False
8789,297.4,0.532,84.45510072696598,1.369,728.308,0,True,False
8790,297.4,0.439,56.6689304967461,1.471,645.769,1,False,False
8791,297.4,0.439,64.74126446368857,1.41,618.99,0,False,True
8792,297.4,0.455,73.86142600008289,1.412,642.46,0,True,False
8793,297.4,0.512,71.81948950250224,1.418,726.0160000000001,0,True,False
8794,297.4,0.259,83.38935959667246,1.782,461.53799999999995,0,False,False
8795,297.4,0.364,40.744154553939445,1.497,544.9079999999999,0,False,False
8796,297.3,0.39399999999999996,64.03624330714028,1.459,574.846,0,False,False
8797,297.2,0.23800000000000002,69.5965709836546,1.796,427.44800000000004,0,True,False
8798,297.2,0.312,79.5049212093835,1.569,489.52799999999996,1,False,False
8799,297.3,0.467,78.70548138590753,1.469,686.023,0,True,False
8800,297.3,0.413,83.8999896780645,1.472,607.936,0,False,False
8801,297.4,0.47200000000000003,60.603922696883956,1.475,696.2,0,False,True
8802,297.4,0.364,76.53804334066133,1.488,541.632,0,True,False
8803,297.4,0.431,56.364085406366385,1.524,656.844,0,False,False
8804,297.4,0.486,56.115693892801616,1.486,722.196,0,False,True
8805,297.5,0.607,47.667418223642954,1.255,761.785,1,False,False
8806,297.4,0.426,75.9118643509615,1.469,625.794,0,False,True
8807,297.4,0.34299999999999997,84.29075529067578,1.692,580.356,0,False,False
8808,297.4,0.32799999999999996,47.817086417362894,1.604,526.112,1,False,True
8809,297.4,0.48100000000000004,37.80657940105362,1.446,695.5260000000001,1,True,False
8810,297.3,0.433,75.77712187095037,1.503,650.799,1,True,False
8811,297.3,0.32799999999999996,66.01150262673781,1.625,532.9999999999999,0,True,False
8812,297.2,0.358,82.98494002755022,1.574,563.492,0,False,False
8813,297.2,0.419,47.611960953847614,1.378,577.382,0,False,True
8814,297.1,0.295,38.551382900064056,1.693,499.435,0,True,False
8815,297.2,0.512,59.62211304332508,1.462,748.5440000000001,0,False,False
8816,297.3,0.55,39.273301148257374,1.435,789.25,0,False,False
8817,297.2,0.45799999999999996,48.089500055135375,1.425,652.65,0,False,False
8818,297.3,0.535,41.29889304095841,1.376,736.16,0,True,False
8819,297.4,0.48,46.20660898300393,1.481,710.88,0,False,False
8820,297.4,0.489,40.30723264106959,1.349,659.661,0,True,False
8821,297.3,0.4,82.69529997136428,1.551,620.4,0,True,False
8822,297.4,0.33799999999999997,48.928135672486775,1.623,548.574,1,False,True
8823,297.4,0.49700000000000005,57.19487929962827,1.462,726.614,0,True,False
8824,297.3,0.574,79.93059038171111,1.447,830.578,0,True,False
8825,297.3,0.245,68.86607939807371,1.799,440.755,0,False,True
8826,297.3,0.413,65.90187402808871,1.548,639.324,0,True,False
8827,297.2,0.479,70.27815951804186,1.485,711.315,0,False,False
8828,297.2,0.499,76.4411128552691,1.463,730.0369999999999,1,True,False
8829,297.3,0.358,78.88346339258806,1.587,568.146,0,True,False
8830,297.3,0.441,67.13198353325132,1.469,647.8290000000001,0,True,False
8831,297.3,0.428,79.50036373470289,1.43,612.04,0,True,False
8832,297.4,0.268,61.76987637127384,1.726,462.56800000000004,0,False,False
8833,297.4,0.341,48.86454281342117,1.651,562.9910000000001,0,False,False
8834,297.4,0.413,79.00383544419222,1.529,631.477,0,False,False
8835,297.4,0.462,62.07364137065436,1.473,680.5260000000001,0,False,True
8836,297.4,0.535,80.30687937836171,1.324,708.34,0,True,False
8837,297.4,0.28800000000000003,37.00839069752906,1.708,491.904,0,False,False
8838,297.5,0.385,54.87578757706177,1.54,592.9,0,False,False
8839,297.5,0.547,82.39025091812341,1.32,722.04,0,False,True
8840,297.4,0.39,47.48250463791514,1.376,536.64,0,True,False
8841,297.3,0.37,82.07681230192463,1.542,570.54,0,False,False
8842,297.3,0.39299999999999996,82.6951230564625,1.506,591.858,0,False,True
8843,297.3,0.436,79.10711571129305,1.492,650.5120000000001,0,True,False
8844,297.3,0.38,63.183402254664934,1.564,594.32,0,False,True
8845,297.4,0.308,67.34697245403193,1.645,506.66,0,True,False
8846,297.4,0.591,78.48084992249346,1.348,796.668,0,False,False
8847,297.4,0.624,73.79485411945922,1.325,826.8,1,False,True
8848,297.5,0.435,66.50469247277059,1.443,627.705,0,False,False
8849,297.5,0.44799999999999995,84.11297039353514,1.436,643.328,0,False,False
8850,297.5,0.307,69.28383181668471,1.596,489.972,0,True,False
8851,297.6,0.43200000000000005,83.77409962238806,1.491,644.1120000000001,0,False,True
8852,297.7,0.35100000000000003,37.869423730354534,1.573,552.123,0,False,False
8853,297.7,0.39899999999999997,41.94801853711062,1.575,628.425,0,True,False
8854,297.7,0.41100000000000003,57.57294230002453,1.458,599.238,0,False,False
8855,297.7,0.418,54.24397304421576,1.433,598.9939999999999,0,False,False
8856,297.7,0.281,74.13674206785139,1.662,467.02200000000005,0,True,False
8857,297.7,0.637,43.030701323460185,1.327,845.2990000000001,0,True,False
8858,297.7,0.263,83.80475895557443,1.742,458.14599999999996,0,True,False
8859,297.8,0.335,50.753293763045704,1.506,504.51,0,False,False
8860,297.9,0.444,56.44618538700797,1.457,646.9079999999999,0,False,False
8861,297.9,0.373,48.737251622001146,1.488,555.0239999999999,0,False,False
8862,297.9,0.34700000000000003,63.968180866327366,1.619,561.793,0,False,True
8863,298.0,0.41700000000000004,37.9314350211292,1.558,649.686,0,False,True
8864,298.0,0.287,42.48387527852244,1.731,496.79699999999997,0,False,False
8865,298.0,0.348,72.2898851709362,1.574,547.752,0,True,False
8866,297.9,0.498,44.3250291702402,1.29,642.42,0,False,False
8867,297.9,0.396,46.77572257783314,1.416,560.736,0,False,False
8868,297.9,0.419,74.64911178624189,1.566,656.154,1,False,False
8869,297.9,0.465,39.66505891786268,1.456,677.04,0,False,False
8870,297.9,0.375,56.87369113854204,1.528,573.0,1,True,False
8871,297.9,0.496,36.15316934986135,1.338,663.648,1,False,True
8872,297.9,0.392,52.34036996589519,1.558,610.7360000000001,0,True,False
8873,297.9,0.381,69.94907013053773,1.614,614.934,0,False,False
8874,298.0,0.364,39.505163985861415,1.557,566.7479999999999,0,True,False
8875,298.1,0.45299999999999996,79.416731338938,1.443,653.679,0,False,True
8876,298.1,0.51,80.4749521470358,1.332,679.32,0,True,False
8877,298.1,0.252,40.249518756256755,1.752,441.504,0,True,False
8878,298.1,0.45799999999999996,84.53662181878883,1.46,668.68,0,True,False
8879,298.1,0.26899999999999996,49.876477669774445,1.802,484.73799999999994,0,True,False
8880,298.0,0.395,39.205083556580306,1.527,603.165,0,True,False
8881,298.0,0.39799999999999996,35.25335572486311,1.458,580.284,0,False,False
8882,298.0,0.379,55.42614478819313,1.52,576.08,0,False,False
8883,298.0,0.49700000000000005,66.49049928530589,1.378,684.8660000000001,1,True,False
8884,297.9,0.381,51.60896249516566,1.529,582.549,0,True,False
8885,298.0,0.324,76.83586827373114,1.527,494.74799999999993,0,False,True
8886,298.0,0.429,70.8303137782525,1.438,616.9019999999999,0,False,False
8887,297.9,0.36700000000000005,52.50807659840163,1.583,580.961,1,False,False
8888,297.8,0.376,71.71548333043023,1.53,575.28,0,False,False
8889,297.7,0.391,82.02438684846248,1.53,598.23,1,True,False
8890,297.7,0.191,39.654799927150854,2.089,398.999,0,True,False
8891,297.7,0.342,50.30519800788085,1.616,552.672,0,True,False
8892,297.7,0.28300000000000003,58.16629695583467,1.681,475.723,0,False,True
8893,297.6,0.43,59.89950638773843,1.475,634.25,0,False,True
8894,297.5,0.465,62.10978224430368,1.371,637.515,0,False,False
8895,297.5,0.38,50.031345326932424,1.546,587.48,0,True,False
8896,297.4,0.401,68.36298229911745,1.461,585.861,0,True,False
8897,297.4,0.319,67.25422517649149,1.638,522.5219999999999,0,True,False
8898,297.3,0.35600000000000004,63.89107531358069,1.577,561.412,0,False,False
8899,297.4,0.387,40.68808608554383,1.532,592.884,0,True,False
8900,297.3,0.27699999999999997,58.848394554797224,1.71,473.67,0,False,True
8901,297.3,0.294,52.811344374468774,1.584,465.69599999999997,0,True,False
8902,297.3,0.501,59.55192349190613,1.446,724.446,0,False,True
8903,297.4,0.46299999999999997,81.09332177575129,1.522,704.6859999999999,0,False,True
8904,297.4,0.499,59.02656715792041,1.382,689.618,0,False,True
8905,297.4,0.382,35.69903959197559,1.584,605.0880000000001,0,False,False
8906,297.3,0.552,56.941836904206546,1.385,764.52,0,False,False
8907,297.3,0.344,76.03240900246911,1.592,547.6479999999999,1,False,False
8908,297.2,0.43700000000000006,74.00304616090841,1.404,613.548,0,False,False
8909,297.2,0.44299999999999995,60.66950367640905,1.518,672.4739999999999,0,False,False
8910,297.1,0.40399999999999997,47.488450642965766,1.529,617.716,0,False,True
8911,297.1,0.37,58.254433145727255,1.55,573.5,0,False,False
8912,297.1,0.23800000000000002,63.185110970909584,1.773,421.974,0,False,True
8913,297.2,0.43700000000000006,84.99357191370669,1.446,631.902,0,False,True
8914,297.2,0.469,67.20890450846886,1.487,697.403,0,True,False
8915,297.3,0.493,69.71324650313068,1.524,751.332,0,True,False
8916,297.1,0.541,59.572707178402595,1.403,759.023,0,False,False
8917,297.1,0.157,52.7244775391265,2.267,355.91900000000004,0,False,False
8918,297.1,0.379,75.64764918236031,1.529,579.491,0,False,True
8919,297.1,0.512,59.74661621696181,1.402,717.8240000000001,0,False,False
8920,297.2,0.28,84.73450649822625,1.693,474.04,0,False,False
8921,297.1,0.45799999999999996,57.8560287134022,1.496,685.168,0,False,False
8922,297.1,0.33299999999999996,38.40001418237887,1.633,543.789,0,True,False
8923,297.1,0.426,69.12890685450414,1.399,595.974,0,False,False
8924,297.0,0.45299999999999996,37.332072546290554,1.363,617.439,0,False,True
8925,297.1,0.42200000000000004,47.525079844235165,1.527,644.394,0,True,False
8926,297.2,0.425,52.68691263899517,1.405,597.125,0,False,False
8927,297.3,0.596,71.97417928106638,1.459,869.5640000000001,0,False,False
8928,297.4,0.25,59.71179632038064,1.789,447.25,0,True,False
8929,297.4,0.415,36.43229656551283,1.531,635.365,1,True,False
8930,297.4,0.358,65.84249256379611,1.62,579.9599999999999,0,False,True
8931,297.4,0.39399999999999996,55.57181187133312,1.571,618.9739999999999,0,True,False
8932,297.4,0.39899999999999997,81.09172549835536,1.434,572.1659999999999,0,True,False
8933,297.4,0.436,59.97811555701177,1.474,642.664,0,True,False
8934,297.3,0.41700000000000004,70.44875729696695,1.544,643.8480000000001,0,False,False
8935,297.3,0.35700000000000004,45.943424616477344,1.601,571.557,0,False,False
8936,297.4,0.26899999999999996,73.04867822658267,1.801,484.46899999999994,0,False,False
8937,297.4,0.42,71.04776552418362,1.465,615.3,0,True,False
8938,297.4,0.526,80.20408542706541,1.34,704.84,0,False,True
8939,297.4,0.41,36.69108208595996,1.517,621.97,0,True,False
8940,297.3,0.44799999999999995,57.37503488087256,1.434,642.432,0,True,False
8941,297.3,0.193,68.95777013698151,1.935,373.455,0,False,False
8942,297.3,0.322,39.75819500401075,1.595,513.59,0,True,False
8943,297.3,0.17,55.53020335744562,2.188,371.96,0,False,True
8944,297.3,0.444,82.10733015330976,1.449,643.356,0,False,True
8945,297.3,0.382,56.79672454455641,1.471,561.922,0,True,False
8946,297.4,0.33799999999999997,84.27023917403157,1.639,553.982,0,False,True
8947,297.3,0.245,37.84195305399098,1.846,452.27,0,False,True
8948,297.3,0.382,70.89148880704457,1.452,554.664,0,False,True
8949,297.4,0.419,64.05081181241347,1.483,621.377,0,True,False
8950,297.4,0.603,60.02698385660627,1.284,774.252,1,False,False
8951,297.4,0.5,83.54237007425047,1.419,709.5,0,True,False
8952,297.3,0.284,41.48252002455643,1.763,500.69199999999995,0,False,True
8953,297.2,0.425,79.79994758404567,1.478,628.15,0,True,False
8954,297.3,0.36,69.5620205568305,1.518,546.48,0,False,False
8955,297.3,0.49,47.94980366498164,1.447,709.03,0,True,False
8956,297.4,0.551,80.08345728161467,1.355,746.605,0,True,False
8957,297.4,0.574,56.46474589305066,1.348,773.752,1,False,False
8958,297.4,0.537,75.71136640365354,1.348,723.8760000000001,0,False,True
8959,297.4,0.27699999999999997,54.44182585237,1.734,480.318,0,False,False
8960,297.3,0.465,77.54654137166204,1.42,660.3,0,False,True
8961,297.3,0.247,66.83145592225243,1.797,443.85900000000004,0,True,False
8962,297.3,0.45,42.05233167918636,1.403,631.35,0,False,False
8963,297.3,0.302,67.48315817347637,1.628,491.656,0,False,False
8964,297.2,0.304,44.56723813509363,1.687,512.848,1,True,False
8965,297.2,0.449,55.59613139470814,1.456,653.744,0,False,False
8966,297.1,0.447,43.51477921260169,1.496,668.712,0,False,False
8967,297.1,0.303,36.10080578335593,1.636,495.708,0,False,False
8968,297.1,0.40399999999999997,45.594326972497875,1.536,620.544,1,False,False
8969,297.1,0.506,61.81860118620629,1.454,735.724,0,False,False
8970,297.0,0.5,59.0780483888673,1.396,698.0,1,True,False
8971,297.0,0.374,60.074854776803186,1.575,589.05,0,True,False
8972,296.9,0.35700000000000004,47.38434392233007,1.514,540.498,0,False,False
8973,296.8,0.499,69.25806003070932,1.455,726.045,0,True,False
8974,296.8,0.483,70.21316434101729,1.549,748.1669999999999,0,True,False
8975,296.8,0.424,52.89839127798328,1.474,624.976,0,False,False
8976,296.7,0.342,79.05850442370871,1.661,568.062,0,False,False
8977,296.7,0.34600000000000003,67.2011608317774,1.535,531.11,0,True,False
8978,296.9,0.312,70.65196376293159,1.556,485.472,0,False,False
8979,296.9,0.45,48.866995896946975,1.435,645.75,0,False,False
8980,296.9,0.511,35.03058175777935,1.332,680.6519999999999,1,True,False
8981,297.0,0.424,78.26878060510548,1.513,641.512,0,False,True
8982,297.0,0.39399999999999996,76.12121922899043,1.502,591.788,0,False,False
8983,297.0,0.601,41.15959440214151,1.315,790.315,0,False,False
8984,297.0,0.511,53.705256747815326,1.261,644.371,0,False,False
8985,297.1,0.604,68.06696541942912,1.406,849.2239999999999,0,True,False
8986,297.1,0.423,67.60554286093641,1.584,670.0319999999999,0,False,False
8987,297.1,0.439,78.01751674042782,1.443,633.477,1,True,False
8988,297.2,0.358,42.01340808177143,1.58,565.6399999999999,0,False,True
8989,297.2,0.24600000000000002,56.496987389255935,1.825,448.95,0,False,True
8990,297.2,0.48200000000000004,39.86122089632124,1.469,708.058,0,False,False
8991,297.2,0.384,54.47976242193141,1.493,573.312,0,True,False
8992,297.3,0.294,35.75537227938522,1.598,469.81199999999995,1,True,False
8993,297.2,0.37200000000000005,79.91365325550635,1.45,539.4000000000001,0,True,False
8994,297.2,0.375,61.35219984143406,1.632,612.0,0,False,False
8995,297.1,0.203,77.49011304011768,1.98,401.94,0,True,False
8996,297.2,0.43700000000000006,37.99523505016819,1.474,644.138,0,False,False
8997,297.2,0.371,46.37290552364603,1.54,571.34,0,True,False
8998,297.1,0.389,47.96899976105903,1.609,625.901,0,False,True
8999,297.1,0.428,54.3345747319394,1.467,627.876,0,True,False
9000,297.1,0.39399999999999996,75.1433186198773,1.492,587.848,1,False,True
9001,297.0,0.461,54.32789368657463,1.493,688.273,0,False,True
9002,297.0,0.39899999999999997,45.23267648231635,1.5,598.5,0,False,False
9003,297.1,0.366,38.24951301693842,1.477,540.582,0,False,False
9004,297.1,0.491,38.974587417634375,1.342,658.922,0,False,False
9005,297.1,0.34299999999999997,73.00236029804887,1.538,527.534,0,False,False
9006,297.2,0.581,57.24014955183165,1.337,776.797,0,True,False
9007,297.3,0.418,71.30905610000076,1.417,592.306,0,True,False
9008,297.4,0.462,69.11435608818488,1.383,638.946,0,False,False
9009,297.4,0.424,41.76812308801289,1.44,610.56,0,False,False
9010,297.3,0.344,42.14439670961336,1.579,543.1759999999999,0,False,False
9011,297.2,0.4,72.7671007717067,1.441,576.4,1,True,False
9012,297.2,0.359,71.06341467427086,1.53,549.27,0,True,False
9013,297.2,0.26,53.901538343715515,1.705,443.3,0,True,False
9014,297.2,0.43,38.871113166642004,1.435,617.05,0,True,False
9015,297.2,0.613,35.60490108492261,1.34,821.42,0,True,False
9016,297.2,0.49700000000000005,49.407847473087244,1.431,711.207,0,True,False
9017,297.3,0.527,35.46111367936135,1.396,735.692,0,True,False
9018,297.3,0.52,46.50363105518517,1.369,711.88,0,False,True
9019,297.3,0.354,55.97503701056692,1.615,571.71,0,True,False
9020,297.2,0.313,41.07078826559771,1.662,520.206,0,False,False
9021,297.3,0.335,40.213887891577315,1.553,520.255,0,True,False
9022,297.4,0.34600000000000003,79.82187178593682,1.536,531.456,0,False,True
9023,297.4,0.466,64.27350145114445,1.548,721.368,0,False,False
9024,297.4,0.309,81.72278433813906,1.706,527.154,0,True,False
9025,297.4,0.455,52.29130818928396,1.366,621.53,0,False,False
9026,297.5,0.359,68.85724686645815,1.44,516.96,0,True,False
9027,297.5,0.281,45.234583731089515,1.685,473.485,1,False,False
9028,297.4,0.44,65.91701586399707,1.444,635.36,0,True,False
9029,297.4,0.48700000000000004,41.47928650049922,1.395,679.365,0,False,True
9030,297.4,0.38799999999999996,35.10403195881429,1.483,575.404,0,False,False
9031,297.5,0.44299999999999995,81.57659007047894,1.403,621.529,0,True,False
9032,297.5,0.239,62.74471880876047,1.793,428.527,0,False,False
9033,297.4,0.28800000000000003,81.34703313910197,1.723,496.224,0,True,False
9034,297.4,0.41,51.6915761851036,1.386,568.26,0,False,True
9035,297.4,0.462,51.38930345808784,1.585,732.27,0,False,False
9036,297.3,0.27699999999999997,55.03275008865158,1.731,479.48699999999997,0,False,False
9037,297.3,0.377,70.30204919790842,1.519,572.663,0,True,False
9038,297.3,0.244,63.290431709308706,1.896,462.62399999999997,0,False,True
9039,297.3,0.149,81.2677453549559,2.358,351.34200000000004,0,False,False
9040,297.3,0.519,36.27204505662197,1.341,695.9789999999999,0,True,False
9041,297.3,0.37,70.40979689862682,1.55,573.5,0,True,False
9042,297.3,0.615,51.516384468327715,1.309,805.035,0,True,False
9043,297.3,0.32899999999999996,44.01168259092306,1.599,526.071,0,False,True
9044,297.4,0.4,60.51978112600494,1.343,537.2,1,True,False
9045,297.4,0.39899999999999997,60.2531892089998,1.378,549.822,0,False,False
9046,297.4,0.34600000000000003,41.85055143442142,1.603,554.638,0,True,False
9047,297.4,0.281,45.094802806644495,1.664,467.584,0,True,False
9048,297.3,0.374,55.408233245077746,1.488,556.512,0,False,False
9049,297.3,0.505,55.44057061961577,1.37,691.85,0,False,True
9050,297.3,0.34299999999999997,50.877906980984235,1.545,529.935,0,False,False
9051,297.4,0.314,42.42725757549905,1.566,491.72399999999993,0,False,True
9052,297.4,0.24600000000000002,35.218683955048974,1.82,447.72,0,False,False
9053,297.4,0.221,83.51175312140103,1.901,420.12100000000004,0,True,False
9054,297.4,0.322,82.17496148519635,1.638,527.436,1,True,False
9055,297.3,0.382,59.18251895880676,1.521,581.022,0,False,False
9056,297.3,0.231,84.75258766375029,1.864,430.584,0,False,True
9057,297.3,0.419,68.68271653911216,1.43,599.17,0,False,True
9058,297.3,0.345,38.44287688037708,1.686,581.67,0,True,False
9059,297.2,0.5720000000000001,40.88590995413137,1.326,758.472,0,True,False
9060,297.2,0.256,80.80554219348188,1.805,462.08,0,True,False
9061,297.2,0.45799999999999996,66.50261010748142,1.453,665.4739999999999,0,False,True
9062,297.2,0.26,77.15918133286755,1.863,484.38,0,False,True
9063,297.2,0.353,79.91348248169221,1.576,556.328,0,False,True
9064,297.2,0.397,57.397100564119306,1.419,563.3430000000001,0,True,False
9065,297.2,0.252,37.42629757883465,1.833,461.916,0,False,False
9066,297.2,0.17300000000000001,44.414017444866104,2.182,377.486,0,False,False
9067,297.2,0.303,38.32859736512175,1.656,501.76800000000003,0,True,False
9068,297.1,0.5660000000000001,44.43699228492537,1.351,764.666,1,False,False
9069,297.1,0.303,55.52664632279384,1.79,542.37,0,True,False
9070,297.2,0.281,40.909840525749274,1.678,471.51800000000003,0,True,False
9071,297.1,0.452,43.336662390267165,1.427,645.004,0,False,True
9072,297.0,0.54,57.29108910358396,1.429,771.66,0,False,True
9073,297.2,0.272,52.00854751942448,1.77,481.44,0,False,False
9074,297.2,0.312,58.38290620940205,1.689,526.968,0,False,False
9075,297.2,0.413,56.4586013879531,1.554,641.802,0,True,False
9076,297.3,0.36,67.22390129899418,1.506,542.16,0,False,False
9077,297.2,0.44299999999999995,81.85947744379273,1.474,652.982,0,False,True
9078,297.3,0.261,40.393216922212126,1.762,459.88200000000006,0,False,True
9079,297.3,0.35700000000000004,39.96300746545975,1.566,559.062,0,False,False
9080,297.3,0.424,77.64030555454511,1.554,658.896,1,True,False
9081,297.2,0.254,60.31983523262296,1.869,474.726,0,True,False
9082,297.3,0.35100000000000003,73.32025117842211,1.527,535.9770000000001,0,False,False
9083,297.2,0.496,45.77109518036407,1.309,649.264,1,True,False
9084,297.2,0.35700000000000004,76.44312865837759,1.541,550.1370000000001,0,False,True
9085,297.2,0.754,81.1923312096348,1.326,999.8040000000001,0,True,False
9086,297.1,0.54,66.77415077732441,1.365,737.1,0,True,False
9087,297.1,0.43700000000000006,40.29395107369011,1.428,624.0360000000001,1,True,False
9088,297.1,0.276,79.76474070781694,1.681,463.9560000000001,0,False,True
9089,297.1,0.26899999999999996,74.62438636850356,1.662,447.078,0,True,False
9090,297.2,0.203,72.5438888257245,1.989,403.76700000000005,0,False,False
9091,297.2,0.29,36.83640944529578,1.747,506.63,0,False,False
9092,297.2,0.311,74.94812626284856,1.765,548.915,1,True,False
9093,297.3,0.344,41.89755052341785,1.568,539.3919999999999,0,False,False
9094,297.3,0.306,46.11930880984442,1.709,522.9540000000001,1,False,False
9095,297.3,0.588,63.85674174346288,1.37,805.56,0,False,False
9096,297.3,0.457,48.24903864584415,1.458,666.306,0,False,True
9097,297.2,0.309,68.06741031559599,1.712,529.0079999999999,1,True,False
9098,297.3,0.369,65.40352238495407,1.642,605.8979999999999,0,True,False
9099,297.3,0.498,40.407479900663134,1.468,731.064,0,False,True
9100,297.3,0.523,67.80072897957533,1.477,772.4709999999999,0,True,False
9101,297.3,0.535,81.19774549124651,1.446,773.61,0,False,False
9102,297.3,0.314,43.05549525929166,1.653,519.0419999999999,0,False,True
9103,297.3,0.382,64.85310104714438,1.494,570.7080000000001,1,True,False
9104,297.3,0.41,52.093268596834704,1.49,610.9,0,False,False
9105,297.4,0.478,57.9805835886802,1.55,740.9,1,True,False
9106,297.3,0.349,49.350008953948496,1.677,585.2729999999999,0,True,False
9107,297.4,0.218,52.706531817384764,1.854,404.172,0,True,False
9108,297.5,0.303,36.44559116332786,1.662,503.586,0,False,True
9109,297.5,0.38799999999999996,84.07758689586103,1.44,558.7199999999999,0,True,False
9110,297.5,0.397,66.23999610363741,1.513,600.6610000000001,0,False,False
9111,297.6,0.49,60.03527952469426,1.389,680.61,0,False,True
9112,297.6,0.51,54.185767475016334,1.351,689.01,0,False,False
9113,297.6,0.38299999999999995,61.96872794120138,1.482,567.606,0,False,False
9114,297.6,0.285,54.0052999357902,1.744,497.04,0,False,False
9115,297.6,0.39,52.995396374683665,1.476,575.64,0,True,False
9116,297.6,0.48200000000000004,58.19732708610066,1.444,696.008,0,False,False
9117,297.6,0.321,48.79915168355954,1.659,532.539,0,False,False
9118,297.6,0.466,44.00249499833927,1.475,687.35,0,False,True
9119,297.6,0.42100000000000004,62.830294909014675,1.526,642.446,0,False,True
9120,297.4,0.295,77.13827180751505,1.675,494.125,0,False,True
9121,297.4,0.387,42.64140888629461,1.525,590.1750000000001,0,False,True
9122,297.3,0.45899999999999996,36.63671703021093,1.396,640.764,0,False,False
9123,297.4,0.41200000000000003,47.340587257701806,1.58,650.96,0,False,False
9124,297.4,0.428,83.98603217269054,1.462,625.736,1,False,True
9125,297.4,0.504,76.43790368716697,1.426,718.704,0,True,False
9126,297.4,0.342,64.79330267642983,1.569,536.5980000000001,1,False,True
9127,297.4,0.40700000000000003,81.46244576215679,1.477,601.139,0,False,False
9128,297.4,0.272,57.26395584186223,1.761,478.99199999999996,0,False,False
9129,297.5,0.45899999999999996,84.1640301287587,1.486,682.074,0,False,False
9130,297.6,0.301,49.815102255964206,1.664,500.86400000000003,0,False,True
9131,297.6,0.327,47.01528747579695,1.576,515.3520000000001,1,True,False
9132,297.6,0.467,66.90241005735055,1.463,683.221,1,False,False
9133,297.6,0.42,53.90769839751802,1.585,665.7,1,False,False
9134,297.7,0.457,66.3182770988129,1.479,675.903,1,True,False
9135,297.7,0.402,50.24977591513429,1.449,582.498,0,False,True
9136,297.7,0.503,65.89591284189956,1.404,706.212,0,False,False
9137,297.7,0.29100000000000004,48.78731302925182,1.694,492.954,0,False,False
9138,297.7,0.284,37.5486034409445,1.731,491.6039999999999,0,True,False
9139,297.6,0.37,80.60679509615917,1.522,563.14,0,False,False
9140,297.5,0.369,79.16026009367312,1.536,566.784,0,False,False
9141,297.5,0.39899999999999997,83.5399074636336,1.373,547.827,1,False,False
9142,297.5,0.364,70.82635881107024,1.597,581.308,0,True,False
9143,297.6,0.342,69.13605888676514,1.678,573.8760000000001,0,False,True
9144,297.6,0.426,62.95015350374153,1.452,618.552,0,False,False
9145,297.5,0.41600000000000004,41.29712081762614,1.447,601.952,0,False,False
9146,297.6,0.371,44.4617655474635,1.574,583.9540000000001,1,False,False
9147,297.6,0.4,49.47348443362681,1.528,611.2,0,True,False
9148,297.7,0.272,79.50781812866973,1.688,459.13599999999997,1,False,False
9149,297.6,0.40399999999999997,43.648476230153754,1.393,562.7719999999999,0,False,False
9150,297.5,0.505,81.14365872439453,1.429,721.645,0,False,False
9151,297.5,0.57,61.13928665257086,1.347,767.79,1,False,False
9152,297.6,0.405,70.77848177365361,1.553,628.965,0,False,False
9153,297.5,0.536,40.512224334028325,1.26,675.36,0,True,False
9154,297.5,0.33799999999999997,48.45167743879554,1.546,522.548,0,False,False
9155,297.5,0.36,82.92593040907131,1.596,574.56,0,True,False
9156,297.5,0.574,48.30749734648657,1.34,769.16,0,True,False
9157,297.5,0.5479999999999999,49.82608601955731,1.369,750.212,0,False,True
9158,297.5,0.523,44.87986924205397,1.462,764.6259999999999,1,False,False
9159,297.4,0.462,41.453683265341475,1.487,686.9940000000001,0,False,False
9160,297.5,0.355,46.6628820726999,1.51,536.05,0,False,False
9161,297.5,0.28,67.11634459753992,1.671,467.88,1,False,True
9162,297.5,0.3,57.76838667517818,1.612,483.6,1,False,False
9163,297.6,0.397,62.68779181689493,1.509,599.073,0,False,True
9164,297.6,0.473,41.11824143830121,1.415,669.295,0,True,False
9165,297.6,0.14400000000000002,75.105822358145,2.384,343.296,0,False,True
9166,297.6,0.624,74.2047350289924,1.326,827.424,0,False,True
9167,297.6,0.534,36.07949555713377,1.39,742.26,0,False,True
9168,297.6,0.41200000000000003,54.17575472551525,1.392,573.504,0,True,False
9169,297.6,0.444,38.43853009855739,1.385,614.94,0,True,False
9170,297.7,0.245,74.6052889707479,1.896,464.52,0,True,False
9171,297.7,0.46799999999999997,71.86348415628521,1.474,689.832,0,True,False
9172,297.7,0.456,80.0994047146578,1.388,632.928,0,False,True
9173,297.7,0.272,46.82019794765573,1.715,466.48,0,True,False
9174,297.8,0.322,57.814794156389944,1.65,531.3000000000001,0,True,False
9175,297.8,0.256,44.224393858219884,1.871,478.97600000000006,0,True,False
9176,297.8,0.642,53.56174672370597,1.403,900.7260000000001,0,True,False
9177,297.8,0.40399999999999997,61.1121625783442,1.518,613.2719999999999,0,True,False
9178,297.9,0.43,37.66653949192945,1.504,646.72,0,False,True
9179,297.8,0.569,70.74352053386926,1.34,762.46,0,False,False
9180,297.9,0.447,62.16466801855376,1.435,641.445,0,True,False
9181,297.9,0.369,76.44795086053367,1.507,556.083,0,False,False
9182,297.9,0.361,48.58902505955986,1.521,549.081,1,False,False
9183,297.8,0.45,80.16605526346272,1.576,709.2,0,True,False
9184,297.9,0.366,84.93471265152218,1.543,564.738,0,False,False
9185,298.0,0.366,80.96492191888373,1.665,609.39,0,False,False
9186,297.9,0.503,73.89462379165771,1.442,725.3259999999999,0,False,False
9187,297.9,0.29,75.61844014368904,1.629,472.41,0,False,False
9188,297.9,0.473,63.68721212722932,1.379,652.2669999999999,0,True,False
9189,297.9,0.402,44.507693145630526,1.502,603.804,0,False,True
9190,297.9,0.32,68.85203425738587,1.595,510.4,0,False,True
9191,298.0,0.385,70.63765010299657,1.439,554.015,0,False,True
9192,297.9,0.21600000000000003,84.26925701339528,1.97,425.52,0,True,False
9193,297.9,0.358,62.06506581281609,1.562,559.196,0,False,True
9194,297.9,0.409,48.56845075125282,1.53,625.77,0,False,True
9195,297.9,0.406,69.18362608697534,1.393,565.558,0,False,True
9196,297.9,0.376,83.96879098332272,1.532,576.032,0,True,False
9197,298.0,0.377,43.8606954134547,1.607,605.839,1,False,False
9198,297.9,0.49,51.29989592678014,1.469,719.81,0,False,True
9199,297.9,0.376,62.09404768863405,1.538,578.288,0,False,False
9200,297.9,0.314,43.51073174410024,1.613,506.48199999999997,0,False,False
9201,297.9,0.321,36.111031975996916,1.602,514.2420000000001,0,False,True
9202,297.8,0.442,51.84915612206253,1.404,620.568,0,False,False
9203,297.8,0.369,78.2685400750529,1.548,571.212,0,False,False
9204,297.8,0.35200000000000004,37.17341996618574,1.559,548.768,0,False,False
9205,297.8,0.361,56.446452950845874,1.621,585.181,0,False,True
9206,297.8,0.32899999999999996,73.11003864630413,1.579,519.491,0,True,False
9207,297.9,0.44,82.65912984554427,1.547,680.68,0,False,False
9208,297.9,0.486,84.2737699502216,1.386,673.596,0,False,False
9209,298.0,0.409,56.09846903043709,1.406,575.054,0,False,True
9210,298.0,0.5589999999999999,82.51921471895588,1.393,778.687,0,False,False
9211,297.9,0.139,36.77094866404319,2.456,341.384,0,False,True
9212,298.0,0.491,72.29584689992782,1.409,691.8190000000001,1,False,True
9213,298.0,0.539,67.13730173168065,1.39,749.21,1,True,False
9214,298.0,0.324,47.476092879307615,1.679,543.996,1,False,False
9215,298.0,0.371,60.36592503398245,1.508,559.4680000000001,0,True,False
9216,297.9,0.317,41.47768688802478,1.681,532.877,0,True,False
9217,297.7,0.43700000000000006,78.57985754757806,1.469,641.953,0,False,False
9218,297.8,0.496,52.89490427728239,1.421,704.816,0,False,True
9219,297.7,0.502,66.30222352328583,1.354,679.7080000000001,0,False,True
9220,297.7,0.57,42.938814314363114,1.35,769.5,0,True,False
9221,297.8,0.581,45.30824223156036,1.282,744.842,0,True,False
9222,297.8,0.3,84.5978185401576,1.675,502.5,0,False,False
9223,297.9,0.385,72.65431972206648,1.525,587.125,0,False,False
9224,297.9,0.439,83.09859348870354,1.382,606.698,0,True,False
9225,297.9,0.46799999999999997,49.792558260602206,1.45,678.6,0,False,True
9226,298.0,0.23600000000000002,43.228143830991016,1.82,429.52,0,False,True
9227,298.0,0.235,60.15342317394155,1.822,428.17,0,False,False
9228,298.0,0.44299999999999995,59.73341411136717,1.473,652.539,0,False,True
9229,298.1,0.375,43.74732568789939,1.572,589.5,0,True,False
9230,298.1,0.17800000000000002,71.66097847907051,2.042,363.476,0,False,False
9231,298.2,0.226,53.0888767219367,1.922,434.37200000000007,0,False,False
9232,298.2,0.365,44.31826154652586,1.539,561.735,0,True,False
9233,298.2,0.52,51.59916972716442,1.35,702.0,0,False,True
9234,298.3,0.451,63.18293498175076,1.403,632.753,1,False,False
9235,298.3,0.203,71.32354660902216,1.904,386.51200000000006,0,False,False
9236,298.2,0.35200000000000004,59.094544302874226,1.592,560.384,0,True,False
9237,298.1,0.316,61.27974949141867,1.556,491.6960000000001,0,True,False
9238,298.1,0.254,41.94729679713742,1.811,459.9939999999999,0,True,False
9239,298.2,0.41200000000000003,80.73454623541161,1.456,599.8720000000001,0,False,False
9240,298.2,0.519,81.43620989960222,1.436,745.284,0,False,False
9241,298.1,0.496,69.17132952090019,1.362,675.552,0,True,False
9242,298.1,0.29100000000000004,35.88157044670123,1.683,489.75300000000004,0,False,False
9243,298.2,0.609,61.85371079516631,1.269,772.8209999999999,0,False,False
9244,298.3,0.49,66.46094860443068,1.454,712.46,0,False,False
9245,298.3,0.273,84.73271114790549,1.767,482.39099999999996,0,False,False
9246,298.3,0.273,84.80334775973984,1.708,466.284,1,False,True
9247,298.3,0.27,77.88056176627788,1.862,502.74,0,False,False
9248,298.3,0.307,38.191549601305674,1.695,520.365,0,False,False
9249,298.3,0.406,82.6638195389365,1.488,604.128,0,True,False
9250,298.3,0.322,65.63306235759995,1.657,533.554,0,True,False
9251,298.3,0.259,75.04433852395897,1.823,472.157,0,True,False
9252,298.2,0.28800000000000003,55.35964248429268,1.651,475.48800000000006,1,False,False
9253,298.1,0.361,50.98347356172949,1.533,553.413,0,True,False
9254,298.2,0.405,58.1622072741904,1.508,610.74,0,True,False
9255,298.3,0.311,42.34372564844135,1.616,502.5760000000001,1,False,True
9256,298.2,0.315,52.8533069376653,1.651,520.065,1,True,False
9257,298.2,0.35200000000000004,77.88087498841392,1.569,552.288,0,True,False
9258,298.3,0.5870000000000001,36.89752431304407,1.296,760.752,0,True,False
9259,298.3,0.43200000000000005,42.54390234123022,1.379,595.7280000000001,0,False,True
9260,298.2,0.28,41.25580798247427,1.694,474.32,0,True,False
9261,298.2,0.578,55.1537771350114,1.377,795.906,1,False,False
9262,298.3,0.384,84.84934504454309,1.47,564.48,0,False,False
9263,298.3,0.47,43.667896510569136,1.404,659.88,0,False,False
9264,298.3,0.401,42.27413247996301,1.593,638.793,0,False,False
9265,298.3,0.369,80.75278648880771,1.526,563.094,0,False,True
9266,298.3,0.49700000000000005,79.10252584829828,1.39,690.83,0,True,False
9267,298.2,0.255,36.61201849982772,1.737,442.935,0,True,False
9268,298.2,0.573,72.58529800896575,1.362,780.4259999999999,0,True,False
9269,298.2,0.315,67.77328507382148,1.666,524.79,0,True,False
9270,298.2,0.609,73.38704049263545,1.354,824.5859999999999,0,True,False
9271,298.2,0.604,59.725122739796106,1.302,786.408,0,True,False
9272,298.2,0.205,84.56896092241479,1.991,408.155,0,False,False
9273,298.2,0.541,37.19235093554816,1.353,731.9730000000001,0,False,False
9274,298.2,0.35700000000000004,46.71857932019029,1.52,542.6400000000001,0,True,False
9275,298.2,0.5489999999999999,54.827299348680754,1.428,783.972,0,False,False
9276,298.2,0.294,57.48889707828516,1.605,471.87,0,True,False
9277,298.1,0.303,81.06837013497594,1.691,512.373,0,True,False
9278,298.2,0.484,63.00021820386294,1.447,700.3480000000001,0,False,False
9279,298.2,0.39899999999999997,37.25554977601969,1.606,640.794,0,True,False
9280,298.2,0.282,55.393148171283094,1.645,463.89,0,True,False
9281,298.2,0.433,55.82452061845349,1.47,636.5099999999999,0,False,False
9282,298.2,0.45,83.27454692188924,1.336,601.2,0,False,True
9283,298.2,0.44299999999999995,64.9598545510554,1.414,626.4019999999999,1,False,False
9284,298.3,0.275,66.78255355794694,1.802,495.55,0,True,False
9285,298.2,0.317,70.66265156256354,1.683,533.511,0,False,True
9286,298.2,0.47600000000000003,73.50196578410616,1.41,671.16,0,False,False
9287,298.2,0.32,66.75255351012446,1.605,513.6,0,False,False
9288,298.2,0.281,46.85971755669678,1.709,480.22900000000004,0,False,True
9289,298.2,0.531,78.7022957170582,1.444,766.7640000000001,0,False,False
9290,298.2,0.45,71.60599002053151,1.367,615.15,0,True,False
9291,298.2,0.442,72.0935242548478,1.418,626.7560000000001,0,False,False
9292,298.2,0.578,84.82783696173746,1.353,782.034,0,False,False
9293,298.2,0.341,75.1263267431658,1.643,560.263,0,False,False
9294,298.3,0.38,76.45757015775766,1.437,546.06,1,False,False
9295,298.1,0.36200000000000004,82.57027578550792,1.437,520.194,0,False,True
9296,298.2,0.479,42.55669999244469,1.413,676.827,0,False,True
9297,298.2,0.391,59.886368823903396,1.524,595.884,0,False,True
9298,298.1,0.434,64.02835117953938,1.479,641.886,0,False,True
9299,298.1,0.506,51.46378646112288,1.313,664.378,0,False,True
9300,298.1,0.504,76.97016719472528,1.335,672.84,0,True,False
9301,298.1,0.419,73.12098108228616,1.367,572.7729999999999,0,True,False
9302,298.1,0.503,71.0441537254062,1.459,733.877,0,False,False
9303,298.1,0.251,84.85747198790834,1.804,452.80400000000003,0,False,True
9304,298.2,0.38299999999999995,47.969068670419524,1.491,571.053,0,False,False
9305,298.3,0.43,71.77286258377106,1.537,660.91,0,False,False
9306,298.3,0.302,62.57022374529503,1.646,497.092,0,True,False
9307,298.3,0.28300000000000003,50.649459124693806,1.783,504.589,0,True,False
9308,298.3,0.498,43.02934353615629,1.395,694.71,0,False,False
9309,298.4,0.48,79.79419185337736,1.423,683.04,1,True,False
9310,298.3,0.376,64.77277413539227,1.562,587.312,0,True,False
9311,298.4,0.408,76.24669188203973,1.549,631.992,0,True,False
9312,298.4,0.43200000000000005,62.267249200077245,1.54,665.28,0,True,False
9313,298.5,0.336,45.998854032700976,1.573,528.528,0,False,False
9314,298.5,0.451,51.87744065501626,1.418,639.518,0,True,False
9315,298.5,0.337,54.07694212367733,1.565,527.4050000000001,0,False,False
9316,298.5,0.41,83.64674062518512,1.569,643.29,0,True,False
9317,298.5,0.41200000000000003,35.281663919069125,1.417,583.804,0,False,True
9318,298.5,0.381,84.28330115122534,1.48,563.88,0,True,False
9319,298.5,0.445,84.02308175549153,1.364,606.98,0,False,False
9320,298.5,0.215,84.80753952650683,1.911,410.865,0,False,False
9321,298.4,0.431,58.82940894598173,1.409,607.279,0,True,False
9322,298.4,0.535,83.19044848104997,1.335,714.225,0,False,True
9323,298.5,0.381,54.77995909249137,1.512,576.072,0,False,False
9324,298.6,0.402,36.314722033419336,1.447,581.694,1,False,False
9325,298.6,0.376,46.21735931858822,1.537,577.912,0,True,False
9326,298.6,0.408,82.26481224686924,1.51,616.0799999999999,0,False,True
9327,298.6,0.312,35.68823466677,1.677,523.224,0,False,True
9328,298.5,0.337,62.29970677114875,1.504,506.848,0,True,False
9329,298.5,0.19,38.78007944473395,2.051,389.69,1,True,False
9330,298.5,0.413,49.31982892137893,1.474,608.762,0,False,True
9331,298.4,0.361,39.404642535594334,1.507,544.027,0,False,False
9332,298.4,0.379,77.97643105565282,1.496,566.984,0,False,True
9333,298.5,0.22,64.55353548238529,1.921,422.62,0,False,False
9334,298.5,0.405,80.10532328591565,1.45,587.25,0,False,False
9335,298.4,0.44799999999999995,69.41765997701143,1.402,628.096,0,True,False
9336,298.4,0.5,83.55145656225498,1.501,750.5,0,True,False
9337,298.5,0.319,60.49388273802033,1.725,550.275,0,False,False
9338,298.5,0.40299999999999997,66.93552908814372,1.5,604.4999999999999,0,False,True
9339,298.5,0.308,63.81544099445283,1.531,471.548,1,True,False
9340,298.5,0.44799999999999995,59.21302147233064,1.458,653.184,0,False,False
9341,298.4,0.371,77.29796827115064,1.577,585.067,0,False,False
9342,298.3,0.461,67.22625678351801,1.363,628.3430000000001,1,False,False
9343,298.3,0.318,75.06561324277364,1.706,542.508,0,False,True
9344,298.3,0.504,74.31819683012066,1.391,701.064,0,False,True
9345,298.2,0.337,44.55225803276477,1.616,544.5920000000001,0,True,False
9346,298.2,0.47,67.50817662588219,1.442,677.74,0,False,True
9347,298.2,0.40399999999999997,44.98240095906671,1.626,656.904,0,False,True
9348,298.2,0.426,64.16602391218854,1.426,607.476,0,False,True
9349,298.2,0.491,68.87173422231503,1.436,705.076,0,False,False
9350,298.2,0.36200000000000004,84.86175357937934,1.599,578.8380000000001,0,False,True
9351,298.2,0.17800000000000002,36.527098907486916,2.186,389.108,0,True,False
9352,298.3,0.304,39.562119705686044,1.645,500.08,0,True,False
9353,298.2,0.27899999999999997,38.851334818561575,1.78,496.62,0,False,True
9354,298.2,0.44299999999999995,54.918064313337,1.345,595.8349999999999,0,True,False
9355,298.2,0.319,76.07941807429069,1.607,512.6329999999999,0,True,False
9356,298.3,0.28,77.20281663935678,1.708,478.24,1,False,True
9357,298.3,0.527,71.84897978605758,1.27,669.29,0,False,True
9358,298.3,0.254,79.84391209149739,1.646,418.08399999999995,0,True,False
9359,298.2,0.451,51.14299720847262,1.407,634.557,0,False,True
9360,298.1,0.474,39.40773221261496,1.581,749.3939999999999,0,False,False
9361,298.0,0.426,37.90765139949251,1.532,652.6320000000001,0,False,False
9362,298.0,0.331,77.60663598096932,1.61,532.91,0,False,True
9363,298.0,0.33,71.52181471768456,1.682,555.06,0,False,False
9364,297.9,0.34299999999999997,69.93076530055605,1.519,521.0169999999999,1,True,False
9365,297.9,0.285,51.98381692728344,1.683,479.655,0,True,False
9366,298.0,0.5579999999999999,53.99525943091131,1.254,699.732,0,False,False
9367,298.0,0.48,82.90567644496596,1.461,701.28,0,False,False
9368,297.9,0.451,38.190237204896754,1.472,663.872,0,False,True
9369,297.7,0.386,73.68658684688964,1.51,582.86,0,False,True
9370,297.7,0.368,50.481666185419655,1.547,569.2959999999999,0,False,False
9371,297.7,0.519,36.95273092062781,1.418,735.942,1,False,True
9372,297.7,0.513,72.1285055371228,1.289,661.257,0,True,False
9373,297.7,0.414,51.54559428391873,1.487,615.6179999999999,0,True,False
9374,297.7,0.455,71.10737593713984,1.453,661.115,0,False,True
9375,297.8,0.447,70.382719155906,1.466,655.302,0,True,False
9376,297.7,0.495,61.739343771655754,1.288,637.56,0,True,False
9377,297.7,0.27699999999999997,73.86865646052743,1.738,481.426,0,False,False
9378,297.7,0.41,64.05191620856218,1.488,610.08,0,False,False
9379,297.6,0.28800000000000003,49.33184264241304,1.816,523.008,0,False,True
9380,297.5,0.485,71.70576505322094,1.419,688.215,1,True,False
9381,297.4,0.457,64.45699079388618,1.435,655.795,0,True,False
9382,297.5,0.424,35.63636408449603,1.48,627.52,0,True,False
9383,297.5,0.336,80.08220888851547,1.61,540.96,1,False,False
9384,297.5,0.382,62.282180916215665,1.548,591.336,1,True,False
9385,297.6,0.574,78.43136327397659,1.379,791.5459999999999,0,False,False
9386,297.5,0.235,79.13684194911224,1.907,448.145,0,False,True
9387,297.5,0.16699999999999998,57.24833283675443,2.033,339.51099999999997,0,False,True
9388,297.4,0.52,60.382999822561544,1.39,722.8,0,True,False
9389,297.5,0.379,55.7877193837801,1.544,585.1759999999999,0,False,False
9390,297.6,0.574,57.471838765402275,1.258,722.092,1,False,False
9391,297.5,0.39,79.75735794858639,1.56,608.4,0,False,True
9392,297.6,0.185,74.40720069839554,2.071,383.135,0,False,True
9393,297.6,0.46299999999999997,41.3262838157789,1.437,665.3309999999999,0,True,False
9394,297.7,0.43,65.5153890770048,1.489,640.27,0,False,False
9395,297.7,0.53,84.79533201931712,1.334,707.02,0,True,False
9396,297.7,0.39899999999999997,64.77753506162429,1.5,598.5,0,True,False
9397,297.8,0.473,74.29358127965529,1.498,708.554,0,True,False
9398,297.7,0.534,73.45307366905854,1.37,731.58,0,False,False
9399,297.7,0.401,52.51587629361643,1.526,611.9259999999999,0,False,False
9400,297.8,0.44799999999999995,53.59246513519794,1.477,661.6959999999999,0,True,False
9401,297.7,0.439,71.20382108952016,1.446,634.794,0,False,False
9402,297.7,0.256,59.99917658024175,1.72,440.32,0,True,False
9403,297.7,0.307,63.5285354565194,1.734,532.338,1,False,False
9404,297.7,0.29100000000000004,70.64528951824188,1.697,493.82700000000006,1,True,False
9405,297.7,0.193,73.8787513519525,2.007,387.351,0,True,False
9406,297.7,0.488,48.57582888665357,1.469,716.872,0,False,False
9407,297.7,0.156,42.33968797184815,2.189,341.48400000000004,0,True,False
9408,297.8,0.501,49.58973233618626,1.435,718.935,1,False,False
9409,297.9,0.345,60.37691625460378,1.637,564.765,0,True,False
9410,298.0,0.28300000000000003,52.107065864851954,1.664,470.91200000000003,0,False,False
9411,298.0,0.31,63.41813794237969,1.666,516.46,0,True,False
9412,298.0,0.466,37.673286206281425,1.404,654.264,0,False,False
9413,298.0,0.267,60.48752058068836,1.702,454.434,0,False,True
9414,298.1,0.449,53.399245346885394,1.439,646.111,0,True,False
9415,298.1,0.539,61.73333774464412,1.354,729.8059999999999,0,False,False
9416,298.2,0.442,56.126667744248834,1.361,601.562,0,True,False
9417,298.1,0.45899999999999996,49.21129253187712,1.463,671.5169999999999,0,False,False
9418,298.1,0.43799999999999994,80.20539527288179,1.515,663.57,0,True,False
9419,298.0,0.462,44.23824942106785,1.432,661.5840000000001,0,False,False
9420,298.0,0.22,69.06827877902799,1.911,420.42,0,False,False
9421,298.0,0.42,81.23223562912071,1.472,618.24,0,False,True
9422,298.1,0.545,61.93349798427165,1.382,753.19,1,False,False
9423,298.1,0.29600000000000004,78.82042442897409,1.665,492.84,0,False,False
9424,298.1,0.305,41.24257392166422,1.676,511.18,0,False,False
9425,298.0,0.33,59.6894385128204,1.585,523.05,0,False,True
9426,298.1,0.46299999999999997,57.85126402404697,1.415,655.145,1,False,True
9427,298.1,0.557,35.40594035184974,1.341,746.937,0,True,False
9428,298.2,0.348,57.16286706796672,1.54,535.92,0,False,True
9429,298.2,0.284,53.451487819129895,1.837,521.708,0,False,False
9430,298.2,0.36,68.48993638873077,1.498,539.28,0,False,True
9431,298.1,0.28800000000000003,81.91648892882593,1.671,481.24800000000005,0,False,True
9432,298.0,0.57,39.289554413101826,1.43,815.1,1,True,False
9433,298.0,0.401,51.373819335731156,1.619,649.219,0,False,False
9434,298.0,0.519,57.2032368697126,1.43,742.17,1,True,False
9435,298.0,0.33299999999999996,57.75926890171917,1.626,541.458,0,True,False
9436,298.0,0.493,73.74048604211268,1.443,711.3989999999999,1,True,False
9437,298.0,0.425,57.16978329167204,1.481,629.425,0,False,False
9438,298.1,0.43,36.35806507268267,1.527,656.61,0,True,False
9439,298.1,0.568,70.50520472964156,1.315,746.92,0,True,False
9440,298.1,0.48200000000000004,79.24148475728359,1.433,690.706,0,False,False
9441,298.1,0.535,60.69523562748364,1.378,737.23,0,True,False
9442,298.1,0.434,64.05542608492527,1.432,621.4879999999999,0,True,False
9443,298.1,0.479,43.146821948452306,1.394,667.7259999999999,0,True,False
9444,298.0,0.5379999999999999,46.03229723394785,1.411,759.118,0,True,False
9445,298.1,0.159,46.75851195623059,2.136,339.624,0,False,False
9446,298.2,0.45799999999999996,56.537098744064764,1.446,662.268,0,True,False
9447,298.1,0.535,81.4072610447821,1.388,742.58,1,False,True
9448,298.1,0.517,61.0892383357443,1.323,683.9910000000001,1,False,False
9449,298.2,0.293,44.60488226006763,1.78,521.54,0,True,False
9450,298.1,0.418,48.30438679344748,1.434,599.4119999999999,0,True,False
9451,298.0,0.426,54.20075148635921,1.494,636.444,0,False,False
9452,298.0,0.396,66.16294878463998,1.536,608.2560000000001,0,False,False
9453,298.0,0.534,57.00165765020027,1.392,743.328,0,True,False
9454,298.2,0.568,54.622242208846245,1.36,772.48,0,True,False
9455,298.4,0.354,63.23643001994974,1.583,560.382,0,False,True
9456,298.5,0.20199999999999999,47.09174974772327,1.983,400.566,0,True,False
9457,298.5,0.33299999999999996,38.94516362922911,1.63,542.79,0,True,False
9458,298.5,0.267,36.22071574111111,1.692,451.764,1,False,True
9459,298.4,0.406,47.56295817335635,1.417,575.302,0,False,False
9460,298.4,0.361,39.57960170722343,1.579,570.019,0,True,False
9461,298.4,0.452,51.81703192603834,1.399,632.3480000000001,0,False,False
9462,298.4,0.46399999999999997,73.64667701798777,1.414,656.0959999999999,0,True,False
9463,298.5,0.401,70.81471652434192,1.57,629.57,0,False,False
9464,298.5,0.368,65.54638113940143,1.552,571.136,0,False,False
9465,298.6,0.48200000000000004,77.62501219397393,1.44,694.08,0,False,True
9466,298.6,0.43799999999999994,49.10338122721383,1.46,639.4799999999999,0,False,True
9467,298.6,0.48,79.25268765149829,1.471,706.08,0,False,True
9468,298.6,0.276,54.96195848345896,1.702,469.75200000000007,0,False,True
9469,298.6,0.5539999999999999,55.04466591333133,1.375,761.75,0,False,False
9470,298.6,0.332,55.26758068127607,1.698,563.7360000000001,0,True,False
9471,298.6,0.47100000000000003,39.90471831204907,1.439,677.7690000000001,0,False,False
9472,298.6,0.275,83.77452491655279,1.774,487.85,0,False,False
9473,298.7,0.483,41.92533889125796,1.375,664.125,0,False,True
9474,298.7,0.4,52.044286223459224,1.446,578.4,0,True,False
9475,298.7,0.46799999999999997,50.965016016337856,1.455,680.94,0,False,True
9476,298.8,0.419,38.733971640835485,1.523,638.137,0,False,True
9477,298.8,0.319,42.61300650559383,1.692,539.7479999999999,0,False,True
9478,298.8,0.33299999999999996,37.24291680926929,1.693,563.7689999999999,0,False,True
9479,298.8,0.24,49.62022467802567,1.89,453.6,0,True,False
9480,298.9,0.335,78.33284620144532,1.6,536.0,0,True,False
9481,298.9,0.43799999999999994,51.972110286869224,1.434,628.092,0,True,False
9482,298.9,0.509,41.18459160336896,1.365,694.785,0,True,False
9483,298.8,0.574,67.28469341919589,1.309,751.3659999999999,0,False,False
9484,298.9,0.353,84.83004560274553,1.546,545.7379999999999,0,False,True
9485,298.9,0.337,46.616189476596375,1.663,560.431,0,False,True
9486,298.9,0.342,48.97855026852847,1.589,543.438,0,False,False
9487,298.9,0.46,83.59235271403944,1.472,677.12,0,True,False
9488,298.9,0.39799999999999996,43.93881437752436,1.583,630.034,1,True,False
9489,298.9,0.345,60.560703372958194,1.567,540.615,0,True,False
9490,298.9,0.419,46.98260665080474,1.407,589.5329999999999,0,True,False
9491,299.0,0.447,81.61759489506218,1.418,633.846,0,False,False
9492,299.0,0.40700000000000003,84.07605072881469,1.489,606.023,0,True,False
9493,299.1,0.366,75.73489230600077,1.586,580.4760000000001,0,True,False
9494,299.1,0.5539999999999999,50.73919079064053,1.398,774.492,0,True,False
9495,299.2,0.414,55.17437376402525,1.516,627.624,0,False,False
9496,299.3,0.44799999999999995,47.115284183321066,1.373,615.1039999999999,0,False,False
9497,299.2,0.504,79.53789835044958,1.349,679.896,0,False,False
9498,299.1,0.40299999999999997,80.72791388440791,1.443,581.529,0,False,False
9499,299.2,0.361,55.94353311230236,1.542,556.662,0,False,True
9500,299.2,0.377,67.82665349515008,1.534,578.318,0,True,False
9501,299.2,0.306,43.27765898873469,1.697,519.282,0,False,False
9502,299.3,0.474,56.74679501817045,1.396,661.704,0,False,False
9503,299.3,0.49200000000000005,66.57495533367488,1.495,735.54,0,False,False
9504,299.2,0.44799999999999995,54.27015592590098,1.551,694.8479999999998,0,False,True
9505,299.2,0.47,52.87997628432299,1.44,676.8,0,True,False
9506,299.2,0.401,35.04994961334713,1.429,573.029,0,False,False
9507,299.3,0.41600000000000004,75.2146731888557,1.548,643.9680000000001,0,True,False
9508,299.3,0.38799999999999996,79.4668806010724,1.505,583.9399999999999,0,False,False
9509,299.2,0.364,83.47317647729162,1.611,586.404,1,True,False
9510,299.2,0.39799999999999996,70.96356925346078,1.502,597.7959999999999,0,True,False
9511,299.2,0.433,62.43961561849423,1.504,651.232,0,False,False
9512,299.1,0.40700000000000003,48.464225990435466,1.449,589.743,0,False,False
9513,299.0,0.37799999999999995,84.96497379817492,1.575,595.3499999999999,1,True,False
9514,299.0,0.33399999999999996,64.48764272660529,1.598,533.732,1,False,False
9515,299.0,0.45899999999999996,69.0577036165223,1.416,649.944,0,False,False
9516,299.0,0.28800000000000003,69.12030809776589,1.682,484.416,0,True,False
9517,298.9,0.545,77.26258978785907,1.341,730.845,0,False,False
9518,298.9,0.391,35.483626942345964,1.523,595.493,0,False,False
9519,299.0,0.419,46.01234702156859,1.58,662.02,1,False,False
9520,299.0,0.36,68.2767000085007,1.531,551.16,0,True,False
9521,299.0,0.489,79.75728684122839,1.375,672.375,0,True,False
9522,298.9,0.40399999999999997,69.2669390960678,1.484,599.536,0,False,False
9523,299.0,0.32299999999999995,55.674564574684005,1.657,535.211,1,False,True
9524,299.0,0.406,53.07777479351308,1.494,606.564,0,False,False
9525,299.0,0.276,71.89740041416601,1.658,457.608,0,True,False
9526,299.1,0.42100000000000004,72.06188485685968,1.411,594.031,0,False,False
9527,299.2,0.5539999999999999,65.35289962528452,1.395,772.83,1,False,True
9528,299.1,0.439,49.57335120486685,1.55,680.45,0,True,False
9529,299.1,0.59,81.25774091952718,1.233,727.47,1,False,True
9530,299.1,0.467,62.593997105931955,1.459,681.3530000000001,0,False,True
9531,299.1,0.536,74.52461781241652,1.405,753.08,0,True,False
9532,299.2,0.441,45.71541310809158,1.458,642.9780000000001,0,False,True
9533,299.2,0.48700000000000004,52.20203943073639,1.384,674.008,0,True,False
9534,299.2,0.295,78.72897581936712,1.705,502.975,0,False,True
9535,299.3,0.457,37.50535149699842,1.443,659.451,0,False,False
9536,299.3,0.314,60.615765562833104,1.609,505.226,0,False,False
9537,299.3,0.26,59.085273992200456,1.818,472.68,0,False,False
9538,299.3,0.42100000000000004,72.56150944540411,1.457,613.397,0,False,True
9539,299.3,0.451,49.09468852996662,1.48,667.48,0,True,False
9540,299.4,0.47700000000000004,45.953341092979976,1.424,679.248,0,False,False
9541,299.4,0.402,81.30664193866168,1.628,654.456,0,True,False
9542,299.5,0.313,63.58548259792324,1.754,549.0020000000001,0,True,False
9543,299.6,0.285,40.234478414182725,1.716,489.06,1,True,False
9544,299.5,0.48700000000000004,44.651808110716054,1.378,671.086,0,False,False
9545,299.6,0.31,84.94130297571242,1.708,529.48,0,True,False
9546,299.6,0.38299999999999995,44.78044981260962,1.43,547.6899999999999,0,True,False
9547,299.7,0.439,65.52377556768394,1.56,684.84,0,True,False
9548,299.6,0.307,56.0064039497809,1.679,515.453,0,True,False
9549,299.6,0.37200000000000005,79.27995474249177,1.521,565.812,0,False,False
9550,299.6,0.33799999999999997,72.75842961476638,1.649,557.362,0,False,True
9551,299.5,0.433,64.84756981309079,1.451,628.2829999999999,0,True,False
9552,299.4,0.489,35.536949089899124,1.391,680.199,0,False,True
9553,299.3,0.409,78.98976037467298,1.523,622.9069999999999,0,False,False
9554,299.3,0.392,57.23337354193581,1.495,586.0400000000001,1,False,False
9555,299.3,0.455,81.57888265092882,1.44,655.2,0,False,False
9556,299.4,0.314,59.77695064271006,1.585,497.69,0,False,True
9557,299.5,0.483,69.71122445913628,1.374,663.6419999999999,0,True,False
9558,299.5,0.402,38.46463247333211,1.507,605.814,0,False,False
9559,299.5,0.34600000000000003,72.2575826763393,1.577,545.642,0,False,False
9560,299.5,0.385,51.89980156559615,1.496,575.96,0,False,False
9561,299.6,0.425,52.56795071658904,1.487,631.975,0,False,True
9562,299.6,0.263,40.9327922354695,1.853,487.339,0,True,False
9563,299.7,0.501,42.34285743201011,1.435,718.935,0,False,False
9564,299.8,0.255,44.28795281031051,1.763,449.565,1,False,False
9565,299.8,0.249,51.41030842857112,1.82,453.18,1,True,False
9566,299.8,0.381,79.59849563878026,1.498,570.738,0,True,False
9567,299.8,0.35100000000000003,53.41301191150403,1.603,562.653,0,False,False
9568,299.8,0.425,71.21813532816091,1.412,600.1,0,False,True
9569,299.8,0.38,39.13737519449357,1.588,603.44,0,False,False
9570,299.8,0.2,64.55493996359962,1.948,389.6,0,False,True
9571,299.7,0.48200000000000004,59.09456156352198,1.384,667.0880000000001,0,False,False
9572,299.7,0.36,83.89789734772523,1.589,572.04,1,True,False
9573,299.7,0.47600000000000003,77.31038849394815,1.405,668.78,0,True,False
9574,299.7,0.401,57.74148862193249,1.491,597.891,0,True,False
9575,299.7,0.466,73.75713820226693,1.418,660.788,0,True,False
9576,299.6,0.354,44.65193706468888,1.603,567.462,0,True,False
9577,299.6,0.233,63.1168163695889,1.922,447.82599999999996,1,False,False
9578,299.5,0.495,38.73095277843541,1.364,675.18,0,False,False
9579,299.4,0.41200000000000003,52.404451612584154,1.551,639.0120000000001,0,True,False
9580,299.5,0.335,46.29310908110851,1.589,532.315,0,True,False
9581,299.5,0.565,70.94549076626055,1.423,803.995,1,True,False
9582,299.4,0.531,59.50453456071807,1.418,752.9580000000001,0,False,False
9583,299.3,0.475,72.55352394240052,1.404,666.9,0,True,False
9584,299.3,0.598,60.76477188157228,1.281,766.038,0,True,False
9585,299.3,0.413,39.324222107581924,1.529,631.477,0,False,True
9586,299.3,0.42100000000000004,71.76838248662634,1.563,658.023,1,False,True
9587,299.4,0.545,76.66146319939028,1.348,734.66,0,True,False
9588,299.3,0.405,80.17656129563963,1.462,592.11,0,False,False
9589,299.3,0.455,63.599597265335404,1.51,687.05,0,True,False
9590,299.2,0.433,72.67926794997476,1.472,637.376,1,False,True
9591,299.2,0.52,72.60221684413136,1.325,689.0,0,False,False
9592,299.2,0.373,42.787487989947216,1.57,585.6099999999999,0,True,False
9593,299.2,0.46799999999999997,43.21103437297854,1.379,645.372,0,False,False
9594,299.1,0.528,38.544275290456305,1.352,713.8559999999999,0,True,False
9595,299.1,0.287,50.99568175701508,1.727,495.649,1,True,False
9596,299.0,0.5,58.67542938705323,1.432,716.0,0,True,False
9597,298.9,0.434,84.89489263771085,1.466,636.244,0,False,False
9598,298.9,0.38,56.54966710340848,1.51,573.8,0,True,False
9599,299.0,0.41100000000000003,71.31212942536854,1.49,612.39,0,True,False
9600,299.0,0.374,69.66985131362674,1.463,547.1619999999999,0,True,False
9601,298.9,0.45299999999999996,45.22409751252898,1.561,707.1329999999999,0,True,False
9602,298.9,0.18,37.92535757247182,2.109,379.62,0,False,True
9603,298.9,0.325,62.30033757667937,1.705,554.125,0,True,False
9604,298.9,0.402,70.01527961572381,1.549,622.698,0,True,False
9605,299.0,0.38,84.9125895093128,1.637,622.06,1,False,False
9606,298.9,0.379,52.93055261405854,1.484,562.436,1,False,True
9607,298.9,0.444,79.81822810405484,1.401,622.044,0,False,True
9608,298.9,0.368,54.09662279345932,1.571,578.1279999999999,0,False,False
9609,298.9,0.415,69.47058542152564,1.513,627.895,0,True,False
9610,299.0,0.40299999999999997,64.9126465258526,1.47,592.41,0,False,False
9611,299.0,0.413,37.648939665129845,1.505,621.5649999999999,0,False,False
9612,299.0,0.42200000000000004,38.91942134851293,1.432,604.304,0,True,False
9613,299.0,0.318,36.03820448622305,1.625,516.75,0,False,True
9614,299.0,0.625,53.54170422969948,1.377,860.625,0,True,False
9615,299.1,0.439,72.29005243830053,1.441,632.599,0,False,True
9616,299.0,0.39899999999999997,43.637769699536136,1.564,624.036,0,False,True
9617,298.9,0.373,65.29264841919479,1.58,589.3399999999999,0,False,False
9618,299.0,0.353,49.441389001553894,1.516,535.1479999999999,0,False,True
9619,299.0,0.428,74.8496311989536,1.447,619.316,0,False,False
9620,298.9,0.529,74.91980745014955,1.323,699.867,0,True,False
9621,298.9,0.45899999999999996,73.77072574832118,1.47,674.73,0,False,False
9622,299.0,0.195,61.24167569006884,2.049,399.555,0,True,False
9623,298.9,0.272,49.22833550399258,1.794,487.96799999999996,0,True,False
9624,298.9,0.478,75.47220219393174,1.356,648.168,0,False,False
9625,299.0,0.386,44.305028096962076,1.555,600.23,0,True,False
9626,299.0,0.475,49.487980101432804,1.487,706.325,0,True,False
9627,299.0,0.589,44.19738530803108,1.341,789.8489999999999,0,False,False
9628,298.9,0.366,68.71050801938239,1.487,544.2420000000001,0,False,True
9629,299.0,0.34299999999999997,69.3118014057909,1.569,538.1669999999999,0,True,False
9630,299.0,0.19699999999999998,67.62549963933765,2.053,404.441,1,True,False
9631,299.0,0.358,55.78007334323339,1.583,566.7139999999999,1,True,False
9632,299.0,0.332,40.00855036007166,1.672,555.104,0,False,False
9633,299.0,0.574,80.55847922575106,1.337,767.438,0,True,False
9634,299.1,0.41200000000000003,60.38654820061191,1.421,585.452,0,False,False
9635,299.1,0.527,55.348609745554576,1.425,750.975,0,True,False
9636,299.2,0.332,64.44124466241466,1.609,534.188,1,True,False
9637,299.2,0.413,44.63952179095529,1.507,622.391,0,False,True
9638,299.2,0.389,41.62743895524372,1.463,569.107,0,True,False
9639,299.3,0.449,55.27626107289718,1.393,625.457,0,False,False
9640,299.3,0.268,46.361034704995525,1.725,462.3,0,True,False
9641,299.4,0.361,47.214514726858226,1.514,546.554,0,False,False
9642,299.3,0.539,79.62557438892647,1.365,735.735,1,False,False
9643,299.4,0.46299999999999997,61.537958859291244,1.372,635.236,0,True,False
9644,299.4,0.406,59.17345321616756,1.509,612.654,0,True,False
9645,299.3,0.326,69.47397968642987,1.629,531.054,0,True,False
9646,299.4,0.281,82.57740568383699,1.749,491.469,0,False,False
9647,299.4,0.317,40.6099282235282,1.582,501.494,0,False,True
9648,299.2,0.47,76.67672835546287,1.458,685.26,0,False,False
9649,299.1,0.41200000000000003,64.20095899339229,1.416,583.392,0,False,False
9650,299.1,0.331,42.30826769059186,1.657,548.4670000000001,1,True,False
9651,299.1,0.41100000000000003,49.85746593444958,1.437,590.6070000000001,0,True,False
9652,299.1,0.36,59.11807082323698,1.58,568.8,0,True,False
9653,299.0,0.46299999999999997,69.55885722887115,1.488,688.944,0,True,False
9654,299.0,0.557,47.13035084767261,1.373,764.7610000000001,0,True,False
9655,299.1,0.563,61.74394077337949,1.367,769.6209999999999,0,False,False
9656,299.1,0.495,69.23358137079309,1.431,708.345,0,False,False
9657,299.0,0.33,57.43703754237531,1.623,535.59,1,False,True
9658,299.0,0.396,78.15129805600878,1.484,587.664,0,True,False
9659,299.0,0.345,78.47295514202023,1.548,534.06,0,False,False
9660,298.9,0.619,58.53456088202229,1.287,796.653,0,False,True
9661,298.9,0.431,83.64628552044499,1.392,599.952,0,False,False
9662,299.0,0.449,38.77925462027237,1.458,654.6419999999999,0,True,False
9663,299.1,0.309,35.16811891614683,1.57,485.13,0,True,False
9664,299.1,0.488,54.03341319019595,1.435,700.28,0,True,False
9665,299.1,0.5479999999999999,65.05485306862546,1.317,721.7159999999999,0,True,False
9666,299.2,0.33299999999999996,66.46000787248305,1.61,536.1299999999999,0,False,False
9667,299.1,0.24,58.82228681469143,1.838,441.12,0,True,False
9668,299.2,0.489,41.24416566203231,1.352,661.128,1,True,False
9669,299.1,0.35200000000000004,43.52487608939471,1.619,569.888,1,False,False
9670,299.1,0.311,77.60739919260047,1.619,503.509,0,False,True
9671,299.0,0.307,78.39555658696307,1.69,518.83,0,False,False
9672,299.0,0.441,68.69492689303601,1.412,622.692,1,False,False
9673,299.0,0.315,68.21089861394412,1.744,549.36,0,True,False
9674,299.0,0.354,64.88410640139037,1.593,563.922,0,True,False
9675,299.1,0.29600000000000004,45.146294285099415,1.695,501.72,0,True,False
9676,299.0,0.5720000000000001,56.412535012995164,1.298,742.456,0,False,False
9677,299.0,0.212,69.79473257316894,1.886,399.832,0,False,True
9678,299.0,0.193,61.86261360016694,2.033,392.369,0,True,False
9679,299.1,0.281,35.92901670275496,1.711,480.79100000000005,0,False,False
9680,299.1,0.33399999999999996,82.67784033600492,1.598,533.732,0,True,False
9681,299.1,0.242,77.24080262860717,1.894,458.34799999999996,0,False,False
9682,299.1,0.444,48.02725070548689,1.412,626.928,0,True,False
9683,299.1,0.466,65.8229467583148,1.394,649.604,0,True,False
9684,299.0,0.564,81.16196918640938,1.338,754.632,0,False,True
9685,298.9,0.51,39.80055060568257,1.376,701.76,0,False,False
9686,299.0,0.48100000000000004,60.15147403983503,1.36,654.16,0,False,False
9687,299.1,0.40700000000000003,57.812151292314724,1.486,604.802,0,True,False
9688,299.1,0.316,55.51025026417662,1.649,521.0840000000001,1,True,False
9689,299.1,0.456,76.77943044464625,1.367,623.3520000000001,0,True,False
9690,299.0,0.595,54.03230733487287,1.362,810.39,0,False,True
9691,298.9,0.35600000000000004,38.18316666205038,1.52,541.12,1,False,True
9692,299.0,0.319,38.29188710821512,1.582,504.65799999999996,0,False,False
9693,299.0,0.3,37.13723032623045,1.667,500.1,0,True,False
9694,298.9,0.28800000000000003,55.45727109370186,1.693,487.584,0,False,True
9695,298.9,0.33399999999999996,70.92031388491799,1.559,520.706,0,False,False
9696,298.9,0.32,45.186123096525776,1.592,509.44,0,False,False
9697,298.9,0.39799999999999996,67.32342602157748,1.404,558.7919999999999,0,True,False
9698,298.8,0.455,69.35442360518522,1.413,642.915,0,False,False
9699,298.8,0.282,47.7601062007799,1.663,468.966,1,False,False
9700,298.8,0.363,65.02788280303146,1.508,547.404,0,False,True
9701,298.9,0.537,69.24341700134237,1.353,726.561,0,False,True
9702,298.8,0.424,58.330681140106286,1.485,629.64,0,True,False
9703,298.9,0.312,51.83582986400475,1.633,509.496,0,False,False
9704,298.9,0.436,65.95757757871637,1.422,619.9920000000001,0,False,True
9705,298.9,0.414,83.89235436640286,1.577,652.8779999999999,0,True,False
9706,298.9,0.41100000000000003,56.3420704684489,1.482,609.1020000000001,1,True,False
9707,299.0,0.301,54.586754814256054,1.705,513.205,0,True,False
9708,299.0,0.32899999999999996,58.213345121305665,1.699,558.971,0,False,False
9709,299.0,0.297,38.81091967225241,1.664,494.20799999999997,1,True,False
9710,299.0,0.34600000000000003,62.6581639835695,1.486,514.156,0,False,False
9711,299.1,0.613,51.43486936086318,1.336,818.9680000000001,0,True,False
9712,299.1,0.429,41.07110611656312,1.429,613.0409999999999,0,False,True
9713,299.1,0.484,58.31283705586867,1.456,704.704,0,True,False
9714,299.1,0.45,35.16919932869887,1.496,673.2,0,True,False
9715,299.1,0.201,55.08926225813795,1.894,380.694,1,False,False
9716,299.1,0.556,40.28676339632253,1.373,763.388,1,False,False
9717,299.0,0.452,36.214635169989016,1.387,626.924,0,True,False
9718,298.9,0.442,76.2237523122251,1.5,663.0,0,True,False
9719,298.9,0.366,80.81244016413174,1.517,555.2220000000001,0,True,False
9720,298.9,0.562,45.38373241795533,1.309,735.658,0,False,False
9721,298.9,0.545,61.964913191713066,1.357,739.565,0,False,True
9722,298.8,0.406,48.897907856549246,1.49,604.94,0,False,False
9723,298.8,0.21600000000000003,59.67887193360911,1.911,412.77600000000007,0,False,False
9724,298.8,0.336,56.83156604470801,1.599,537.264,0,False,False
9725,298.8,0.19,48.45255275402428,2.098,398.62,1,True,False
9726,298.7,0.27899999999999997,70.01967898176488,1.629,454.491,0,False,True
9727,298.8,0.37200000000000005,41.32454796601271,1.557,579.2040000000001,0,False,True
9728,298.8,0.39399999999999996,37.653639108568356,1.461,575.634,0,True,False
9729,298.8,0.337,73.38377165186395,1.563,526.7310000000001,0,True,False
9730,298.7,0.29,68.29650156103399,1.695,491.55,0,True,False
9731,298.8,0.36700000000000005,59.9263062073199,1.528,560.7760000000001,1,True,False
9732,298.8,0.496,58.38948852362708,1.389,688.9440000000001,0,False,False
9733,298.9,0.174,59.87056897457131,2.231,388.19399999999996,0,False,False
9734,298.9,0.429,56.85120380493365,1.442,618.6179999999999,0,False,True
9735,298.9,0.44299999999999995,54.64461479155896,1.458,645.8939999999999,0,False,False
9736,299.0,0.47700000000000004,59.98453014430602,1.444,688.788,0,False,False
9737,298.9,0.5820000000000001,61.42575855798802,1.348,784.5360000000001,0,False,False
9738,298.9,0.276,69.59511570418104,1.791,494.31600000000003,0,True,False
9739,299.0,0.38,70.56035803670113,1.509,573.42,0,True,False
9740,298.9,0.429,53.881454007007235,1.515,649.935,0,False,False
9741,298.9,0.315,55.67702613717444,1.655,521.325,0,True,False
9742,298.9,0.429,53.68485848681115,1.495,641.355,0,True,False
9743,298.9,0.37200000000000005,61.82678868128552,1.623,603.7560000000001,0,False,True
9744,298.9,0.425,57.66767689570976,1.562,663.85,0,False,False
9745,298.8,0.36200000000000004,79.47982315680969,1.574,569.788,1,True,False
9746,298.8,0.324,69.81806334582363,1.611,521.9639999999999,1,False,False
9747,298.8,0.456,79.93281918772229,1.403,639.768,0,False,True
9748,298.8,0.474,70.45684957797127,1.481,701.9939999999999,0,True,False
9749,298.9,0.41200000000000003,83.5496074261907,1.441,593.692,0,True,False
9750,298.8,0.45399999999999996,66.78683891276346,1.483,673.2819999999999,0,False,True
9751,298.7,0.326,83.17750690815274,1.555,506.93,1,True,False
9752,298.6,0.28800000000000003,42.90849452047131,1.615,465.12,0,True,False
9753,298.6,0.326,37.62388404147019,1.561,508.8860000000001,1,False,False
9754,298.5,0.35100000000000003,63.956259260192965,1.593,559.143,0,False,True
9755,298.5,0.34,84.17466028998874,1.552,527.68,0,True,False
9756,298.5,0.353,55.88026236511984,1.561,551.0329999999999,0,True,False
9757,298.6,0.359,45.60216810964798,1.597,573.323,1,True,False
9758,298.6,0.34,61.0770724596757,1.517,515.78,0,False,True
9759,298.6,0.162,67.43993122894443,2.271,367.902,0,True,False
9760,298.5,0.36700000000000005,50.758934775794444,1.613,591.971,0,False,False
9761,298.5,0.473,70.73846792496298,1.509,713.757,1,False,True
9762,298.6,0.261,83.75572535228629,1.703,444.483,0,True,False
9763,298.6,0.221,79.84815608553085,1.925,425.425,0,False,True
9764,298.6,0.297,49.57926867560976,1.635,485.595,0,False,True
9765,298.5,0.667,51.336184157229916,1.294,863.0980000000001,1,False,True
9766,298.6,0.391,53.57706122247943,1.472,575.552,0,True,False
9767,298.6,0.425,54.72763891968226,1.449,615.825,0,False,False
9768,298.6,0.35,40.01597495966397,1.563,547.05,0,False,True
9769,298.6,0.35700000000000004,73.09814194446446,1.611,575.1270000000001,0,False,True
9770,298.6,0.486,53.26696318053502,1.386,673.596,0,True,False
9771,298.6,0.318,78.99099883527262,1.584,503.71200000000005,0,False,True
9772,298.7,0.504,81.34703115600544,1.424,717.6959999999999,0,True,False
9773,298.5,0.348,36.22156546538441,1.561,543.228,0,True,False
9774,298.5,0.379,84.4251534964103,1.56,591.24,0,False,False
9775,298.6,0.41,70.50113657500923,1.375,563.75,0,False,True
9776,298.6,0.278,61.01961129964812,1.684,468.15200000000004,1,False,False
9777,298.6,0.541,54.47638041862766,1.397,755.7769999999999,0,False,False
9778,298.6,0.5760000000000001,60.92590663048564,1.387,798.9119999999999,0,False,True
9779,298.7,0.545,51.23123619892222,1.311,714.495,0,True,False
9780,298.8,0.36200000000000004,66.13439068482741,1.509,546.258,0,False,False
9781,298.8,0.467,39.64901382223956,1.477,689.7590000000001,0,True,False
9782,298.8,0.41600000000000004,66.05613014559052,1.441,599.456,1,True,False
9783,298.7,0.47100000000000003,48.7672425069222,1.404,661.2840000000001,0,False,False
9784,298.8,0.446,35.88174145261732,1.466,653.836,0,False,True
9785,298.7,0.488,62.63528830814388,1.435,700.28,0,False,False
9786,298.7,0.298,63.92238779263482,1.697,505.70599999999996,0,False,True
9787,298.7,0.273,56.3284502355768,1.738,474.474,0,True,False
9788,298.6,0.504,38.614311627515846,1.42,715.68,0,True,False
9789,298.5,0.39799999999999996,79.66714764020958,1.535,610.93,0,False,False
9790,298.6,0.284,65.57154036139444,1.715,487.06,0,True,False
9791,298.6,0.43200000000000005,40.78566497844848,1.483,640.6560000000001,1,True,False
9792,298.5,0.375,60.546528829707384,1.521,570.375,0,False,False
9793,298.5,0.36,59.862715797423576,1.573,566.28,0,True,False
9794,298.5,0.467,38.020093439646345,1.414,660.3380000000001,0,True,False
9795,298.5,0.33899999999999997,65.34298518014737,1.59,539.01,1,False,False
9796,298.5,0.331,75.41631994607823,1.623,537.2130000000001,0,False,False
9797,298.4,0.309,72.45040271242391,1.694,523.446,1,False,True
9798,298.4,0.335,45.14847070820917,1.597,534.995,0,False,False
9799,298.5,0.447,78.11462647771057,1.471,657.5369999999999,0,False,False
9800,298.5,0.34700000000000003,52.12710828296754,1.551,538.197,0,False,True
9801,298.5,0.503,82.32541891459707,1.421,714.763,0,False,True
9802,298.4,0.456,38.58739821128569,1.496,682.176,0,True,False
9803,298.4,0.192,59.310434425992135,1.984,380.92799999999994,0,True,False
9804,298.4,0.298,64.85621885887745,1.692,504.216,0,False,False
9805,298.4,0.425,47.38250492373024,1.467,623.475,0,False,False
9806,298.4,0.285,73.56900943601138,1.651,470.535,1,False,True
9807,298.3,0.605,66.34478399053586,1.417,857.285,0,False,False
9808,298.2,0.55,35.905471864397775,1.413,777.15,0,False,False
9809,298.2,0.442,65.41842953481179,1.441,636.922,1,False,True
9810,298.2,0.503,59.573911720922325,1.353,680.559,0,False,False
9811,298.1,0.409,44.801460085175385,1.502,614.318,0,True,False
9812,298.2,0.317,84.78741135297648,1.61,510.37,0,False,True
9813,298.2,0.45799999999999996,79.85810974138074,1.411,646.2379999999999,1,True,False
9814,298.3,0.523,49.625384751453176,1.387,725.401,0,False,True
9815,298.3,0.409,62.053546039930815,1.43,584.87,0,False,True
9816,298.4,0.38799999999999996,50.82510699551454,1.576,611.4879999999999,0,False,False
9817,298.5,0.294,73.7747875818039,1.721,505.97399999999993,0,False,False
9818,298.5,0.424,81.51657165982274,1.465,621.16,0,False,False
9819,298.6,0.451,52.941430345719176,1.407,634.557,0,True,False
9820,298.6,0.369,75.27921245718137,1.464,540.216,0,True,False
9821,298.6,0.36700000000000005,59.920377135660246,1.568,575.456,1,False,False
9822,298.6,0.35600000000000004,54.828928065578864,1.667,593.452,0,False,True
9823,298.5,0.609,81.9210926049385,1.36,828.24,0,False,False
9824,298.5,0.43700000000000006,60.52023443595157,1.488,650.2560000000001,0,True,False
9825,298.4,0.39299999999999996,58.370525012873244,1.504,591.072,0,False,False
9826,298.4,0.324,68.62172009811715,1.61,521.64,0,False,True
9827,298.4,0.527,48.06171005091422,1.345,708.815,0,False,False
9828,298.3,0.57,51.23964353941579,1.376,784.32,0,False,False
9829,298.4,0.5,81.60229181193114,1.385,692.5,0,False,True
9830,298.4,0.418,68.92649227184711,1.429,597.322,0,False,False
9831,298.3,0.561,76.33185738855028,1.337,750.057,0,False,False
9832,298.4,0.354,48.55558809677148,1.542,545.8679999999999,1,False,True
9833,298.4,0.177,62.1895094964936,2.118,374.88599999999997,0,True,False
9834,298.3,0.45299999999999996,83.56981334947491,1.386,627.858,0,False,True
9835,298.3,0.327,50.93519495141088,1.632,533.664,0,True,False
9836,298.4,0.369,43.0238238158521,1.545,570.105,0,True,False
9837,298.4,0.536,60.5443004112332,1.39,745.04,0,False,True
9838,298.4,0.506,54.391054436243806,1.355,685.63,0,True,False
9839,298.4,0.455,42.978861639335676,1.425,648.375,1,False,False
9840,298.4,0.512,79.4275691351684,1.491,763.3919999999999,0,False,True
9841,298.3,0.424,84.53619552768889,1.486,630.064,0,False,True
9842,298.3,0.514,63.42910903449989,1.359,698.526,0,False,True
9843,298.4,0.47600000000000003,73.73383841867269,1.395,664.02,0,True,False
9844,298.3,0.521,77.95191847731498,1.383,720.543,0,False,False
9845,298.3,0.37,70.04910030109134,1.484,549.08,0,True,False
9846,298.3,0.474,37.20780245558656,1.421,673.554,0,False,False
9847,298.3,0.588,42.88171158584089,1.339,787.332,0,False,True
9848,298.4,0.461,38.54945955756932,1.362,627.8820000000001,0,True,False
9849,298.5,0.406,35.49398033210283,1.568,636.6080000000001,0,False,False
9850,298.6,0.155,50.299820437861825,2.312,358.36,0,False,False
9851,298.5,0.34600000000000003,54.617798024077985,1.498,518.308,0,False,False
9852,298.5,0.272,47.05148661679628,1.761,478.99199999999996,0,False,True
9853,298.6,0.514,38.23023240431605,1.316,676.424,0,True,False
9854,298.6,0.37799999999999995,61.49315454183388,1.525,576.4499999999999,0,False,False
9855,298.6,0.45299999999999996,48.665965997857086,1.362,616.986,0,False,True
9856,298.7,0.385,74.80185774317812,1.516,583.66,0,False,False
9857,298.6,0.442,35.40263108126406,1.45,640.9000000000001,0,True,False
9858,298.6,0.55,77.12635256438051,1.366,751.3,0,False,False
9859,298.5,0.331,82.73768394729785,1.547,512.057,0,True,False
9860,298.6,0.33899999999999997,70.80675315767849,1.58,535.62,0,True,False
9861,298.7,0.26899999999999996,71.68220326312833,1.755,472.095,0,False,True
9862,298.7,0.248,81.67811558013666,1.8,446.4,0,False,False
9863,298.8,0.45799999999999996,45.453564265017455,1.439,659.062,0,False,True
9864,298.9,0.563,84.72827841042883,1.411,794.393,0,False,True
9865,298.9,0.314,73.6740601689271,1.645,516.53,1,False,False
9866,298.9,0.139,71.32853541638968,2.45,340.55,0,True,False
9867,299.0,0.34,53.05452894976464,1.63,554.2,0,False,False
9868,299.0,0.447,62.28887427028053,1.411,630.7170000000001,0,True,False
9869,298.9,0.354,67.69588941366735,1.526,540.2040000000001,0,False,True
9870,298.9,0.313,66.0171430658608,1.59,497.67,0,True,False
9871,299.0,0.256,70.24923192387904,1.884,482.30400000000003,0,True,False
9872,298.9,0.217,39.11908695392053,1.947,422.499,0,False,False
9873,298.9,0.521,52.78242164158484,1.373,715.3330000000001,0,True,False
9874,298.9,0.365,56.700000829773856,1.616,589.84,0,True,False
9875,298.9,0.441,48.03146489374832,1.449,639.009,0,False,False
9876,298.9,0.506,43.63136351346119,1.363,689.678,1,True,False
9877,298.8,0.551,41.94637399564314,1.461,805.0110000000001,0,True,False
9878,298.8,0.586,53.319169612829256,1.374,805.1640000000001,0,True,False
9879,298.7,0.591,59.67208502812829,1.293,764.163,0,False,False
9880,298.8,0.386,38.14882200733304,1.49,575.14,0,False,False
9881,298.8,0.275,82.32290472952748,1.753,482.075,0,False,False
9882,298.8,0.385,73.26216614303792,1.493,574.805,1,False,False
9883,298.8,0.22,71.54258865927332,1.895,416.9,0,True,False
9884,298.7,0.34299999999999997,43.643026249436346,1.654,567.322,1,False,True
9885,298.7,0.308,65.19003840060945,1.673,515.284,0,True,False
9886,298.8,0.27699999999999997,61.48624734043337,1.613,446.801,0,False,False
9887,298.8,0.223,84.12344228933469,1.903,424.369,0,False,True
9888,298.8,0.447,72.38358850400789,1.368,611.4960000000001,0,False,True
9889,298.8,0.344,63.78809418581156,1.575,541.8,0,True,False
9890,298.8,0.402,77.54063332350611,1.516,609.432,0,True,False
9891,298.8,0.32799999999999996,42.75471354303547,1.645,539.56,1,False,False
9892,298.8,0.48100000000000004,35.76082648454886,1.374,660.8940000000001,0,True,False
9893,298.9,0.486,69.51166667072616,1.407,683.802,0,False,True
9894,298.9,0.5529999999999999,39.91557301186187,1.284,710.052,0,False,False
9895,298.9,0.311,40.771681999175456,1.645,511.595,0,False,False
9896,298.8,0.541,72.23403632122653,1.387,750.367,0,True,False
9897,298.8,0.35100000000000003,48.52674220669945,1.618,567.918,0,False,False
9898,298.8,0.47100000000000003,66.43156077844465,1.357,639.147,0,False,False
9899,298.7,0.44799999999999995,80.87034630463742,1.396,625.4079999999999,0,False,True
9900,298.7,0.314,50.82372658189291,1.586,498.00399999999996,1,True,False
9901,298.7,0.423,45.85720789199594,1.449,612.927,0,True,False
9902,298.7,0.489,40.32814418705259,1.423,695.847,0,True,False
9903,298.7,0.45299999999999996,41.52311807098631,1.402,635.106,0,True,False
9904,298.7,0.457,38.11113476894214,1.437,656.7090000000001,0,False,False
9905,298.6,0.35700000000000004,39.38211894148701,1.537,548.7090000000001,0,False,True
9906,298.7,0.495,56.600229440457696,1.423,704.385,0,True,False
9907,298.6,0.373,51.04325225119848,1.587,591.951,0,False,True
9908,298.6,0.43200000000000005,70.3280407161499,1.487,642.384,0,True,False
9909,298.6,0.47700000000000004,78.5120829123501,1.456,694.512,0,True,False
9910,298.7,0.327,74.23866015711921,1.607,525.489,0,True,False
9911,298.6,0.46,61.53186283328261,1.469,675.74,0,True,False
9912,298.6,0.408,40.12210581163267,1.481,604.2479999999999,0,False,True
9913,298.6,0.588,70.48836419707769,1.327,780.276,0,True,False
9914,298.5,0.306,53.14143623634368,1.589,486.23400000000004,0,False,False
9915,298.5,0.29600000000000004,39.28251969577051,1.67,494.32,0,False,False
9916,298.5,0.28300000000000003,77.12332036063128,1.662,470.346,0,False,True
9917,298.5,0.349,51.91082585912528,1.553,541.997,0,True,False
9918,298.5,0.36,45.912441625578566,1.557,560.52,0,True,False
9919,298.4,0.5670000000000001,78.57260323094215,1.352,766.5840000000001,0,True,False
9920,298.5,0.5870000000000001,80.10669342235025,1.305,766.035,0,False,False
9921,298.5,0.439,51.94854185957799,1.45,636.55,0,True,False
9922,298.5,0.485,52.74007096406867,1.347,653.295,0,False,True
9923,298.6,0.391,63.981426379157206,1.566,612.306,0,False,False
9924,298.5,0.33299999999999996,71.67207469053291,1.615,537.795,1,False,False
9925,298.5,0.544,38.157460095343176,1.384,752.896,0,False,False
9926,298.5,0.473,64.66718285942359,1.367,646.591,0,True,False
9927,298.5,0.20199999999999999,82.64100308917908,1.897,383.194,0,False,False
9928,298.5,0.369,48.10469485899768,1.522,561.6179999999999,1,False,True
9929,298.4,0.27399999999999997,80.44136070484669,1.576,431.82399999999996,0,False,True
9930,298.4,0.392,82.50841703815468,1.479,579.768,1,False,True
9931,298.3,0.455,48.45768204855449,1.452,660.66,0,False,True
9932,298.3,0.469,72.71009329426752,1.432,671.6080000000001,1,True,False
9933,298.3,0.284,46.938750415978,1.663,472.292,1,True,False
9934,298.3,0.324,71.88055808660664,1.597,517.428,0,True,False
9935,298.3,0.44299999999999995,74.8709985644413,1.472,652.096,0,True,False
9936,298.4,0.485,47.360285185532476,1.452,704.22,0,True,False
9937,298.3,0.332,70.79347717916175,1.534,509.288,1,False,False
9938,298.3,0.461,75.60522694320449,1.505,693.805,1,False,False
9939,298.3,0.33899999999999997,52.92894360534559,1.528,517.992,0,False,True
9940,298.3,0.128,43.38513879948635,2.636,337.408,0,False,False
9941,298.3,0.28600000000000003,39.59822836587568,1.722,492.492,0,False,True
9942,298.4,0.44,63.76908518049709,1.395,613.8,0,True,False
9943,298.4,0.508,83.90490596578566,1.375,698.5,0,True,False
9944,298.3,0.26,76.1475160011108,1.766,459.16,0,False,False
9945,298.3,0.478,56.79198194672764,1.399,668.722,1,True,False
9946,298.3,0.37799999999999995,61.831045142747925,1.578,596.4839999999999,0,True,False
9947,298.3,0.42,48.976394270590944,1.502,630.84,0,True,False
9948,298.2,0.366,43.153293368003176,1.529,559.614,0,True,False
9949,298.2,0.251,59.104057911613666,1.804,452.80400000000003,1,False,False
9950,298.2,0.534,58.17507830835926,1.411,753.4739999999999,0,False,False
9951,298.1,0.541,61.096497640188005,1.413,764.433,0,False,False
9952,298.2,0.594,82.64022927819704,1.355,804.87,0,False,False
9953,298.2,0.469,65.19476500723862,1.429,670.2009999999999,0,True,False
9954,298.1,0.353,65.28859183111868,1.565,552.4449999999999,0,True,False
9955,298.1,0.428,41.40123814305384,1.446,618.8879999999999,0,True,False
9956,298.2,0.38799999999999996,84.82444330884101,1.462,567.256,0,True,False
9957,298.2,0.345,73.64224721173343,1.578,544.41,0,False,False
9958,298.1,0.33,78.86016720470025,1.606,529.98,1,False,True
9959,298.1,0.359,55.7150205915497,1.525,547.475,0,False,False
9960,298.1,0.491,60.10640478928124,1.379,677.089,0,True,False
9961,298.2,0.35,61.10419045811382,1.575,551.25,0,False,False
9962,298.2,0.5489999999999999,44.70472696448026,1.399,768.0509999999999,0,False,False
9963,298.2,0.494,69.47445781634786,1.429,705.9259999999999,0,False,False
9964,298.3,0.39899999999999997,80.14883618087283,1.435,572.565,0,False,False
9965,298.3,0.265,43.185290906920955,1.766,467.99,0,False,False
9966,298.3,0.289,39.31591367430823,1.703,492.167,0,False,False
9967,298.3,0.41200000000000003,71.9109452770171,1.507,620.884,0,False,False
9968,298.3,0.324,48.660091583649105,1.609,521.316,1,True,False
9969,298.4,0.324,66.19312708086647,1.605,520.02,0,False,False
9970,298.4,0.5,69.78791689960903,1.491,745.5,0,True,False
9971,298.4,0.247,51.09553817909109,1.891,467.077,0,True,False
9972,298.5,0.446,75.75722987128921,1.563,697.0980000000001,0,False,True
9973,298.6,0.514,62.499449105710845,1.39,714.46,0,False,True
9974,298.5,0.405,78.44997039759014,1.444,584.82,1,True,False
9975,298.6,0.682,73.16467762794738,1.361,928.202,0,False,False
9976,298.6,0.341,78.42878160187269,1.589,541.849,0,True,False
9977,298.6,0.263,36.008069105894705,1.705,448.415,0,False,False
9978,298.6,0.40399999999999997,47.17531303692974,1.422,574.4879999999999,0,False,True
9979,298.6,0.521,39.50039702229693,1.377,717.4169999999999,0,False,True
9980,298.5,0.498,57.10415085946746,1.334,664.332,0,False,False
9981,298.6,0.366,79.49800608076592,1.559,570.594,0,True,False
9982,298.7,0.47,58.37701311334346,1.353,635.91,0,False,False
9983,298.7,0.457,77.4856522290197,1.507,688.6990000000001,1,True,False
9984,298.7,0.287,51.35891190096589,1.694,486.17799999999994,0,False,True
9985,298.7,0.428,51.978503640262616,1.432,612.896,0,False,True
9986,298.7,0.35600000000000004,79.77808651634388,1.572,559.6320000000001,0,False,False
9987,298.8,0.423,56.29085732558508,1.507,637.461,0,True,False
9988,298.8,0.371,74.48827438973332,1.5,556.5,0,True,False
9989,298.9,0.24100000000000002,46.83217739409507,1.771,426.81100000000004,0,True,False
9990,298.8,0.332,82.44004148388177,1.577,523.564,0,False,True
9991,298.8,0.36200000000000004,63.72891232652856,1.527,552.774,0,False,False
9992,298.9,0.261,72.9661784289201,1.827,476.84700000000004,0,True,False
9993,298.8,0.392,39.47578498974428,1.484,581.7280000000001,0,False,False
9994,298.8,0.473,59.633211291526436,1.401,662.673,0,False,True
9995,298.8,0.27899999999999997,80.05192488670116,1.634,455.88599999999997,0,True,False
9996,298.8,0.295,78.85193145216522,1.604,473.18,1,False,True
9997,298.9,0.318,37.34069786171138,1.632,518.976,0,False,True
9998,299.0,0.33399999999999996,50.184923456447336,1.645,549.43,0,False,True
9999,299.0,0.485,57.16600032395401,1.408,682.88,0,True,False
10000,299.0,0.402,43.61324071778941,1.5,603.0000000000001,0,True,False
